body_0_x,body_0_y,body_0_z,body_1_x,body_1_y,body_1_z,body_2_x,body_2_y,body_2_z,body_3_x,body_3_y,body_3_z,body_4_x,body_4_y,body_4_z,body_5_x,body_5_y,body_5_z,body_6_x,body_6_y,body_6_z,body_7_x,body_7_y,body_7_z,body_8_x,body_8_y,body_8_z,body_9_x,body_9_y,body_9_z,body_10_x,body_10_y,body_10_z,body_11_x,body_11_y,body_11_z,body_12_x,body_12_y,body_12_z,body_13_x,body_13_y,body_13_z
0.000260,-0.002105,0.789694,-0.115024,-0.009632,0.655729,-0.117755,-0.026761,0.350085,-0.117733,-0.074766,0.036423,0.117850,-0.006252,0.657605,0.105801,-0.012261,0.351712,0.087954,-0.068976,0.040396,-0.000677,-0.003611,0.843807,-0.149116,0.006119,1.073719,-0.183837,0.000683,0.892756,-0.190112,0.067654,0.721367,0.131805,0.007204,1.083226,0.175194,0.000143,0.904186,0.192833,0.058046,0.730665
0.000133,-0.002257,0.789502,-0.115309,-0.009821,0.655675,-0.118215,-0.026786,0.350023,-0.118447,-0.074599,0.036336,0.117574,-0.006905,0.657305,0.105898,-0.010932,0.351367,0.087930,-0.068950,0.040327,-0.000753,-0.003564,0.843621,-0.148930,0.006628,1.073682,-0.183850,0.001236,0.892756,-0.190036,0.068232,0.721384,0.132003,0.006996,1.082897,0.175191,0.000236,0.903796,0.192716,0.058227,0.730312
0.000022,-0.002441,0.789235,-0.115615,-0.009969,0.655573,-0.118122,-0.026728,0.349906,-0.118030,-0.074715,0.036252,0.117279,-0.007677,0.656907,0.106054,-0.009135,0.350934,0.087885,-0.068943,0.040282,-0.000827,-0.003530,0.843358,-0.148985,0.007231,1.073407,-0.183948,0.001542,0.892497,-0.189927,0.068395,0.721073,0.131947,0.006641,1.082639,0.175042,0.000180,0.903506,0.192544,0.058347,0.730094
-0.000058,-0.002691,0.788816,-0.115962,-0.010035,0.655375,-0.118579,-0.026516,0.349694,-0.118708,-0.074862,0.036107,0.116944,-0.008687,0.656317,0.106335,-0.006403,0.350332,0.087815,-0.068971,0.040300,-0.000821,-0.003519,0.842945,-0.148534,0.008009,1.073248,-0.183836,0.001517,0.892431,-0.189593,0.068132,0.720906,0.132407,0.006013,1.081998,0.175173,-0.000133,0.902774,0.192622,0.058428,0.729489
0.000016,-0.002780,0.788298,-0.116186,-0.009492,0.655085,-0.118412,-0.026369,0.349420,-0.118364,-0.075018,0.035894,0.116728,-0.009735,0.655618,0.106753,-0.003521,0.349673,0.087775,-0.068988,0.040330,-0.000691,-0.003424,0.842430,-0.148259,0.009491,1.072760,-0.184074,0.001780,0.892090,-0.189543,0.068072,0.720439,0.132652,0.004894,1.081461,0.175410,-0.000935,0.902226,0.193308,0.058299,0.729218
0.000168,-0.002788,0.787731,-0.116343,-0.008637,0.654747,-0.118305,-0.026198,0.349116,-0.118266,-0.075070,0.035638,0.116567,-0.010801,0.654869,0.106925,-0.000563,0.349029,0.087141,-0.068995,0.040446,-0.000470,-0.003288,0.841865,-0.147726,0.011387,1.072299,-0.184197,0.002040,0.891836,-0.189425,0.067731,0.719954,0.133126,0.003898,1.080789,0.175677,-0.001733,0.901497,0.193909,0.058235,0.728779
0.000572,-0.002271,0.787012,-0.116264,-0.006379,0.654247,-0.117948,-0.026036,0.348737,-0.118128,-0.075157,0.035311,0.116602,-0.011714,0.653942,0.107837,0.001653,0.348205,0.087752,-0.069045,0.040232,0.000013,-0.002814,0.841146,-0.146578,0.014104,1.071867,-0.184273,0.002865,0.891761,-0.189191,0.067997,0.719663,0.134114,0.001775,1.079847,0.176125,-0.003205,0.900408,0.194888,0.058193,0.728250
0.001047,-0.001634,0.786240,-0.116071,-0.003789,0.653679,-0.117830,-0.025558,0.348307,-0.118618,-0.075234,0.034986,0.116693,-0.012690,0.652983,0.108412,0.003796,0.347392,0.087614,-0.069094,0.040062,0.000563,-0.002227,0.840375,-0.145234,0.017459,1.071400,-0.184381,0.004048,0.891751,-0.189068,0.068152,0.719269,0.135185,-0.000169,1.078814,0.176592,-0.004791,0.899225,0.195817,0.057969,0.727617
0.001667,-0.000755,0.785365,-0.115660,-0.000540,0.652975,-0.117134,-0.024504,0.347757,-0.118217,-0.075396,0.034656,0.116904,-0.013796,0.651957,0.109114,0.005789,0.346542,0.087552,-0.069150,0.039852,0.001232,-0.001409,0.839499,-0.143789,0.021429,1.070750,-0.184595,0.005770,0.891652,-0.189093,0.068320,0.718595,0.136176,-0.002397,1.077760,0.177337,-0.006766,0.898108,0.197520,0.057631,0.727218
0.002549,0.000192,0.784355,-0.114964,0.002976,0.652161,-0.116767,-0.022088,0.347022,-0.118714,-0.075425,0.034373,0.117286,-0.015058,0.650786,0.110014,0.008350,0.345632,0.087459,-0.069149,0.039740,0.002195,-0.000466,0.838490,-0.141494,0.026235,1.070187,-0.184694,0.008578,0.891837,-0.189437,0.069031,0.718062,0.137770,-0.004853,1.076353,0.178493,-0.009522,0.896607,0.199526,0.057492,0.726863
0.003562,0.001173,0.783277,-0.114089,0.006627,0.651290,-0.116141,-0.019010,0.346187,-0.118864,-0.075414,0.034133,0.117728,-0.016390,0.649549,0.111113,0.011203,0.344731,0.087563,-0.069090,0.039726,0.003282,0.000540,0.837414,-0.139048,0.031365,1.069469,-0.184815,0.011956,0.891943,-0.189880,0.070062,0.717401,0.139248,-0.007475,1.074957,0.179842,-0.012694,0.895195,0.202277,0.057392,0.726922
0.004646,0.001815,0.781967,-0.113103,0.010116,0.650211,-0.115627,-0.011762,0.344802,-0.119049,-0.075501,0.034275,0.118154,-0.017962,0.648050,0.112283,0.014476,0.343693,0.087419,-0.068959,0.039725,0.004497,0.001260,0.836106,-0.135740,0.036984,1.068756,-0.185320,0.016812,0.892339,-0.192113,0.073444,0.717415,0.141283,-0.010163,1.073040,0.181967,-0.018908,0.893426,0.206439,0.060336,0.729696
0.005718,0.002088,0.780436,-0.111888,0.013089,0.648748,-0.115010,-0.002577,0.342948,-0.119110,-0.075456,0.034585,0.118744,-0.019708,0.646493,0.113713,0.017428,0.342657,0.087475,-0.068827,0.039680,0.005679,0.001642,0.834577,-0.132185,0.042269,1.067854,-0.186293,0.021881,0.892793,-0.195477,0.078283,0.717957,0.143495,-0.012236,1.070786,0.184383,-0.024981,0.891447,0.211275,0.065450,0.734141
0.006769,0.001623,0.778461,-0.110297,0.015022,0.646541,-0.114329,0.010470,0.340373,-0.119097,-0.075156,0.035517,0.119714,-0.021824,0.644807,0.115432,0.019744,0.341533,0.087453,-0.068700,0.039431,0.006795,0.001351,0.832604,-0.128319,0.046935,1.066573,-0.188297,0.026960,0.893381,-0.201140,0.085129,0.719428,0.146225,-0.013066,1.067838,0.187720,-0.030721,0.889047,0.216633,0.074877,0.741954
0.008061,0.000599,0.775944,-0.108069,0.015660,0.643463,-0.113401,0.026028,0.337457,-0.118793,-0.074530,0.037401,0.121546,-0.023499,0.642931,0.117708,0.021476,0.340140,0.087733,-0.068870,0.038884,0.008040,0.000467,0.830089,-0.124820,0.049737,1.064584,-0.191435,0.031126,0.893667,-0.208735,0.095596,0.722416,0.149297,-0.012222,1.064330,0.193106,-0.033046,0.886428,0.223262,0.088721,0.752680
0.009475,-0.000705,0.773157,-0.105536,0.015649,0.640017,-0.112478,0.042767,0.335076,-0.118386,-0.073645,0.041015,0.123810,-0.024953,0.640964,0.120216,0.022932,0.338617,0.088018,-0.069129,0.038208,0.009347,-0.000711,0.827301,-0.121534,0.051676,1.062210,-0.195115,0.034763,0.893980,-0.217310,0.107588,0.726765,0.152523,-0.010568,1.060509,0.199541,-0.033665,0.883705,0.229621,0.103673,0.765923
0.010464,-0.000649,0.770966,-0.103731,0.015820,0.637321,-0.112311,0.058197,0.334183,-0.117722,-0.071409,0.045715,0.125958,-0.022692,0.639352,0.121603,0.024318,0.336877,0.087958,-0.069182,0.037158,0.010142,-0.000941,0.825108,-0.121179,0.050801,1.059855,-0.201081,0.038437,0.894114,-0.227675,0.125819,0.734706,0.154366,-0.004610,1.057837,0.208886,-0.024239,0.882774,0.235034,0.127008,0.782288
0.011481,-0.000089,0.769538,-0.102218,0.016018,0.635651,-0.112797,0.073380,0.335066,-0.116561,-0.068691,0.052436,0.127953,-0.019480,0.638303,0.122468,0.025226,0.335492,0.087841,-0.069225,0.036249,0.011002,-0.000671,0.823675,-0.121618,0.049398,1.057997,-0.206900,0.042744,0.894614,-0.236806,0.144779,0.744782,0.155529,0.002506,1.056223,0.218225,-0.011394,0.883360,0.237465,0.151232,0.800558
0.012553,0.001478,0.769633,-0.101249,0.016245,0.635950,-0.114282,0.088220,0.338633,-0.113934,-0.064997,0.061610,0.129642,-0.014384,0.638369,0.122433,0.025130,0.334863,0.087912,-0.069341,0.035635,0.011987,0.000591,0.823766,-0.123480,0.046762,1.057214,-0.212578,0.048407,0.895749,-0.243597,0.165841,0.757893,0.155434,0.011727,1.056760,0.227396,0.007940,0.887019,0.236148,0.178963,0.820975
0.013078,0.004339,0.770996,-0.101130,0.016852,0.637735,-0.115957,0.102532,0.344168,-0.109046,-0.056850,0.070534,0.130568,-0.007372,0.639533,0.121244,0.024185,0.335136,0.087668,-0.069438,0.035490,0.012438,0.003147,0.825124,-0.126652,0.044303,1.057388,-0.216626,0.055846,0.896830,-0.244253,0.187680,0.771869,0.153583,0.022468,1.059057,0.233327,0.032728,0.893109,0.228789,0.209194,0.842779
0.013328,0.007847,0.772994,-0.101385,0.017623,0.640283,-0.118275,0.116517,0.351020,-0.103821,-0.046323,0.079557,0.131026,0.000598,0.641282,0.119958,0.022782,0.336091,0.088232,-0.069526,0.035763,0.012630,0.006341,0.827114,-0.130340,0.041669,1.058075,-0.220339,0.063948,0.898689,-0.242901,0.208891,0.788055,0.150546,0.033813,1.062282,0.236182,0.060291,0.901144,0.216657,0.239375,0.865871
0.012951,0.012596,0.774344,-0.102197,0.018045,0.642110,-0.118752,0.128137,0.356908,-0.095176,-0.028042,0.082177,0.130811,0.010509,0.642502,0.117273,0.020839,0.336739,0.087599,-0.069444,0.035531,0.012103,0.010876,0.828454,-0.135457,0.040031,1.057581,-0.221063,0.073348,0.897742,-0.229493,0.230850,0.803626,0.145256,0.046558,1.065491,0.233263,0.092337,0.910077,0.195688,0.270656,0.888086
0.012747,0.017773,0.775328,-0.102549,0.018585,0.643471,-0.120368,0.139250,0.362660,-0.087182,-0.007331,0.083670,0.130684,0.021006,0.643526,0.115049,0.018934,0.337640,0.087753,-0.069332,0.035549,0.011719,0.015823,0.829422,-0.140272,0.038598,1.056657,-0.221416,0.082881,0.897200,-0.213617,0.250388,0.822451,0.139413,0.059497,1.068452,0.226794,0.125088,0.919960,0.170181,0.299424,0.910405
0.012891,0.023807,0.775576,-0.102099,0.019421,0.643860,-0.123180,0.149191,0.367363,-0.078853,0.017825,0.082445,0.130907,0.032680,0.644098,0.112869,0.017062,0.338664,0.087691,-0.069373,0.035787,0.011604,0.021610,0.829650,-0.144768,0.038168,1.054808,-0.220164,0.093147,0.895914,-0.191026,0.266705,0.844018,0.133042,0.073082,1.070856,0.215984,0.159089,0.930492,0.139419,0.325883,0.931617
0.012829,0.030625,0.774434,-0.101338,0.021226,0.642550,-0.126739,0.158553,0.370082,-0.070995,0.045770,0.079344,0.130943,0.045267,0.643603,0.110811,0.016495,0.339171,0.087467,-0.069283,0.035933,0.011291,0.028080,0.828482,-0.148602,0.037996,1.051988,-0.218517,0.103579,0.894673,-0.166794,0.277560,0.868605,0.126526,0.086961,1.071615,0.201004,0.192190,0.939899,0.104878,0.348123,0.950829
0.012665,0.037836,0.772596,-0.100306,0.023554,0.640383,-0.130851,0.167507,0.371870,-0.064888,0.075630,0.076053,0.130757,0.058321,0.642622,0.109371,0.016515,0.339691,0.088296,-0.069259,0.036281,0.010894,0.034884,0.826613,-0.151963,0.037865,1.048681,-0.216997,0.114046,0.894125,-0.143041,0.281720,0.895023,0.119681,0.100746,1.071606,0.182642,0.223443,0.949372,0.068247,0.365552,0.968958
0.011208,0.046140,0.768927,-0.100039,0.027739,0.635924,-0.133886,0.176498,0.370410,-0.058775,0.106428,0.070940,0.129450,0.072187,0.640196,0.107378,0.020325,0.338771,0.087805,-0.068958,0.036350,0.009270,0.042734,0.822913,-0.154748,0.036406,1.044523,-0.215945,0.121500,0.893121,-0.125328,0.277933,0.922914,0.112243,0.114922,1.069333,0.159244,0.252414,0.956021,0.029048,0.378623,0.983915
0.009485,0.054936,0.764906,-0.099823,0.032801,0.630983,-0.136419,0.185542,0.368073,-0.055040,0.136837,0.066116,0.127765,0.086374,0.637547,0.105902,0.025415,0.337711,0.088252,-0.068623,0.036705,0.007413,0.051060,0.818859,-0.156917,0.034293,1.040112,-0.216495,0.126412,0.892245,-0.114643,0.267684,0.949110,0.104199,0.129048,1.066712,0.133339,0.278094,0.962393,-0.010224,0.386747,0.997555
0.007226,0.064716,0.760183,-0.099931,0.039537,0.625088,-0.137454,0.194847,0.363792,-0.052762,0.165544,0.060317,0.125587,0.101185,0.634373,0.104481,0.033100,0.335929,0.088494,-0.068122,0.037285,0.005068,0.060350,0.814099,-0.158103,0.031102,1.035164,-0.219316,0.126323,0.889968,-0.114375,0.252213,0.971937,0.095436,0.143554,1.063273,0.104922,0.300153,0.966685,-0.049218,0.390535,1.008159
0.004759,0.074903,0.755807,-0.100457,0.046990,0.619752,-0.138085,0.204479,0.359784,-0.053092,0.188614,0.054959,0.122947,0.115756,0.631280,0.103167,0.042889,0.333797,0.088737,-0.067247,0.038406,0.002589,0.070198,0.809695,-0.157956,0.025978,1.030085,-0.234396,0.110986,0.885768,-0.133215,0.225436,0.987271,0.085183,0.158830,1.060086,0.076908,0.319186,0.969774,-0.086468,0.388446,1.016161
0.002188,0.085294,0.751603,-0.101163,0.054821,0.614698,-0.138532,0.214353,0.355960,-0.054546,0.208995,0.050006,0.120032,0.130197,0.628226,0.101870,0.053735,0.331470,0.089013,-0.066078,0.039988,0.000040,0.080341,0.805471,-0.156173,0.020267,1.024939,-0.251576,0.085267,0.881505,-0.154175,0.188967,0.997577,0.073954,0.174154,1.056970,0.048842,0.335652,0.971981,-0.121332,0.381920,1.022291
-0.000126,0.096474,0.746322,-0.102196,0.064919,0.608849,-0.143543,0.228134,0.353068,-0.054440,0.212855,0.048910,0.117259,0.145103,0.623972,0.101112,0.068099,0.327196,0.089389,-0.065085,0.041808,-0.002203,0.091088,0.800149,-0.151857,0.010928,1.017539,-0.269737,0.046906,0.880708,-0.182916,0.153805,1.002297,0.060306,0.188253,1.053293,0.026586,0.350076,0.972001,-0.148487,0.368294,1.023360
-0.002879,0.106964,0.741023,-0.104018,0.074457,0.603213,-0.149208,0.240818,0.350149,-0.054771,0.215287,0.048345,0.113698,0.159113,0.619323,0.100637,0.086353,0.321286,0.090254,-0.063726,0.044661,-0.004845,0.101179,0.794807,-0.147153,0.003172,1.009620,-0.280133,0.006202,0.882200,-0.201536,0.118044,1.005023,0.045828,0.200656,1.049385,0.007869,0.362844,0.970752,-0.168125,0.352086,1.020964
-0.006511,0.116071,0.735685,-0.107445,0.082827,0.597995,-0.155909,0.251455,0.347056,-0.055100,0.215218,0.048573,0.108673,0.171350,0.613867,0.100391,0.112594,0.312551,0.091076,-0.061039,0.050368,-0.008279,0.109925,0.789423,-0.144449,-0.002893,1.000806,-0.285327,-0.034014,0.886196,-0.217856,0.087791,1.006145,0.030070,0.210461,1.045167,-0.003172,0.374440,0.968148,-0.176029,0.333721,1.013608
-0.012081,0.124017,0.736801,-0.112186,0.090873,0.598192,-0.160317,0.256400,0.345137,-0.055261,0.215789,0.048782,0.101709,0.183802,0.615526,0.099831,0.152501,0.310067,0.093838,-0.051736,0.070263,-0.013684,0.117231,0.790464,-0.145081,-0.005818,0.999342,-0.289738,-0.060777,0.899251,-0.228851,0.068719,1.014437,0.015333,0.217987,1.046579,-0.006320,0.383953,0.969698,-0.173707,0.319308,1.007272
-0.018620,0.131383,0.741145,-0.117572,0.098779,0.601130,-0.163350,0.258512,0.343946,-0.055147,0.216580,0.048969,0.093716,0.196347,0.620975,0.098442,0.199621,0.314039,0.098301,-0.036049,0.103877,-0.020088,0.123832,0.794711,-0.147759,-0.007172,1.001427,-0.293453,-0.081180,0.916160,-0.238797,0.054914,1.026535,0.000852,0.224367,1.050900,-0.005979,0.392285,0.975537,-0.165704,0.306724,1.003580
-0.022442,0.133437,0.744756,-0.118593,0.101421,0.602329,-0.164858,0.258141,0.343405,-0.054988,0.217140,0.048912,0.087802,0.207233,0.627742,0.095658,0.250705,0.324048,0.108661,-0.008012,0.143286,-0.023939,0.124792,0.798174,-0.149821,-0.009756,1.004881,-0.300906,-0.085986,0.931887,-0.239070,0.049129,1.039428,-0.007536,0.226033,1.053324,0.010508,0.392213,0.975946,-0.148185,0.302117,0.994011
-0.025161,0.134796,0.749136,-0.117924,0.103434,0.603990,-0.165168,0.257018,0.343392,-0.054790,0.217507,0.048871,0.082147,0.218631,0.636407,0.088901,0.301357,0.341074,0.120613,0.025999,0.189502,-0.026666,0.124839,0.802335,-0.152354,-0.011554,1.009260,-0.308511,-0.086511,0.946401,-0.238154,0.046774,1.050775,-0.013787,0.226648,1.056661,0.029902,0.388466,0.980220,-0.130096,0.299134,0.987196
-0.025673,0.134762,0.755052,-0.113881,0.104212,0.606554,-0.163220,0.254410,0.344396,-0.054668,0.217541,0.048823,0.077034,0.231003,0.648507,0.075569,0.350698,0.366204,0.136713,0.067863,0.239708,-0.027068,0.123032,0.807885,-0.155177,-0.011972,1.015639,-0.318336,-0.076256,0.959198,-0.234554,0.051727,1.060198,-0.014981,0.225452,1.061573,0.057129,0.377375,0.986280,-0.109642,0.301481,0.979596
-0.023955,0.134218,0.762029,-0.107040,0.105656,0.609865,-0.159597,0.251631,0.345950,-0.054754,0.217713,0.048645,0.073040,0.243298,0.663481,0.056376,0.397438,0.399122,0.155511,0.117824,0.291075,-0.025179,0.120231,0.814278,-0.159011,-0.010871,1.022185,-0.329246,-0.059486,0.971388,-0.229930,0.060499,1.068056,-0.010769,0.221312,1.068429,0.090036,0.357559,0.996053,-0.084382,0.306576,0.972291
-0.021123,0.133419,0.769537,-0.098833,0.107769,0.613733,-0.154339,0.249085,0.347860,-0.053741,0.217967,0.048741,0.069045,0.254820,0.680381,0.031942,0.439224,0.438617,0.171465,0.171422,0.346632,-0.021978,0.116932,0.820990,-0.161506,-0.009062,1.029508,-0.337721,-0.039561,0.985607,-0.222088,0.070238,1.076100,-0.002751,0.215563,1.076255,0.124530,0.330828,1.009239,-0.052271,0.310860,0.965824
-0.017116,0.132990,0.777033,-0.089838,0.112482,0.617806,-0.148394,0.247060,0.349049,-0.053834,0.218008,0.047733,0.066782,0.264841,0.698705,0.008964,0.476394,0.485046,0.190991,0.234743,0.395071,-0.017691,0.113344,0.827302,-0.167259,-0.003921,1.035034,-0.347412,-0.002861,0.997091,-0.220469,0.095763,1.085315,0.010990,0.204275,1.085169,0.161181,0.291324,1.023054,-0.009073,0.316223,0.960862
-0.013802,0.133226,0.784106,-0.081835,0.118706,0.621939,-0.142095,0.246046,0.349977,-0.052941,0.218163,0.046886,0.063929,0.273725,0.717262,-0.014452,0.508190,0.536702,0.203466,0.299140,0.444955,-0.014115,0.110287,0.832909,-0.172372,0.002101,1.040111,-0.350484,0.037494,1.009984,-0.214009,0.125373,1.095280,0.024807,0.190924,1.093619,0.191311,0.246103,1.036689,0.041329,0.314526,0.957803
-0.011870,0.134789,0.790333,-0.075686,0.127368,0.625803,-0.136640,0.246407,0.350190,-0.052477,0.218465,0.045668,0.060792,0.281759,0.735409,-0.034733,0.535865,0.593759,0.212911,0.369008,0.491635,-0.012299,0.108326,0.837316,-0.180439,0.010518,1.042622,-0.346977,0.085517,1.019926,-0.204257,0.163639,1.104372,0.036334,0.174078,1.101299,0.211799,0.194117,1.048054,0.097425,0.303036,0.956570
-0.012517,0.138500,0.795772,-0.072102,0.138251,0.629364,-0.131569,0.247808,0.349465,-0.051788,0.218673,0.043877,0.056393,0.289734,0.752507,-0.050745,0.559664,0.654967,0.215665,0.444439,0.531107,-0.013699,0.108688,0.840750,-0.192062,0.021447,1.042628,-0.331857,0.140141,1.027178,-0.189496,0.213697,1.115835,0.041839,0.155770,1.107967,0.218635,0.142247,1.057007,0.150167,0.279258,0.958373
-0.014452,0.143285,0.800817,-0.069794,0.150268,0.633005,-0.126561,0.249764,0.348763,-0.051061,0.218654,0.042287,0.051334,0.297257,0.769095,-0.064131,0.576811,0.719026,0.212991,0.522269,0.578254,-0.016788,0.110378,0.843615,-0.204185,0.035350,1.042524,-0.301819,0.191244,1.036924,-0.160459,0.264300,1.127062,0.043838,0.137278,1.113070,0.215122,0.091463,1.061979,0.198055,0.241322,0.960561
-0.017336,0.151963,0.807469,-0.068223,0.164771,0.638543,-0.119689,0.251835,0.349221,-0.050566,0.218588,0.041414,0.047769,0.306340,0.785174,-0.067874,0.590240,0.777595,0.197329,0.613455,0.608133,-0.021940,0.116730,0.848287,-0.220437,0.052990,1.039588,-0.273233,0.229270,1.036682,-0.146407,0.317657,1.133844,0.036924,0.118268,1.119733,0.200017,0.048957,1.068258,0.232537,0.196855,0.968070
-0.018904,0.160144,0.814204,-0.065757,0.178259,0.644586,-0.111762,0.252986,0.350905,-0.050287,0.218406,0.041550,0.046523,0.313943,0.800080,-0.067188,0.597379,0.827827,0.169118,0.705933,0.648779,-0.025939,0.123193,0.853150,-0.234491,0.071490,1.036787,-0.239623,0.255418,1.041560,-0.128318,0.362778,1.138101,0.026674,0.101521,1.125253,0.178942,0.011876,1.072017,0.254415,0.144715,0.974229
-0.017837,0.167331,0.821105,-0.061518,0.189648,0.651167,-0.102083,0.252172,0.353864,-0.050424,0.218233,0.042537,0.050005,0.319493,0.812619,-0.059508,0.601573,0.861729,0.120197,0.798435,0.691747,-0.027486,0.129444,0.858515,-0.247242,0.088091,1.031392,-0.207465,0.266680,1.051947,-0.114149,0.397109,1.138157,0.011678,0.087864,1.130729,0.153457,-0.016779,1.075921,0.260901,0.094098,0.981004
-0.014549,0.172784,0.825863,-0.058035,0.199923,0.656694,-0.093244,0.251755,0.356720,-0.049558,0.218322,0.044045,0.056238,0.323729,0.821321,-0.049235,0.605830,0.877855,0.054332,0.873401,0.744321,-0.025788,0.133947,0.861696,-0.252536,0.099949,1.025861,-0.193144,0.272867,1.047955,-0.103474,0.413724,1.120576,0.002440,0.074892,1.132330,0.133807,-0.041982,1.076317,0.261363,0.047396,0.983743
-0.010151,0.177370,0.829551,-0.054928,0.209546,0.661858,-0.086110,0.250995,0.359902,-0.050662,0.217765,0.046114,0.063907,0.327257,0.828027,-0.037715,0.610526,0.885173,-0.020146,0.918086,0.811515,-0.022497,0.137620,0.863786,-0.254156,0.109771,1.020441,-0.186231,0.280283,1.036070,-0.096777,0.425971,1.099115,-0.004178,0.062733,1.131724,0.116272,-0.064824,1.074497,0.257220,0.003510,0.983417
-0.011494,0.181742,0.829469,-0.058543,0.217580,0.663442,-0.085370,0.254216,0.360541,-0.050707,0.219313,0.046835,0.066941,0.329624,0.828930,-0.030698,0.614083,0.886823,-0.068592,0.928017,0.865836,-0.023834,0.141546,0.863226,-0.250167,0.115147,1.026800,-0.187239,0.288185,1.031017,-0.088310,0.421428,1.106197,0.002068,0.060372,1.129170,0.112589,-0.074589,1.068929,0.256362,-0.019941,0.973039
-0.013152,0.185379,0.829057,-0.062380,0.223601,0.664499,-0.085792,0.256138,0.360909,-0.051933,0.219702,0.047284,0.068811,0.331422,0.828634,-0.025801,0.616568,0.888000,-0.099347,0.924218,0.909517,-0.025281,0.144915,0.862633,-0.245971,0.118552,1.032877,-0.193680,0.294883,1.023929,-0.083190,0.410727,1.110801,0.008798,0.060286,1.126898,0.111481,-0.079117,1.062994,0.255042,-0.036037,0.960974
-0.015440,0.187549,0.827983,-0.066748,0.225729,0.664242,-0.086618,0.256510,0.360247,-0.051555,0.219505,0.046823,0.068386,0.332309,0.826202,-0.024942,0.617245,0.888543,-0.105073,0.922327,0.921695,-0.026912,0.147172,0.861986,-0.241312,0.118983,1.038975,-0.210106,0.298640,1.013595,-0.085483,0.388430,1.111288,0.017192,0.064933,1.125521,0.116332,-0.074147,1.055612,0.255513,-0.038062,0.945052
-0.017804,0.188390,0.826229,-0.070536,0.225214,0.662592,-0.089436,0.257841,0.358734,-0.051393,0.219634,0.045815,0.066186,0.332329,0.823034,-0.028054,0.615073,0.893624,-0.088115,0.926181,0.908482,-0.028378,0.148336,0.860991,-0.237360,0.116270,1.042900,-0.232404,0.295397,1.000719,-0.100289,0.361519,1.107057,0.024814,0.073159,1.124959,0.122669,-0.064725,1.051028,0.253919,-0.030092,0.930655
-0.020207,0.188567,0.824134,-0.074036,0.223366,0.660264,-0.093341,0.259811,0.356862,-0.051549,0.220236,0.044612,0.063145,0.331871,0.819524,-0.032697,0.611194,0.901021,-0.056941,0.926975,0.883434,-0.029761,0.149013,0.859820,-0.233504,0.112473,1.045987,-0.257054,0.285539,0.987823,-0.121192,0.328982,1.100976,0.031848,0.083729,1.124590,0.129346,-0.052761,1.047711,0.250470,-0.017598,0.917224
-0.022179,0.189855,0.822435,-0.075178,0.221141,0.657285,-0.097301,0.262641,0.354702,-0.050478,0.220670,0.043510,0.058966,0.333233,0.816662,-0.045043,0.607291,0.906017,-0.011709,0.913940,0.832679,-0.030617,0.151149,0.859346,-0.229315,0.108579,1.048822,-0.281176,0.268351,0.973479,-0.147894,0.311211,1.090101,0.038159,0.101575,1.125753,0.140371,-0.032201,1.050295,0.249706,0.008594,0.911317
-0.024049,0.192066,0.820627,-0.076585,0.219312,0.654373,-0.101861,0.265769,0.352730,-0.049876,0.221154,0.042761,0.054548,0.335841,0.813028,-0.056366,0.605570,0.907439,0.035372,0.882734,0.784298,-0.031269,0.154384,0.858809,-0.224659,0.106583,1.051667,-0.303458,0.246139,0.961046,-0.171931,0.293514,1.078117,0.043345,0.122036,1.126194,0.152096,-0.007417,1.052401,0.249392,0.038607,0.906280
-0.025714,0.196124,0.818602,-0.078487,0.218334,0.651492,-0.107112,0.269837,0.350932,-0.049386,0.222169,0.042476,0.049558,0.341000,0.807865,-0.066217,0.608986,0.901615,0.077640,0.835557,0.733733,-0.031495,0.159673,0.858138,-0.219673,0.106965,1.053986,-0.323265,0.218594,0.950499,-0.194364,0.280999,1.063538,0.046904,0.146286,1.125771,0.165859,0.025221,1.053541,0.251470,0.078193,0.902546
-0.026347,0.197513,0.816197,-0.080476,0.215424,0.648899,-0.111595,0.272754,0.349620,-0.048645,0.223087,0.042536,0.046904,0.343427,0.801154,-0.070015,0.614416,0.884292,0.112273,0.778124,0.684167,-0.030817,0.162267,0.856913,-0.214879,0.105237,1.054570,-0.336871,0.184961,0.942011,-0.213166,0.266862,1.048365,0.048538,0.166014,1.124158,0.179190,0.056835,1.053234,0.255097,0.117546,0.899965
-0.026466,0.197567,0.813602,-0.082503,0.211545,0.646491,-0.115740,0.275182,0.348698,-0.048005,0.224035,0.042905,0.045395,0.344390,0.793659,-0.070714,0.620053,0.861010,0.139050,0.712993,0.643441,-0.029694,0.163539,0.855395,-0.209966,0.102405,1.054492,-0.344898,0.147989,0.937745,-0.228249,0.250138,1.034244,0.048901,0.183380,1.121684,0.190849,0.088690,1.051668,0.257225,0.157212,0.897258
-0.024829,0.194797,0.811164,-0.083802,0.206460,0.644853,-0.118749,0.276594,0.348730,-0.047112,0.224934,0.043927,0.047852,0.341957,0.785534,-0.068359,0.623106,0.822889,0.155749,0.646521,0.601036,-0.027132,0.161753,0.853768,-0.205365,0.096583,1.052670,-0.343502,0.113270,0.931994,-0.239945,0.236731,1.018095,0.048342,0.193675,1.119293,0.200822,0.115606,1.050928,0.261041,0.194067,0.898743
-0.022937,0.191769,0.808868,-0.085131,0.200618,0.643533,-0.121636,0.277146,0.349202,-0.046476,0.225741,0.045211,0.050766,0.338757,0.776772,-0.064445,0.622633,0.781578,0.165678,0.578799,0.569120,-0.024393,0.159867,0.852355,-0.201069,0.091471,1.050984,-0.338785,0.081401,0.929062,-0.249943,0.222999,1.002941,0.046776,0.203686,1.116870,0.207776,0.143248,1.050189,0.261328,0.231419,0.900842
-0.020534,0.188224,0.806860,-0.086533,0.193280,0.642824,-0.124211,0.275987,0.350348,-0.046069,0.226435,0.046792,0.054531,0.334182,0.766794,-0.058546,0.617055,0.734980,0.168762,0.513992,0.540640,-0.021272,0.157729,0.851378,-0.197755,0.087478,1.049128,-0.331342,0.054970,0.926491,-0.259552,0.211491,0.987798,0.043878,0.213100,1.114743,0.211415,0.171106,1.050004,0.258601,0.269453,0.904927
-0.019180,0.186317,0.805164,-0.088770,0.185311,0.642530,-0.126771,0.273164,0.351628,-0.046123,0.226763,0.048214,0.056906,0.330194,0.755378,-0.049592,0.609059,0.687145,0.167582,0.456096,0.515301,-0.019434,0.157762,0.851001,-0.195112,0.083059,1.047542,-0.322623,0.030975,0.925147,-0.269225,0.199139,0.972926,0.039696,0.221146,1.113527,0.211540,0.197904,1.050637,0.252076,0.305734,0.910338
-0.018350,0.185229,0.803623,-0.091421,0.177080,0.642731,-0.129282,0.269566,0.353278,-0.046496,0.226839,0.049879,0.058512,0.326001,0.743380,-0.039439,0.596873,0.639627,0.163252,0.401403,0.495302,-0.018204,0.158908,0.850830,-0.191923,0.078122,1.046529,-0.312120,0.008145,0.925625,-0.277977,0.184640,0.958721,0.035367,0.228439,1.112592,0.209332,0.224408,1.051372,0.242050,0.341211,0.916283
-0.019053,0.185664,0.801764,-0.094032,0.169413,0.642411,-0.131663,0.265418,0.354097,-0.047084,0.226687,0.050642,0.058970,0.322195,0.731190,-0.025311,0.582006,0.592936,0.161343,0.359076,0.468174,-0.019051,0.161845,0.850329,-0.190616,0.074917,1.045234,-0.301913,-0.009012,0.924657,-0.286924,0.172297,0.941947,0.030059,0.234738,1.111717,0.204007,0.247153,1.051568,0.230036,0.371446,0.921779
-0.019774,0.186568,0.799744,-0.096510,0.162677,0.642276,-0.133874,0.261839,0.355016,-0.047897,0.226385,0.051541,0.059795,0.317941,0.719522,-0.010709,0.562472,0.549346,0.160796,0.319035,0.442578,-0.019963,0.165265,0.849494,-0.188488,0.072445,1.044374,-0.290578,-0.023888,0.924896,-0.294069,0.158774,0.926434,0.025337,0.241624,1.110282,0.197694,0.269728,1.050830,0.215989,0.400413,0.926064
-0.020532,0.188409,0.797401,-0.098756,0.157722,0.641967,-0.135708,0.259303,0.355516,-0.048710,0.225939,0.052087,0.061334,0.313731,0.708576,0.004541,0.539423,0.509629,0.164696,0.284529,0.412637,-0.021034,0.169599,0.848162,-0.186002,0.071872,1.043776,-0.278941,-0.034287,0.925130,-0.299656,0.146755,0.912687,0.021211,0.249726,1.108079,0.190749,0.291575,1.048602,0.200951,0.426917,0.927919
-0.021270,0.191082,0.795147,-0.100904,0.155212,0.641679,-0.137809,0.258759,0.355940,-0.049315,0.225911,0.052883,0.063344,0.310247,0.699247,0.022082,0.514699,0.475061,0.171684,0.253253,0.378809,-0.022082,0.174367,0.846640,-0.183733,0.072768,1.043182,-0.267190,-0.041110,0.924618,-0.303775,0.135871,0.898603,0.017892,0.257577,1.105712,0.183825,0.311436,1.045740,0.185069,0.450021,0.928329
-0.021997,0.194170,0.792938,-0.103021,0.153964,0.641430,-0.139964,0.259280,0.356353,-0.049671,0.226157,0.053853,0.065558,0.306947,0.690948,0.040694,0.487635,0.444938,0.179925,0.222008,0.344751,-0.023103,0.179354,0.845005,-0.181416,0.074424,1.042680,-0.255094,-0.046047,0.924125,-0.306356,0.124599,0.884557,0.015089,0.265329,1.103224,0.176774,0.330206,1.042575,0.168614,0.471051,0.928139
-0.021709,0.196993,0.790979,-0.103915,0.153280,0.641233,-0.141334,0.260083,0.356777,-0.050139,0.225991,0.054656,0.068443,0.303942,0.684150,0.060783,0.460614,0.421056,0.188642,0.195824,0.304850,-0.023045,0.183705,0.843449,-0.179069,0.077014,1.042147,-0.243432,-0.047137,0.921963,-0.306640,0.115557,0.868940,0.014096,0.271900,1.100857,0.171260,0.345511,1.038363,0.153729,0.486570,0.925202
-0.020848,0.199363,0.789024,-0.104427,0.152462,0.641167,-0.142147,0.260700,0.357297,-0.050581,0.225766,0.055378,0.071717,0.300349,0.677894,0.079312,0.432337,0.401520,0.196950,0.170978,0.268037,-0.022339,0.187552,0.841837,-0.175950,0.079451,1.041787,-0.231634,-0.047568,0.920259,-0.304803,0.105985,0.854659,0.014069,0.278063,1.098357,0.166384,0.359524,1.033676,0.139763,0.500084,0.921626
-0.018842,0.200827,0.787077,-0.104147,0.151307,0.641221,-0.141955,0.260846,0.357864,-0.051118,0.225446,0.055770,0.075777,0.295974,0.672201,0.094693,0.404456,0.386246,0.203903,0.150295,0.233037,-0.020357,0.190381,0.840168,-0.171638,0.081559,1.041585,-0.220273,-0.046900,0.918548,-0.300966,0.097652,0.842505,0.015778,0.283352,1.095690,0.163179,0.371119,1.027982,0.128073,0.510275,0.916473
-0.015531,0.201926,0.785680,-0.102572,0.150708,0.641603,-0.141075,0.261073,0.358661,-0.051329,0.225306,0.056272,0.081329,0.291336,0.667883,0.107271,0.376953,0.374763,0.209304,0.132469,0.201936,-0.017130,0.192702,0.838986,-0.166743,0.084225,1.041890,-0.209377,-0.044359,0.916772,-0.295070,0.091218,0.830589,0.019573,0.287717,1.093543,0.162466,0.379740,1.021967,0.119520,0.517085,0.910907
-0.011569,0.202842,0.784558,-0.100351,0.150423,0.642151,-0.139790,0.261452,0.359596,-0.051275,0.225433,0.056863,0.087550,0.286516,0.664330,0.117976,0.349403,0.365895,0.212684,0.116304,0.174033,-0.013268,0.194772,0.838039,-0.161532,0.087167,1.042439,-0.198685,-0.040844,0.915006,-0.287492,0.085616,0.818882,0.024438,0.291622,1.091646,0.162937,0.386908,1.015860,0.112467,0.522179,0.905371
-0.006583,0.201935,0.783697,-0.097103,0.149216,0.642674,-0.138069,0.261132,0.360683,-0.051396,0.225249,0.057386,0.094805,0.280234,0.661706,0.129496,0.325220,0.360447,0.213143,0.103468,0.150873,-0.008382,0.194862,0.837311,-0.156229,0.090016,1.043446,-0.189901,-0.036443,0.913530,-0.278619,0.081917,0.807607,0.031430,0.293644,1.089769,0.166654,0.389593,1.009097,0.110615,0.522202,0.897991
-0.001331,0.200439,0.782824,-0.093733,0.147740,0.643192,-0.136020,0.260621,0.361773,-0.051470,0.225103,0.057820,0.102104,0.273382,0.659235,0.140206,0.302070,0.356322,0.212983,0.091848,0.131397,-0.003163,0.194317,0.836548,-0.150746,0.092724,1.044488,-0.181807,-0.031975,0.912251,-0.269192,0.078650,0.797320,0.039108,0.295020,1.087783,0.171309,0.390883,1.002180,0.110424,0.520776,0.890342
0.004451,0.197768,0.781924,-0.090117,0.145662,0.643678,-0.133457,0.259529,0.362808,-0.051684,0.224733,0.057999,0.109623,0.265502,0.656865,0.150158,0.281477,0.353237,0.211859,0.081219,0.116198,0.002732,0.192524,0.835746,-0.144584,0.095535,1.046025,-0.175016,-0.027292,0.911916,-0.260022,0.076554,0.789190,0.048552,0.295559,1.085365,0.178273,0.389656,0.994216,0.113798,0.516642,0.880985
0.010508,0.194081,0.781319,-0.086340,0.143262,0.644314,-0.130537,0.258023,0.363927,-0.051847,0.224328,0.058169,0.117223,0.256855,0.655002,0.158147,0.264431,0.351038,0.210818,0.070915,0.106067,0.008927,0.189600,0.835215,-0.138838,0.098214,1.047624,-0.169529,-0.022004,0.911241,-0.251276,0.075426,0.781262,0.058624,0.294740,1.083176,0.186340,0.385933,0.986442,0.119859,0.510279,0.871390
0.016703,0.189886,0.780862,-0.082439,0.140749,0.645017,-0.127355,0.256438,0.365108,-0.051871,0.224135,0.058380,0.124787,0.247800,0.653402,0.165312,0.249318,0.349249,0.210059,0.061029,0.098346,0.015299,0.186121,0.834820,-0.132977,0.101039,1.049416,-0.164440,-0.016261,0.910699,-0.242448,0.074717,0.773917,0.069287,0.293367,1.080949,0.194996,0.381028,0.978513,0.127067,0.502767,0.861472
0.024808,0.183552,0.778941,-0.077121,0.137027,0.644378,-0.123597,0.254289,0.365349,-0.051321,0.223833,0.057651,0.133983,0.236455,0.650239,0.171633,0.233767,0.345694,0.207038,0.052111,0.088522,0.023708,0.180378,0.832948,-0.125832,0.103206,1.049587,-0.158483,-0.011183,0.908737,-0.232647,0.073581,0.765936,0.082461,0.289670,1.077061,0.207089,0.371903,0.968979,0.139845,0.491389,0.849203
0.033127,0.177124,0.777011,-0.071521,0.133295,0.643762,-0.119472,0.252151,0.365623,-0.050589,0.223794,0.056940,0.143068,0.225135,0.647045,0.177951,0.219550,0.342189,0.205269,0.045006,0.079281,0.032374,0.174504,0.831056,-0.118268,0.105540,1.049636,-0.152330,-0.005957,0.906818,-0.222656,0.072555,0.758581,0.096153,0.285526,1.073108,0.219617,0.361881,0.959536,0.153469,0.479202,0.836996
0.041874,0.170508,0.775062,-0.065474,0.129424,0.643200,-0.114885,0.249664,0.365872,-0.049877,0.223617,0.056140,0.152120,0.213961,0.643745,0.183790,0.207867,0.338548,0.203973,0.040662,0.070557,0.041537,0.168383,0.829135,-0.110058,0.107984,1.049533,-0.145943,-0.000759,0.905051,-0.212864,0.071609,0.752153,0.110610,0.280774,1.069086,0.232964,0.350476,0.950175,0.168844,0.465720,0.824588
0.050252,0.163873,0.773779,-0.059320,0.125127,0.643146,-0.110140,0.246567,0.366567,-0.049903,0.222928,0.055673,0.160506,0.203609,0.641280,0.189193,0.199303,0.335798,0.204649,0.037497,0.064438,0.050287,0.162209,0.827872,-0.102113,0.111182,1.050019,-0.140800,0.005463,0.904029,-0.204130,0.071855,0.746907,0.125190,0.275607,1.065586,0.246033,0.337883,0.941149,0.185161,0.451185,0.812186
0.058444,0.157229,0.772828,-0.053092,0.120634,0.643345,-0.105260,0.243214,0.367497,-0.050198,0.222106,0.055456,0.168546,0.193675,0.639251,0.194537,0.192362,0.333558,0.206458,0.034997,0.059636,0.058840,0.156005,0.826936,-0.093991,0.114688,1.050741,-0.135772,0.012164,0.903336,-0.195619,0.072433,0.742380,0.139798,0.270138,1.062299,0.258554,0.324735,0.932379,0.201256,0.435868,0.799899
0.065629,0.150359,0.773041,-0.047235,0.115670,0.644229,-0.100506,0.238651,0.368766,-0.051631,0.220270,0.055521,0.175631,0.184688,0.638822,0.198801,0.186617,0.332969,0.208328,0.033203,0.056807,0.066329,0.149388,0.827158,-0.086512,0.118784,1.052603,-0.131908,0.020409,0.903460,-0.187874,0.074136,0.738775,0.154122,0.263727,1.059956,0.270000,0.308992,0.923996,0.218515,0.418118,0.787459
0.072344,0.143624,0.773502,-0.041780,0.110924,0.645289,-0.095655,0.233834,0.369911,-0.053227,0.218220,0.055578,0.182228,0.175923,0.638690,0.202712,0.181013,0.332736,0.209713,0.031787,0.054279,0.073366,0.142838,0.827623,-0.078821,0.122761,1.054634,-0.127335,0.028340,0.903933,-0.179814,0.075686,0.736123,0.168143,0.256833,1.057837,0.280799,0.292473,0.916416,0.235074,0.399026,0.775797
0.078121,0.137158,0.774459,-0.037177,0.106582,0.646705,-0.090740,0.228374,0.370778,-0.055321,0.215482,0.055458,0.187882,0.167598,0.639125,0.205764,0.175553,0.333113,0.209854,0.030786,0.052253,0.079487,0.136434,0.828578,-0.071331,0.126480,1.057132,-0.122317,0.035420,0.905190,-0.171690,0.077136,0.734932,0.181434,0.249325,1.056258,0.290920,0.274511,0.910177,0.251131,0.377637,0.765210
0.082476,0.131135,0.776100,-0.034172,0.103126,0.648862,-0.085635,0.223068,0.371777,-0.058681,0.209543,0.055649,0.192024,0.159465,0.640150,0.208064,0.170242,0.334167,0.209638,0.030113,0.050902,0.084229,0.130368,0.830210,-0.064649,0.129786,1.060230,-0.117859,0.041493,0.907425,-0.164319,0.079062,0.735372,0.193404,0.241010,1.055634,0.299795,0.255899,0.905899,0.266233,0.354851,0.756452
0.086119,0.125333,0.778084,-0.031927,0.100132,0.651402,-0.080573,0.217842,0.372915,-0.062716,0.202786,0.056213,0.195376,0.151435,0.641468,0.210150,0.165057,0.335580,0.209570,0.029712,0.049931,0.088280,0.124464,0.832179,-0.058123,0.132811,1.063622,-0.113410,0.046958,0.910171,-0.157201,0.081014,0.736683,0.204658,0.232121,1.055436,0.307579,0.236864,0.902645,0.279905,0.330695,0.748691
0.089079,0.120830,0.780535,-0.030417,0.099019,0.654380,-0.077748,0.212390,0.373911,-0.066484,0.188063,0.057476,0.198159,0.143789,0.643231,0.212070,0.159887,0.337475,0.209255,0.029401,0.049487,0.091606,0.119876,0.834612,-0.051831,0.135482,1.067544,-0.109182,0.051450,0.913840,-0.151495,0.084612,0.739812,0.215144,0.222531,1.056381,0.314162,0.217642,0.901037,0.293536,0.305570,0.742513
0.091752,0.116614,0.782965,-0.029126,0.098473,0.657342,-0.075586,0.207255,0.374941,-0.070376,0.171906,0.059395,0.200630,0.136088,0.644984,0.213916,0.154853,0.339408,0.208984,0.029224,0.049197,0.094624,0.115583,0.837024,-0.045503,0.137995,1.071426,-0.105019,0.055838,0.917529,-0.146202,0.088332,0.743104,0.225148,0.212322,1.057459,0.319561,0.198106,0.899836,0.305634,0.279856,0.737289
0.093851,0.112969,0.785355,-0.028332,0.099029,0.660250,-0.074506,0.202706,0.375899,-0.074014,0.152124,0.062418,0.202528,0.128266,0.646722,0.215569,0.150045,0.341395,0.208646,0.029178,0.049107,0.097027,0.111895,0.839397,-0.039556,0.140349,1.075255,-0.101479,0.060221,0.921230,-0.142043,0.092657,0.746648,0.234285,0.201222,1.058885,0.323475,0.178068,0.899286,0.316344,0.253971,0.733494
0.095315,0.109772,0.787386,-0.028028,0.100492,0.662741,-0.073095,0.198027,0.376056,-0.077415,0.130311,0.065904,0.203705,0.120453,0.648137,0.216975,0.145612,0.343141,0.208325,0.029110,0.049039,0.098769,0.108629,0.841409,-0.034136,0.142426,1.078686,-0.098578,0.064696,0.924456,-0.139341,0.097062,0.749892,0.242280,0.189386,1.060245,0.326138,0.157806,0.899196,0.325873,0.228238,0.730819
0.096461,0.106801,0.789237,-0.027855,0.102427,0.665037,-0.071848,0.193230,0.375990,-0.082026,0.107719,0.070476,0.204399,0.112655,0.649400,0.218384,0.141392,0.344809,0.208366,0.029125,0.049021,0.100172,0.105567,0.843240,-0.029041,0.144230,1.081841,-0.095922,0.069112,0.927343,-0.137200,0.101440,0.752875,0.249265,0.177010,1.061619,0.327495,0.137480,0.899483,0.333808,0.202150,0.728885
0.096873,0.104375,0.790373,-0.028013,0.104716,0.666403,-0.070039,0.187431,0.374651,-0.085928,0.084224,0.074976,0.204383,0.105233,0.650144,0.219190,0.137306,0.345971,0.207991,0.028998,0.048684,0.100759,0.103106,0.844363,-0.024842,0.146091,1.084181,-0.094373,0.073819,0.929481,-0.136703,0.106307,0.755262,0.254629,0.164728,1.062461,0.327719,0.118380,0.899719,0.340221,0.177270,0.727323
0.097080,0.101971,0.791418,-0.028103,0.106763,0.667601,-0.068954,0.181260,0.373480,-0.091262,0.061619,0.080476,0.204067,0.097942,0.650903,0.219920,0.133016,0.347150,0.207917,0.028922,0.048325,0.101108,0.100697,0.845397,-0.020889,0.147854,1.086318,-0.093100,0.078619,0.931444,-0.136316,0.111328,0.757448,0.259027,0.152491,1.063199,0.326882,0.100024,0.900035,0.344886,0.152522,0.726015
0.096878,0.099612,0.792279,-0.028275,0.108297,0.668439,-0.068619,0.174488,0.372267,-0.096784,0.040182,0.086262,0.203385,0.090884,0.651673,0.220228,0.128257,0.348270,0.207707,0.028753,0.047840,0.100983,0.098403,0.846254,-0.017516,0.149650,1.088104,-0.092577,0.083811,0.933095,-0.136384,0.116854,0.759266,0.262168,0.140646,1.063766,0.325209,0.083013,0.900401,0.348175,0.128796,0.725030
0.096313,0.097197,0.792951,-0.028424,0.108820,0.668761,-0.069262,0.166548,0.370889,-0.102937,0.021061,0.091057,0.202598,0.084073,0.652575,0.220110,0.122882,0.349404,0.207560,0.028432,0.047280,0.100393,0.096184,0.846931,-0.014775,0.151537,1.089492,-0.092587,0.089630,0.934215,-0.136328,0.123072,0.760406,0.264073,0.129355,1.064186,0.322807,0.067428,0.900777,0.350046,0.106423,0.724340
0.095566,0.094754,0.793528,-0.028557,0.108818,0.668829,-0.070584,0.158090,0.369603,-0.109706,0.003310,0.095559,0.201710,0.077383,0.653564,0.219778,0.117260,0.350572,0.207516,0.028174,0.046742,0.099575,0.094002,0.847515,-0.012337,0.153367,1.090652,-0.092683,0.095773,0.935004,-0.136045,0.129713,0.761157,0.265099,0.118266,1.064583,0.319746,0.052583,0.901213,0.350626,0.084630,0.723941
0.094044,0.092435,0.793773,-0.029548,0.107581,0.668548,-0.072761,0.147760,0.368131,-0.116273,-0.009697,0.096290,0.200110,0.071539,0.654285,0.218849,0.111732,0.351378,0.207508,0.027759,0.046001,0.097982,0.092067,0.847767,-0.011140,0.154775,1.091319,-0.093204,0.101879,0.934902,-0.135760,0.136485,0.760960,0.264600,0.108479,1.064752,0.315891,0.040322,0.901298,0.349940,0.065495,0.723466
0.092303,0.090182,0.794058,-0.030809,0.106090,0.668349,-0.075228,0.137450,0.367057,-0.122960,-0.020924,0.096436,0.198263,0.066121,0.655046,0.217756,0.106296,0.352184,0.207673,0.027388,0.045363,0.096172,0.090181,0.848055,-0.010385,0.155933,1.091922,-0.093713,0.107756,0.934652,-0.135247,0.143341,0.760632,0.263356,0.099137,1.065058,0.311385,0.028928,0.901472,0.348013,0.047155,0.723271
0.090123,0.088058,0.794421,-0.032631,0.104116,0.668297,-0.077801,0.127091,0.366361,-0.128979,-0.028939,0.094930,0.196029,0.061545,0.655845,0.216285,0.100984,0.352935,0.207922,0.026949,0.044801,0.093921,0.088395,0.848420,-0.010495,0.156779,1.092468,-0.094538,0.113255,0.934224,-0.134696,0.150420,0.760182,0.261181,0.090813,1.065547,0.306200,0.019191,0.901706,0.344857,0.030634,0.723335
0.087289,0.085584,0.793983,-0.034889,0.101145,0.667169,-0.080086,0.115284,0.364699,-0.134408,-0.035138,0.090631,0.193552,0.056957,0.656149,0.214632,0.096352,0.353288,0.208163,0.026583,0.044079,0.090937,0.086329,0.847983,-0.011578,0.157213,1.092099,-0.095979,0.118177,0.932879,-0.134197,0.157349,0.758822,0.257981,0.083007,1.065271,0.300182,0.010366,0.901116,0.340409,0.015582,0.722778
0.084127,0.082935,0.793145,-0.037369,0.097666,0.665522,-0.082359,0.102763,0.362741,-0.139385,-0.040295,0.085209,0.190949,0.052365,0.656218,0.212904,0.092067,0.353456,0.208414,0.026279,0.043312,0.087586,0.084122,0.847142,-0.013181,0.157382,1.091259,-0.097649,0.122781,0.931053,-0.133586,0.164229,0.757035,0.254149,0.075411,1.064657,0.293619,0.001853,0.900218,0.334937,0.000958,0.722040
0.080294,0.079870,0.791996,-0.040221,0.093802,0.663327,-0.084959,0.092372,0.360468,-0.141999,-0.043079,0.079176,0.188044,0.047752,0.656222,0.211204,0.088514,0.353689,0.208626,0.025860,0.042848,0.083486,0.081448,0.845991,-0.015897,0.156790,1.090016,-0.100279,0.125773,0.929035,-0.133275,0.170467,0.755239,0.249598,0.068955,1.063666,0.286872,-0.005097,0.898925,0.328819,-0.010056,0.720960
0.076143,0.076703,0.790779,-0.043363,0.089883,0.661070,-0.087698,0.082689,0.358233,-0.144129,-0.045635,0.073539,0.184855,0.043220,0.656177,0.209486,0.085294,0.353937,0.208854,0.025489,0.042504,0.079063,0.078631,0.844767,-0.019003,0.155935,1.088688,-0.103081,0.128253,0.926943,-0.132723,0.176230,0.753434,0.244701,0.062764,1.062584,0.279894,-0.011767,0.897591,0.322064,-0.020370,0.719822
0.071357,0.073330,0.789422,-0.047081,0.085872,0.658661,-0.090396,0.074381,0.355805,-0.144831,-0.047945,0.068169,0.181117,0.038844,0.656007,0.207722,0.082726,0.354192,0.209076,0.025171,0.042321,0.073993,0.075532,0.843403,-0.022839,0.154657,1.087210,-0.106735,0.129915,0.924899,-0.132770,0.181347,0.751819,0.239327,0.057175,1.061255,0.272650,-0.017804,0.896069,0.314616,-0.029120,0.718403
0.065905,0.069835,0.787963,-0.051438,0.081644,0.656141,-0.093189,0.066408,0.353223,-0.144688,-0.050246,0.062783,0.176814,0.034707,0.655761,0.205704,0.080979,0.354513,0.209127,0.024949,0.042366,0.068229,0.072281,0.841935,-0.027960,0.152720,1.085544,-0.111177,0.130396,0.922538,-0.133373,0.184957,0.749902,0.233138,0.052292,1.059959,0.265171,-0.022538,0.894446,0.306845,-0.035275,0.716801
0.060121,0.066280,0.786451,-0.056109,0.077307,0.653572,-0.096019,0.058612,0.350590,-0.144253,-0.052475,0.057507,0.172223,0.030692,0.655484,0.203593,0.079632,0.354907,0.209224,0.024744,0.042576,0.062119,0.068953,0.840413,-0.033728,0.150454,1.083784,-0.116237,0.130385,0.920130,-0.134657,0.187949,0.748048,0.226541,0.047747,1.058683,0.257512,-0.026809,0.892842,0.298820,-0.040458,0.715178
0.053832,0.062624,0.785010,-0.061328,0.072877,0.651136,-0.098801,0.051660,0.347999,-0.143280,-0.054387,0.052550,0.167159,0.027072,0.655188,0.201101,0.078850,0.355366,0.209145,0.024695,0.042950,0.055467,0.065452,0.838967,-0.040975,0.147541,1.081889,-0.122292,0.128887,0.917476,-0.137340,0.188719,0.745840,0.219104,0.044086,1.057795,0.249773,-0.029575,0.891499,0.290853,-0.042783,0.713739
0.047270,0.059032,0.783830,-0.066930,0.068614,0.649082,-0.101805,0.045178,0.345788,-0.142674,-0.055983,0.048190,0.161708,0.023680,0.655013,0.198344,0.077903,0.355941,0.209106,0.024427,0.043473,0.048555,0.061958,0.837784,-0.048651,0.144534,1.080224,-0.128715,0.127039,0.915072,-0.140555,0.188899,0.743893,0.211307,0.040493,1.057243,0.241845,-0.032008,0.890415,0.282954,-0.044336,0.712600
0.040164,0.055567,0.783171,-0.073307,0.064689,0.647773,-0.105266,0.039621,0.344282,-0.142554,-0.057076,0.044786,0.155496,0.020736,0.655061,0.195009,0.076639,0.356665,0.209109,0.024697,0.044044,0.041106,0.058491,0.837133,-0.057404,0.141584,1.078860,-0.135988,0.124550,0.912951,-0.144777,0.187926,0.742143,0.202611,0.037308,1.057514,0.233495,-0.033682,0.890099,0.275282,-0.044410,0.712352
0.032768,0.052043,0.783044,-0.080260,0.060804,0.647251,-0.109067,0.034697,0.343531,-0.142788,-0.057870,0.042329,0.148732,0.017965,0.655298,0.191050,0.073968,0.357305,0.208949,0.024357,0.044461,0.033418,0.054888,0.837020,-0.066663,0.138390,1.077954,-0.143704,0.121341,0.911326,-0.150023,0.185541,0.740706,0.193594,0.034335,1.058399,0.224979,-0.034688,0.890252,0.267634,-0.043415,0.712609
0.025229,0.048490,0.783183,-0.087501,0.056941,0.647121,-0.113031,0.030107,0.343172,-0.143155,-0.058474,0.040396,0.141690,0.015281,0.655630,0.186771,0.070610,0.357916,0.208766,0.024215,0.044797,0.025602,0.051220,0.837175,-0.076305,0.135116,1.077202,-0.151545,0.117718,0.909789,-0.155517,0.182277,0.739237,0.184290,0.031518,1.059670,0.216341,-0.035329,0.890768,0.260033,-0.041915,0.713282
0.017672,0.044724,0.783862,-0.095317,0.053151,0.648013,-0.117391,0.026419,0.343791,-0.143946,-0.058752,0.039680,0.134087,0.012614,0.655906,0.181905,0.065838,0.358235,0.208300,0.023767,0.044809,0.017881,0.047255,0.837881,-0.086565,0.131267,1.076772,-0.160139,0.113226,0.908689,-0.162673,0.177372,0.737954,0.174776,0.029139,1.061751,0.207595,-0.035453,0.892116,0.252194,-0.039253,0.714775
0.010365,0.040963,0.784413,-0.102977,0.049413,0.648860,-0.121671,0.023251,0.344368,-0.144710,-0.058943,0.039132,0.126625,0.009939,0.655963,0.177066,0.060778,0.358308,0.207740,0.023237,0.044679,0.010433,0.043297,0.838457,-0.096787,0.127284,1.076122,-0.168540,0.108534,0.907332,-0.169794,0.171934,0.736294,0.165423,0.027018,1.063767,0.199010,-0.035367,0.893457,0.244332,-0.036293,0.716253
0.003560,0.037211,0.784707,-0.110327,0.045777,0.649620,-0.125812,0.021080,0.344830,-0.145528,-0.059060,0.038800,0.119450,0.007246,0.655577,0.172231,0.055126,0.357840,0.206905,0.022501,0.044090,0.003531,0.039356,0.838776,-0.106960,0.122990,1.075063,-0.176724,0.102973,0.905589,-0.176966,0.164889,0.733980,0.156394,0.025419,1.065671,0.190763,-0.034870,0.894765,0.236461,-0.032643,0.717669
-0.002426,0.033570,0.784742,-0.116682,0.042374,0.649984,-0.129277,0.019670,0.344911,-0.146052,-0.059226,0.038374,0.113232,0.004640,0.655085,0.167977,0.050197,0.357341,0.205692,0.021545,0.043596,-0.002576,0.035506,0.838831,-0.116443,0.118335,1.073791,-0.184469,0.097382,0.903727,-0.184154,0.158147,0.731683,0.148247,0.024195,1.067219,0.183523,-0.034355,0.895897,0.229341,-0.028965,0.718895
-0.008001,0.029984,0.784646,-0.122541,0.039089,0.650153,-0.132416,0.018653,0.344823,-0.146460,-0.059393,0.037926,0.107489,0.002078,0.654543,0.164021,0.045646,0.356839,0.204385,0.020495,0.043182,-0.008284,0.031698,0.838751,-0.125592,0.113426,1.072400,-0.191976,0.091401,0.901826,-0.191347,0.150913,0.729321,0.140486,0.023109,1.068591,0.176724,-0.033868,0.896943,0.222496,-0.025262,0.720060
-0.012695,0.026338,0.784963,-0.126959,0.035671,0.650253,-0.134788,0.017688,0.344714,-0.146782,-0.059544,0.037524,0.103208,-0.000392,0.654956,0.159746,0.043919,0.357364,0.199186,0.016408,0.043848,-0.013204,0.027804,0.839078,-0.133708,0.107690,1.071730,-0.198206,0.084762,0.900554,-0.197758,0.143436,0.727738,0.134065,0.022449,1.069975,0.171641,-0.033220,0.898193,0.216838,-0.021682,0.721330
-0.016977,0.022949,0.785312,-0.130926,0.032441,0.650349,-0.136966,0.016667,0.344651,-0.147107,-0.059670,0.037165,0.099401,-0.002479,0.655426,0.155127,0.042356,0.357761,0.192969,0.011045,0.044481,-0.017723,0.024126,0.839434,-0.141540,0.101684,1.071126,-0.204294,0.077958,0.899412,-0.204410,0.136035,0.726367,0.127941,0.021976,1.071393,0.166984,-0.032242,0.899483,0.211459,-0.017898,0.722648
-0.020433,0.020074,0.785721,-0.133992,0.029587,0.650430,-0.138729,0.015507,0.344631,-0.147380,-0.059778,0.036829,0.096542,-0.003801,0.656009,0.149832,0.041075,0.357903,0.184968,0.003004,0.045167,-0.021441,0.020882,0.839848,-0.148786,0.095204,1.070683,-0.209603,0.070649,0.898388,-0.210670,0.128453,0.725219,0.122510,0.021936,1.072878,0.163282,-0.030561,0.900845,0.206832,-0.014235,0.723952
-0.022955,0.017575,0.786116,-0.136308,0.026532,0.650614,-0.140125,0.013842,0.344746,-0.147486,-0.060000,0.036545,0.094540,-0.004488,0.656481,0.144500,0.039957,0.357733,0.176125,-0.006384,0.045867,-0.024182,0.018071,0.840244,-0.155078,0.088596,1.070284,-0.214252,0.063079,0.897555,-0.216579,0.120858,0.724344,0.117874,0.021846,1.074403,0.160401,-0.028641,0.902200,0.203246,-0.010479,0.725311
-0.025009,0.015265,0.786504,-0.138238,0.023387,0.650845,-0.141317,0.012041,0.344920,-0.147480,-0.060050,0.036262,0.092952,-0.004853,0.656904,0.139167,0.038841,0.357442,0.167088,-0.016588,0.046850,-0.026433,0.015473,0.840630,-0.160820,0.081892,1.069882,-0.218324,0.055300,0.896748,-0.221842,0.113234,0.723558,0.113619,0.021714,1.075937,0.157889,-0.026555,0.903544,0.200132,-0.006865,0.726668
-0.026278,0.013256,0.786485,-0.139672,0.019602,0.650872,-0.142362,0.009792,0.344896,-0.147464,-0.060196,0.035727,0.091944,-0.004835,0.656762,0.133507,0.037372,0.356408,0.157374,-0.025731,0.047064,-0.027797,0.013387,0.840609,-0.165383,0.075269,1.069241,-0.221655,0.047426,0.895895,-0.226747,0.105546,0.722747,0.110362,0.021623,1.076971,0.156072,-0.024502,0.904371,0.197740,-0.003270,0.727538
-0.027278,0.011359,0.786447,-0.140915,0.015736,0.650964,-0.143326,0.007397,0.344946,-0.147448,-0.060335,0.035248,0.091078,-0.004758,0.656525,0.128077,0.035317,0.355286,0.148068,-0.034210,0.047135,-0.028856,0.011459,0.840568,-0.169397,0.068726,1.068615,-0.224565,0.039722,0.895102,-0.231072,0.098201,0.722059,0.107482,0.021579,1.077913,0.154479,-0.022409,0.905105,0.195508,0.000597,0.728333
-0.027742,0.009683,0.786370,-0.141799,0.011709,0.651192,-0.144111,0.004688,0.345143,-0.147377,-0.060509,0.034871,0.090531,-0.004575,0.656092,0.123108,0.032281,0.353934,0.139194,-0.041032,0.046448,-0.029307,0.009853,0.840491,-0.172439,0.062466,1.068056,-0.226809,0.032431,0.894465,-0.234676,0.091243,0.721521,0.105401,0.021712,1.078687,0.153406,-0.020378,0.905686,0.193650,0.004773,0.729009
-0.027781,0.008277,0.786228,-0.142479,0.007969,0.651586,-0.144759,0.001858,0.345519,-0.147288,-0.060631,0.034660,0.090099,-0.004425,0.655366,0.119338,0.028020,0.352358,0.132183,-0.044993,0.044645,-0.029244,0.008555,0.840350,-0.174624,0.056505,1.067526,-0.228336,0.025650,0.893874,-0.237518,0.084767,0.721016,0.104035,0.022179,1.079257,0.152889,-0.018052,0.906055,0.192077,0.009187,0.729408
-0.027607,0.007006,0.786054,-0.143036,0.004377,0.652071,-0.145324,-0.000883,0.345989,-0.147197,-0.060422,0.034521,0.089719,-0.004302,0.654498,0.116271,0.023216,0.350745,0.126554,-0.047377,0.042360,-0.028926,0.007410,0.840176,-0.176305,0.050638,1.067017,-0.229429,0.019082,0.893312,-0.239873,0.078475,0.720532,0.103028,0.022770,1.079715,0.152618,-0.015599,0.906304,0.190586,0.013547,0.729640
-0.026946,0.005935,0.786605,-0.142479,0.001361,0.652764,-0.145341,-0.004750,0.346702,-0.147322,-0.060841,0.034570,0.090358,-0.004561,0.654906,0.115102,0.018303,0.350604,0.125254,-0.047406,0.041020,-0.028255,0.006467,0.840724,-0.177190,0.045449,1.067322,-0.229862,0.013206,0.893606,-0.241676,0.073099,0.720967,0.102657,0.023717,1.080700,0.152880,-0.012192,0.906952,0.189163,0.018571,0.730101
-0.026195,0.004930,0.787203,-0.141796,-0.001453,0.653496,-0.145081,-0.008232,0.347452,-0.147060,-0.060810,0.034679,0.091091,-0.004775,0.655381,0.114547,0.013937,0.350683,0.125094,-0.047485,0.040131,-0.027497,0.005578,0.841320,-0.177762,0.040416,1.067719,-0.229978,0.007529,0.893986,-0.243195,0.067831,0.721486,0.102447,0.024490,1.081690,0.153178,-0.008779,0.907572,0.187887,0.023271,0.730530
-0.025261,0.004057,0.787899,-0.140893,-0.003897,0.654302,-0.145059,-0.011330,0.348283,-0.147557,-0.060637,0.034945,0.092014,-0.004897,0.655984,0.114184,0.010721,0.351008,0.124987,-0.047581,0.039781,-0.026558,0.004801,0.842013,-0.177864,0.035768,1.068288,-0.229210,0.002288,0.894407,-0.243639,0.062885,0.722025,0.102569,0.024968,1.082711,0.153651,-0.005318,0.908159,0.187004,0.027866,0.730968
-0.024256,0.003267,0.788423,-0.139883,-0.005833,0.654889,-0.144529,-0.014343,0.348903,-0.147215,-0.060986,0.035127,0.093024,-0.004859,0.656426,0.114567,0.008090,0.351275,0.126038,-0.047671,0.039552,-0.025547,0.003976,0.842536,-0.177604,0.031352,1.068774,-0.228096,-0.002435,0.894699,-0.243814,0.058280,0.722410,0.102956,0.025130,1.083474,0.154267,-0.002199,0.908506,0.186350,0.032327,0.731257
-0.023215,0.002517,0.788860,-0.138817,-0.007486,0.655364,-0.144077,-0.017001,0.349415,-0.147125,-0.060993,0.035230,0.094075,-0.004741,0.656792,0.114860,0.005763,0.351489,0.126751,-0.047737,0.039344,-0.024508,0.003126,0.842973,-0.177280,0.027039,1.069126,-0.226619,-0.006966,0.894760,-0.243381,0.053709,0.722506,0.103327,0.025138,1.084181,0.154873,0.000755,0.908851,0.185829,0.036715,0.731616
-0.021780,0.001843,0.789134,-0.137246,-0.009050,0.655587,-0.143322,-0.018879,0.349662,-0.146964,-0.060976,0.035209,0.095617,-0.004624,0.657101,0.115242,0.003989,0.351656,0.126946,-0.047741,0.039175,-0.023079,0.002405,0.843247,-0.176143,0.023201,1.069510,-0.224271,-0.010623,0.894768,-0.242119,0.049980,0.722555,0.104468,0.025041,1.084542,0.155933,0.003288,0.908846,0.185563,0.040962,0.731707
-0.020240,0.001132,0.789413,-0.135567,-0.010620,0.655819,-0.142518,-0.020414,0.349909,-0.146827,-0.060951,0.035249,0.097258,-0.004571,0.657417,0.115653,0.002183,0.351844,0.127065,-0.047779,0.039035,-0.021563,0.001656,0.843526,-0.175090,0.019433,1.069734,-0.221843,-0.014264,0.894591,-0.240558,0.046265,0.722399,0.105462,0.024936,1.085028,0.156944,0.005687,0.909048,0.185429,0.045066,0.732063
-0.018490,0.000347,0.789705,-0.133680,-0.012199,0.656068,-0.141642,-0.021257,0.350158,-0.146769,-0.061058,0.035410,0.099099,-0.004648,0.657745,0.116089,0.000327,0.352052,0.126986,-0.047865,0.038919,-0.019844,0.000852,0.843816,-0.173861,0.015841,1.069893,-0.219195,-0.017706,0.894344,-0.238635,0.042935,0.722220,0.106584,0.024798,1.085561,0.158056,0.007801,0.909349,0.185426,0.048996,0.732601
-0.016666,-0.000473,0.789861,-0.131762,-0.013499,0.656192,-0.140712,-0.021673,0.350282,-0.146675,-0.061024,0.035490,0.100973,-0.004733,0.657907,0.116733,-0.001009,0.352125,0.127044,-0.047926,0.038763,-0.018038,-0.000055,0.843971,-0.172436,0.012489,1.069938,-0.216472,-0.020944,0.894032,-0.236596,0.039996,0.722046,0.107881,0.024446,1.085920,0.159189,0.009594,0.909468,0.185559,0.052511,0.732966
-0.014804,-0.001310,0.789949,-0.129829,-0.014659,0.656251,-0.139757,-0.021878,0.350346,-0.146564,-0.061010,0.035544,0.102862,-0.004822,0.657986,0.117482,-0.002088,0.352133,0.127174,-0.047987,0.038590,-0.016188,-0.001013,0.844059,-0.170916,0.009413,1.069907,-0.213716,-0.023894,0.893667,-0.234507,0.037406,0.721846,0.109256,0.024129,1.086184,0.160321,0.011258,0.909506,0.185792,0.055671,0.733232
-0.013065,-0.002177,0.789970,-0.128005,-0.015509,0.656199,-0.138834,-0.021701,0.350300,-0.146459,-0.061171,0.035558,0.104651,-0.004911,0.658023,0.118342,-0.002578,0.352121,0.127366,-0.048028,0.038492,-0.014451,-0.002080,0.844081,-0.169247,0.006530,1.069959,-0.211021,-0.026390,0.893395,-0.232381,0.035437,0.721810,0.110819,0.023115,1.086286,0.161482,0.012156,0.909362,0.186356,0.058053,0.733383
-0.011370,-0.003068,0.789974,-0.126221,-0.016198,0.656108,-0.137940,-0.020922,0.350212,-0.146390,-0.060809,0.035550,0.106408,-0.005043,0.658059,0.119190,-0.002998,0.352113,0.127514,-0.048056,0.038406,-0.012747,-0.003197,0.844085,-0.167455,0.003988,1.070071,-0.208347,-0.028497,0.893216,-0.230290,0.033894,0.721888,0.112518,0.022248,1.086263,0.162668,0.012925,0.909097,0.186927,0.060019,0.733339
-0.009764,-0.004006,0.789941,-0.124512,-0.016652,0.655939,-0.137058,-0.019877,0.350056,-0.146292,-0.061250,0.035617,0.108103,-0.005262,0.658089,0.120006,-0.003269,0.352105,0.127565,-0.048021,0.038335,-0.011134,-0.004414,0.844052,-0.165686,0.001648,1.070172,-0.205780,-0.030201,0.893014,-0.228202,0.032741,0.721951,0.114213,0.021233,1.086162,0.163838,0.013351,0.908777,0.187579,0.061497,0.733220
-0.008325,-0.005035,0.789939,-0.123006,-0.016974,0.655818,-0.136300,-0.018009,0.349951,-0.146233,-0.060985,0.035761,0.109607,-0.005565,0.658133,0.120770,-0.003227,0.352122,0.127543,-0.048028,0.038343,-0.009674,-0.005753,0.844049,-0.163988,-0.000545,1.070346,-0.203423,-0.031551,0.892887,-0.226213,0.031878,0.722050,0.115861,0.020014,1.086046,0.164963,0.013376,0.908462,0.188333,0.062382,0.733071
-0.006969,-0.006109,0.789954,-0.121600,-0.017259,0.655724,-0.135610,-0.016047,0.349890,-0.146195,-0.060983,0.036009,0.111014,-0.005910,0.658186,0.121486,-0.003026,0.352154,0.127432,-0.048049,0.038392,-0.008291,-0.007152,0.844060,-0.162330,-0.002665,1.070551,-0.201175,-0.032725,0.892796,-0.224255,0.031192,0.722183,0.117481,0.018696,1.085922,0.165919,0.013193,0.908115,0.188855,0.062949,0.732853
-0.005869,-0.007087,0.789856,-0.120437,-0.017456,0.655514,-0.135041,-0.013700,0.349729,-0.146149,-0.060917,0.036217,0.112180,-0.006198,0.658146,0.122214,-0.002644,0.352106,0.127584,-0.048014,0.038389,-0.007165,-0.008431,0.843957,-0.160893,-0.004742,1.070664,-0.199171,-0.033618,0.892588,-0.222538,0.030802,0.722203,0.118877,0.017457,1.085672,0.167065,0.013115,0.907764,0.190014,0.063249,0.732595
-0.004812,-0.008064,0.789751,-0.119290,-0.017719,0.655284,-0.134524,-0.011410,0.349571,-0.146187,-0.060866,0.036443,0.113327,-0.006508,0.658122,0.122803,-0.002449,0.352069,0.127519,-0.047986,0.038370,-0.006088,-0.009687,0.843846,-0.159502,-0.006787,1.070767,-0.197260,-0.034460,0.892386,-0.220872,0.030476,0.722230,0.120224,0.016244,1.085413,0.167962,0.013062,0.907358,0.190652,0.063484,0.732221
-0.003840,-0.009036,0.789629,-0.118177,-0.018116,0.655010,-0.133910,-0.009235,0.349386,-0.145919,-0.060848,0.036639,0.114435,-0.006859,0.658127,0.123406,-0.002665,0.352061,0.127693,-0.048072,0.038337,-0.005110,-0.010899,0.843718,-0.158200,-0.008765,1.070857,-0.195528,-0.035205,0.892198,-0.219314,0.030296,0.722283,0.121481,0.015079,1.085132,0.168897,0.013107,0.906973,0.191355,0.063838,0.731895
-0.003024,-0.009924,0.789515,-0.117203,-0.018514,0.654736,-0.133523,-0.007191,0.349223,-0.146015,-0.060810,0.036851,0.115404,-0.007205,0.658157,0.123829,-0.003036,0.352073,0.127686,-0.048017,0.038280,-0.004296,-0.011989,0.843598,-0.157046,-0.010558,1.070964,-0.194022,-0.035807,0.892058,-0.217906,0.030250,0.722370,0.122606,0.013897,1.084857,0.169723,0.013040,0.906611,0.191852,0.064112,0.731580
-0.002286,-0.010769,0.789405,-0.116297,-0.018911,0.654465,-0.133177,-0.005216,0.349078,-0.146114,-0.060763,0.037080,0.116304,-0.007579,0.658199,0.124166,-0.003817,0.352093,0.127589,-0.048523,0.038252,-0.003568,-0.013019,0.843481,-0.155975,-0.012117,1.071072,-0.192650,-0.036157,0.891937,-0.216485,0.030476,0.722466,0.123677,0.012584,1.084588,0.170659,0.012771,0.906307,0.192615,0.064304,0.731390
-0.001883,-0.011679,0.789257,-0.115753,-0.019462,0.654186,-0.132881,-0.003793,0.348908,-0.145952,-0.060781,0.037192,0.116846,-0.008172,0.658185,0.124481,-0.003821,0.352081,0.127708,-0.047928,0.038154,-0.003164,-0.014032,0.843330,-0.155132,-0.013533,1.071209,-0.191621,-0.036513,0.891897,-0.215352,0.030623,0.722610,0.124541,0.011230,1.084229,0.171101,0.012237,0.905841,0.192487,0.064512,0.731074
-0.001531,-0.012590,0.789104,-0.115275,-0.019996,0.653913,-0.132707,-0.002477,0.348753,-0.146031,-0.060800,0.037310,0.117328,-0.008833,0.658155,0.124701,-0.004093,0.352049,0.127641,-0.047909,0.038079,-0.002816,-0.015045,0.843173,-0.154374,-0.014625,1.071319,-0.190715,-0.036476,0.891837,-0.214135,0.031114,0.722683,0.125364,0.009665,1.083876,0.171802,0.011311,0.905461,0.192908,0.064352,0.730901
-0.001282,-0.013507,0.788938,-0.114927,-0.020497,0.653650,-0.132588,-0.001376,0.348599,-0.146107,-0.060817,0.037391,0.117684,-0.009577,0.658092,0.124930,-0.004303,0.351992,0.127620,-0.048220,0.038033,-0.002564,-0.016055,0.843005,-0.153731,-0.015850,1.071404,-0.189941,-0.036546,0.891759,-0.213075,0.031409,0.722712,0.126049,0.008202,1.083522,0.172157,0.010339,0.905027,0.192703,0.064410,0.730729
-0.001130,-0.014382,0.788793,-0.114735,-0.020971,0.653456,-0.132520,-0.000676,0.348488,-0.146166,-0.060847,0.037436,0.117888,-0.010333,0.657998,0.125078,-0.004192,0.351914,0.127553,-0.048085,0.037956,-0.002401,-0.017010,0.842856,-0.153185,-0.016563,1.071501,-0.189340,-0.036083,0.891716,-0.211945,0.032129,0.722695,0.126694,0.006573,1.083182,0.172666,0.008961,0.904656,0.192814,0.064014,0.730630
-0.001025,-0.015237,0.788656,-0.114619,-0.021442,0.653295,-0.132382,-0.000289,0.348384,-0.146003,-0.061091,0.037464,0.118017,-0.011111,0.657888,0.125252,-0.004104,0.351825,0.127590,-0.048101,0.037886,-0.002279,-0.017937,0.842717,-0.152655,-0.017452,1.071624,-0.188783,-0.035655,0.891698,-0.210847,0.032896,0.722733,0.127317,0.004787,1.082856,0.173028,0.007457,0.904268,0.192683,0.063592,0.730537
-0.001022,-0.015946,0.788625,-0.114644,-0.021872,0.653275,-0.132426,-0.000397,0.348388,-0.146172,-0.060876,0.037410,0.118003,-0.011799,0.657844,0.125273,-0.004057,0.351800,0.127480,-0.048139,0.037873,-0.002249,-0.018695,0.842684,-0.152221,-0.017782,1.071851,-0.188412,-0.034936,0.891836,-0.209842,0.033674,0.722815,0.127860,0.003306,1.082613,0.173264,0.005963,0.903946,0.192633,0.062653,0.730363
-0.001054,-0.016621,0.788605,-0.114754,-0.022248,0.653306,-0.132422,-0.000660,0.348421,-0.146141,-0.060704,0.037356,0.117906,-0.012452,0.657767,0.125404,-0.003785,0.351755,0.127681,-0.047625,0.037797,-0.002226,-0.019426,0.842663,-0.151585,-0.018331,1.072223,-0.188002,-0.034210,0.892140,-0.208997,0.034563,0.723122,0.128614,0.001516,1.082289,0.173439,0.004329,0.903478,0.192402,0.061463,0.729988
-0.001155,-0.017229,0.788608,-0.114853,-0.022904,0.653305,-0.132497,-0.001790,0.348386,-0.146210,-0.061311,0.037221,0.117805,-0.013060,0.657770,0.125303,-0.004394,0.351758,0.127504,-0.048711,0.037867,-0.002338,-0.020034,0.842666,-0.151689,-0.018852,1.072226,-0.187833,-0.033625,0.891996,-0.208143,0.035047,0.722843,0.128566,0.000180,1.082318,0.173392,0.003157,0.903511,0.192659,0.060169,0.729996
-0.001254,-0.017770,0.788657,-0.115072,-0.023220,0.653440,-0.132516,-0.002577,0.348477,-0.146126,-0.061083,0.037106,0.117597,-0.013575,0.657722,0.125329,-0.004263,0.351737,0.127656,-0.048355,0.037815,-0.002371,-0.020635,0.842713,-0.151124,-0.019466,1.072657,-0.187463,-0.032939,0.892366,-0.207573,0.035765,0.723191,0.129224,-0.001458,1.082073,0.173325,0.001894,0.903092,0.192354,0.058603,0.729433
-0.001353,-0.018276,0.788729,-0.115259,-0.023577,0.653574,-0.132448,-0.003642,0.348550,-0.145891,-0.061107,0.036970,0.117416,-0.014045,0.657722,0.125544,-0.004284,0.351763,0.128167,-0.048460,0.037853,-0.002432,-0.021197,0.842784,-0.150865,-0.020115,1.072931,-0.187168,-0.032265,0.892539,-0.206905,0.036470,0.723320,0.129556,-0.003071,1.082008,0.173118,0.000673,0.902903,0.192166,0.056878,0.729059
-0.001494,-0.018731,0.788825,-0.115512,-0.023884,0.653748,-0.132761,-0.004953,0.348665,-0.146324,-0.061173,0.036851,0.117171,-0.014490,0.657723,0.125056,-0.004397,0.351768,0.127368,-0.048225,0.037808,-0.002532,-0.021711,0.842876,-0.150777,-0.020666,1.073141,-0.186946,-0.031922,0.892665,-0.206586,0.036640,0.723353,0.129676,-0.004005,1.082011,0.173072,-0.000118,0.902870,0.192340,0.055212,0.728769
-0.001633,-0.019173,0.788941,-0.115769,-0.024188,0.653950,-0.132726,-0.006294,0.348788,-0.146063,-0.061206,0.036718,0.116921,-0.014918,0.657740,0.125066,-0.004440,0.351807,0.127526,-0.048444,0.037869,-0.002621,-0.022210,0.842990,-0.150538,-0.021448,1.073463,-0.186689,-0.031615,0.892919,-0.206314,0.037059,0.723636,0.129960,-0.005369,1.081981,0.172830,-0.001284,0.902719,0.191966,0.053351,0.728385
-0.001767,-0.019590,0.789098,-0.116033,-0.024489,0.654204,-0.133062,-0.007762,0.348981,-0.146515,-0.061303,0.036662,0.116665,-0.015330,0.657787,0.124900,-0.004527,0.351867,0.127377,-0.048189,0.037882,-0.002706,-0.022683,0.843145,-0.150401,-0.021971,1.073759,-0.186435,-0.031535,0.893159,-0.205933,0.037133,0.723859,0.130126,-0.006261,1.082027,0.172820,-0.002358,0.902719,0.192004,0.051466,0.728153
-0.001902,-0.019988,0.789234,-0.116308,-0.024779,0.654447,-0.133026,-0.009309,0.349142,-0.146248,-0.061344,0.036542,0.116399,-0.015790,0.657804,0.124847,-0.004459,0.351911,0.127402,-0.048186,0.037933,-0.002789,-0.023113,0.843280,-0.150209,-0.022684,1.074070,-0.186221,-0.031581,0.893430,-0.205746,0.037321,0.724219,0.130355,-0.007487,1.082042,0.172609,-0.003677,0.902630,0.191505,0.049632,0.727896
