body_0_angvel_x,body_0_angvel_y,body_0_angvel_z,body_1_angvel_x,body_1_angvel_y,body_1_angvel_z,body_2_angvel_x,body_2_angvel_y,body_2_angvel_z,body_3_angvel_x,body_3_angvel_y,body_3_angvel_z,body_4_angvel_x,body_4_angvel_y,body_4_angvel_z,body_5_angvel_x,body_5_angvel_y,body_5_angvel_z,body_6_angvel_x,body_6_angvel_y,body_6_angvel_z,body_7_angvel_x,body_7_angvel_y,body_7_angvel_z,body_8_angvel_x,body_8_angvel_y,body_8_angvel_z,body_9_angvel_x,body_9_angvel_y,body_9_angvel_z,body_10_angvel_x,body_10_angvel_y,body_10_angvel_z,body_11_angvel_x,body_11_angvel_y,body_11_angvel_z,body_12_angvel_x,body_12_angvel_y,body_12_angvel_z,body_13_angvel_x,body_13_angvel_y,body_13_angvel_z
-0.184482,0.060417,-0.200897,0.013727,0.043339,-0.202715,-0.003005,0.020184,0.000514,0.103094,-0.006040,-0.000840,0.407231,-0.003119,-0.208840,-0.292440,0.051115,0.078997,0.077533,-0.026200,0.062573,-0.013300,0.042685,-0.204388,-0.109923,0.055496,-0.178740,-0.043409,0.040883,-0.159048,0.191917,0.379748,-0.534625,0.122227,0.045776,-0.158346,0.067018,0.031756,-0.158758,0.410264,-0.434686,0.256713
-0.178991,0.067334,-0.259426,-0.006155,0.045621,-0.261535,-0.020001,0.014707,0.011424,0.112968,-0.027448,0.009368,0.460787,0.006854,-0.266596,-0.339755,0.062732,0.078403,0.085020,-0.033311,0.059709,-0.013154,0.040715,-0.270916,-0.188039,0.070337,-0.228037,-0.067186,0.042053,-0.193321,0.129798,0.306963,-0.490500,0.138197,0.044797,-0.220648,0.108563,0.037625,-0.216792,0.387867,-0.348753,0.124263
-0.161027,0.074577,-0.345388,-0.043351,0.053832,-0.347415,-0.037823,0.012748,0.019358,0.126015,-0.045012,0.016587,0.513747,0.024092,-0.350558,-0.387197,0.076010,0.072415,0.102510,-0.036123,0.051446,-0.012829,0.041407,-0.370650,-0.290549,0.098293,-0.305484,-0.100898,0.052571,-0.252103,0.053511,0.228937,-0.455493,0.162259,0.047148,-0.313849,0.168641,0.048270,-0.308952,0.376695,-0.245480,-0.052209
-0.127408,0.080261,-0.457179,-0.098255,0.067618,-0.458603,-0.056892,0.015635,0.016082,0.138857,-0.053785,0.012625,0.551115,0.049437,-0.458411,-0.421618,0.088238,0.058761,0.133336,-0.033401,0.035902,-0.011812,0.046003,-0.502187,-0.407339,0.140931,-0.411989,-0.146089,0.076890,-0.338736,-0.031292,0.163422,-0.448355,0.193175,0.054613,-0.437115,0.246623,0.064870,-0.434417,0.390971,-0.138195,-0.256840
-0.082300,0.083116,-0.587655,-0.160799,0.085106,-0.587915,-0.083875,0.023154,-0.005151,0.147609,-0.051596,-0.009317,0.566864,0.081977,-0.582502,-0.436763,0.098024,0.038092,0.175080,-0.027463,0.013708,-0.010415,0.055133,-0.657426,-0.524659,0.197600,-0.542872,-0.205178,0.118325,-0.452839,-0.122356,0.123855,-0.479928,0.224553,0.066131,-0.583988,0.342587,0.086488,-0.584621,0.442758,-0.036185,-0.471081
-0.037162,0.083216,-0.724767,-0.209229,0.104370,-0.723344,-0.131886,0.033809,-0.044302,0.149890,-0.039823,-0.049359,0.569058,0.119004,-0.710788,-0.437682,0.106595,0.013611,0.217117,-0.021825,-0.012283,-0.011082,0.068659,-0.823489,-0.628387,0.267093,-0.689657,-0.279570,0.179870,-0.589453,-0.217876,0.113544,-0.542706,0.242962,0.076465,-0.744274,0.464285,0.108932,-0.747731,0.546629,0.061463,-0.684740
-0.005206,0.081738,-0.853067,-0.214006,0.124502,-0.849447,-0.218063,0.045631,-0.092616,0.144612,-0.023111,-0.099067,0.573933,0.155525,-0.828682,-0.436523,0.116294,-0.012511,0.244293,-0.017171,-0.040042,-0.018394,0.086530,-0.985331,-0.705447,0.350168,-0.842649,-0.363628,0.265345,-0.737491,-0.306218,0.126848,-0.605897,0.228782,0.078601,-0.906427,0.636935,0.126218,-0.914016,0.733161,0.167857,-0.905751
0.005490,0.079494,-0.955566,-0.144217,0.145698,-0.948887,-0.360597,0.057084,-0.135832,0.129043,-0.007875,-0.144674,0.593796,0.183814,-0.920900,-0.443358,0.127720,-0.043032,0.246160,-0.009016,-0.071763,-0.037924,0.110163,-1.126384,-0.744315,0.451541,-0.991369,-0.436715,0.378957,-0.877932,-0.355371,0.155838,-0.616656,0.160770,0.067438,-1.057194,0.908162,0.132418,-1.073603,1.057075,0.301637,-1.159842
-0.005135,0.074661,-1.015027,0.026101,0.168027,-1.003292,-0.574822,0.067252,-0.160572,0.095249,0.000760,-0.173284,0.628228,0.194614,-0.972070,-0.459287,0.138885,-0.085788,0.225013,0.011282,-0.114051,-0.075213,0.142313,-1.226082,-0.735954,0.579402,-1.121595,-0.459766,0.522289,-0.983227,-0.309626,0.197404,-0.505261,0.025169,0.039725,-1.176552,1.335250,0.119736,-1.202133,1.580337,0.465604,-1.465944
-0.030900,0.061422,-1.014631,0.310457,0.189601,-0.993642,-0.865652,0.075536,-0.159885,0.028044,0.003018,-0.177996,0.663470,0.180025,-0.966455,-0.476333,0.147070,-0.148938,0.195663,0.052124,-0.173817,-0.134317,0.184531,-1.257309,-0.674442,0.741372,-1.211912,-0.380378,0.689389,-1.021050,-0.096239,0.253596,-0.192055,-0.170176,-0.010615,-1.231281,1.950948,0.073708,-1.245512,2.326653,0.620229,-1.791451
-0.062046,0.031936,-0.939262,0.700179,0.205681,-0.901950,-1.217598,0.081640,-0.133925,-0.094333,0.006222,-0.158213,0.678051,0.136471,-0.889062,-0.483364,0.150912,-0.233940,0.176428,0.115651,-0.252098,-0.214410,0.233594,-1.189221,-0.555242,0.937557,-1.235028,-0.144785,0.862514,-0.964217,0.355794,0.320435,0.398369,-0.384110,-0.097098,-1.175935,2.727131,-0.027688,-1.126621,3.237320,0.683544,-2.028612
-0.086014,-0.017903,-0.778208,1.157096,0.209348,-0.715622,-1.589422,0.085371,-0.084554,-0.296106,0.020756,-0.114292,0.649555,0.066719,-0.729343,-0.473020,0.150647,-0.330080,0.177835,0.193432,-0.339068,-0.305825,0.279252,-0.996202,-0.369894,1.153525,-1.165387,0.287686,1.011954,-0.803899,1.082218,0.371583,1.297649,-0.546124,-0.240658,-0.965713,3.566899,-0.206511,-0.780638,4.172134,0.577612,-2.033168
-0.088349,-0.082419,-0.528884,1.616891,0.193417,-0.433853,-1.919836,0.085299,-0.008189,-0.595089,0.052363,-0.040906,0.559187,-0.019464,-0.486139,-0.444024,0.146512,-0.414079,0.196811,0.267138,-0.413401,-0.389790,0.305333,-0.668178,-0.100572,1.357545,-0.989083,0.928733,1.102111,-0.561421,2.043773,0.356082,2.421740,-0.579190,-0.462510,-0.575719,4.335604,-0.471841,-0.193619,4.964935,0.291770,-1.706952
-0.057741,-0.145288,-0.200175,2.008065,0.153271,-0.072779,-2.144544,0.076985,0.106344,-0.990232,0.096403,0.074426,0.394808,-0.107085,-0.170919,-0.397558,0.136805,-0.457155,0.219312,0.315207,-0.448384,-0.444441,0.294922,-0.217644,0.277487,1.505533,-0.710816,1.744851,1.102268,-0.293120,3.110034,0.224329,3.517774,-0.428372,-0.770488,-0.016175,4.911416,-0.809048,0.587249,5.495032,-0.096331,-1.056947
0.005550,-0.186190,0.186652,2.280464,0.089131,0.334637,-2.216728,0.052588,0.271874,-1.446766,0.134837,0.245096,0.154650,-0.180828,0.193267,-0.332523,0.117461,-0.437973,0.228321,0.322900,-0.423694,-0.454369,0.237673,0.317737,0.780861,1.551963,-0.355654,2.649858,0.995635,-0.082599,4.096625,-0.032483,4.218216,-0.079073,-1.144038,0.662841,5.227373,-1.177587,1.473182,5.726987,-0.462314,-0.188316
0.085864,-0.191466,0.601538,2.424478,0.005016,0.745851,-2.117189,0.002822,0.491898,-1.881354,0.135599,0.474805,-0.149448,-0.231105,0.577851,-0.245692,0.083831,-0.354050,0.211990,0.289558,-0.336310,-0.417505,0.134985,0.879078,1.397503,1.461564,0.035198,3.521976,0.780716,-0.018951,4.845956,-0.367154,4.213703,0.442402,-1.528691,1.380668,5.287089,-1.519952,2.362734,5.702229,-0.700551,0.753309
0.159462,-0.161949,1.014117,2.464742,-0.095592,1.121321,-1.846343,-0.078846,0.752703,-2.159218,0.061671,0.750214,-0.493466,-0.257217,0.958051,-0.137064,0.033804,-0.223135,0.168947,0.227462,-0.202605,-0.345254,-0.000561,1.400647,2.077128,1.217923,0.415008,4.249801,0.465503,-0.170359,5.300045,-0.708119,3.423052,1.083379,-1.849023,2.050895,5.150796,-1.780378,3.169403,5.499780,-0.767912,1.650167
0.208048,-0.112861,1.402250,2.435256,-0.211150,1.436734,-1.410779,-0.190747,1.028547,-2.127514,-0.103643,1.045422,-0.847602,-0.265013,1.319663,-0.014923,-0.029518,-0.073724,0.109522,0.153025,-0.050259,-0.257030,-0.150840,1.830488,2.741538,0.829283,0.744132,4.782478,0.063218,-0.567291,5.517202,-1.013350,2.021301,1.783218,-2.035558,2.611715,4.902854,-1.925005,3.844630,5.197053,-0.693889,2.454444
0.226897,-0.066030,1.753687,2.359425,-0.334778,1.688802,-0.825152,-0.318913,1.302043,-1.690277,-0.328565,1.340203,-1.182927,-0.260792,1.657465,0.104288,-0.097299,0.067690,0.050916,0.077530,0.093602,-0.172947,-0.298263,2.144313,3.309657,0.332080,0.997225,5.146263,-0.403337,-1.200189,5.626077,-1.294747,0.314289,2.484349,-2.048385,3.042608,4.619304,-1.951529,4.385216,4.851146,-0.562415,3.182077
0.223596,-0.039913,2.060081,2.247582,-0.444882,1.891781,-0.129415,-0.438768,1.583479,-0.880504,-0.531109,1.638371,-1.474875,-0.246761,1.966149,0.200322,-0.157756,0.184286,0.006856,0.004225,0.210513,-0.107364,-0.428132,2.345858,3.724440,-0.210555,1.163866,5.416328,-0.893914,-2.021728,5.751206,-1.589633,-1.421387,3.134579,-1.883857,3.359357,4.349497,-1.882519,4.817498,4.498758,-0.465512,3.867357
0.212206,-0.043515,2.310336,2.104473,-0.509318,2.065386,0.602417,-0.524771,1.904228,0.135868,-0.617021,1.964496,-1.703994,-0.222029,2.232142,0.253404,-0.201363,0.269145,-0.020478,-0.067637,0.292242,-0.064779,-0.527512,2.458924,3.968310,-0.720215,1.248048,5.669247,-1.353265,-2.945484,5.956874,-1.909839,-3.012305,3.686468,-1.565412,3.597061,4.114478,-1.747595,5.169648,4.160705,-0.444667,4.517432
0.207085,-0.076161,2.489978,1.934609,-0.507644,2.218530,1.279945,-0.563308,2.280660,1.138203,-0.534736,2.333812,-1.855424,-0.187618,2.433797,0.246279,-0.225039,0.321580,-0.038352,-0.136457,0.338290,-0.039142,-0.584467,2.518914,4.057931,-1.125150,1.270043,5.948924,-1.731171,-3.847294,6.237038,-2.218887,-4.357996,4.098079,-1.129629,3.794461,3.914340,-1.565887,5.452980,3.842304,-0.463386,5.101118
0.217440,-0.130701,2.586370,1.743161,-0.452471,2.338831,1.828508,-0.558318,2.678850,1.946260,-0.306572,2.719336,-1.918579,-0.149903,2.549592,0.165677,-0.232183,0.344452,-0.055706,-0.194963,0.353415,-0.017048,-0.590575,2.566332,4.019305,-1.380076,1.270345,6.258547,-2.005958,-4.577355,6.542058,-2.455512,-5.364110,4.335878,-0.618824,3.984209,3.735939,-1.340020,5.662508,3.534225,-0.438778,5.570709
0.244178,-0.196988,2.594677,1.536440,-0.386450,2.397225,2.209071,-0.523385,3.014851,2.453602,-0.012660,3.046029,-1.888706,-0.118774,2.567884,0.005481,-0.228852,0.344244,-0.080606,-0.232425,0.346847,0.015995,-0.545685,2.640394,3.856087,-1.466216,1.313849,6.570562,-2.185939,-4.982430,6.808898,-2.576321,-5.911337,4.379218,-0.083297,4.186131,3.558466,-1.065778,5.791243,3.219882,-0.306111,5.892008
0.280590,-0.263953,2.520693,1.324454,-0.355266,2.365565,2.413590,-0.468001,3.190278,2.590208,0.259812,3.215272,-1.769990,-0.102274,2.492415,-0.229196,-0.219409,0.331689,-0.122859,-0.240871,0.331535,0.068688,-0.461351,2.772117,3.529566,-1.369072,1.492400,6.840964,-2.278826,-4.930899,6.971697,-2.574632,-5.880852,4.225468,0.411944,4.399337,3.361363,-0.750744,5.847259,2.887197,-0.062952,6.065633
0.316155,-0.320451,2.379888,1.123641,-0.379669,2.234244,2.445176,-0.393683,3.133140,2.280846,0.463424,3.140356,-1.575960,-0.102867,2.341709,-0.521767,-0.204837,0.319872,-0.193229,-0.220305,0.321245,0.140326,-0.359776,2.979279,2.967011,-1.056908,1.916405,7.020768,-2.250417,-4.333956,6.961750,-2.456994,-5.205072,3.895212,0.785378,4.594907,3.137235,-0.427639,5.864417,2.537692,0.233812,6.135902
0.341536,-0.356215,2.192868,0.956066,-0.444990,2.018917,2.297217,-0.307382,2.821291,1.483866,0.597741,2.780941,-1.322162,-0.118452,2.142855,-0.852875,-0.183914,0.319410,-0.300204,-0.178208,0.325812,0.223283,-0.267863,3.264337,2.106260,-0.491501,2.677745,7.061365,-2.009837,-3.157268,6.719778,-2.201281,-3.897030,3.435783,0.948500,4.714671,2.904115,-0.150939,5.899051,2.192745,0.500986,6.182129
0.353344,-0.363812,1.979128,0.841281,-0.510346,1.755478,1.947823,-0.238693,2.290093,0.315652,0.675852,2.174941,-1.011873,-0.146812,1.922935,-1.216246,-0.155508,0.334478,-0.457674,-0.125416,0.348027,0.309146,-0.209623,3.610828,0.963199,0.322098,3.779734,6.912551,-1.445742,-1.432124,6.222186,-1.747299,-2.051932,2.918185,0.825665,4.679993,2.702916,0.021740,6.008450,1.897070,0.659068,6.287196
0.356344,-0.340844,1.752567,0.780750,-0.531991,1.487026,1.386883,-0.234617,1.631076,-0.878744,0.689713,1.450869,-0.621955,-0.189775,1.702667,-1.631243,-0.120808,0.363649,-0.709729,-0.075984,0.385163,0.391259,-0.200867,3.974138,-0.325842,1.288046,5.076055,6.520928,-0.502242,0.716451,5.494532,-1.049308,0.144724,2.420942,0.376907,4.410252,2.570794,0.050407,6.217641,1.708028,0.647066,6.492976
0.361834,-0.291750,1.522360,0.743703,-0.492632,1.248405,0.669945,-0.322686,0.977309,-1.670949,0.616073,0.791327,-0.099236,-0.252733,1.495586,-2.138923,-0.084935,0.406945,-1.153549,-0.051833,0.436138,0.460160,-0.246145,4.274971,-1.532417,2.235085,6.284646,5.847378,0.752046,3.027413,4.596782,-0.154112,2.387052,2.001568,-0.386430,3.848672,2.500646,-0.078652,6.489974,1.660053,0.432494,6.764856
0.385204,-0.229467,1.299781,0.672023,-0.419856,1.058432,-0.054326,-0.473957,0.466716,-1.836112,0.454545,0.351384,0.620221,-0.336624,1.312378,-2.774661,-0.057565,0.476434,-1.919137,-0.081286,0.512257,0.499124,-0.335847,4.414083,-2.417921,3.002911,7.092183,4.906137,2.115682,5.099333,3.603177,0.778157,4.253442,1.670151,-1.403062,2.989203,2.418287,-0.360579,6.717187,1.724146,0.020321,6.985482
0.446109,-0.175890,1.108071,0.515730,-0.374816,0.928408,-0.598788,-0.610305,0.189202,-1.491315,0.246564,0.185648,1.565590,-0.425165,1.168691,-3.524904,-0.053284,0.603652,-3.069720,-0.182956,0.644752,0.489363,-0.445549,4.313712,-2.801704,3.531806,7.282345,3.794976,3.325086,6.482831,2.603337,1.556232,5.318287,1.381177,-2.585731,1.890265,2.204230,-0.787329,6.733165,1.803545,-0.551215,6.980093
0.566932,-0.157344,0.988034,0.280303,-0.414033,0.878498,-0.845715,-0.655606,0.147169,-0.949199,0.049655,0.237639,2.683104,-0.477951,1.093841,-4.294541,-0.092888,0.835266,-4.459922,-0.347059,0.878810,0.422229,-0.543249,3.958210,-2.590587,3.874861,6.802535,2.679832,4.162138,6.846717,1.706792,2.081364,5.337045,1.048439,-3.852936,0.661503,1.754991,-1.354226,6.347625,1.777685,-1.229099,6.561801
0.763927,-0.193571,0.989533,0.039662,-0.554552,0.940235,-0.808815,-0.581075,0.262215,-0.471171,-0.100791,0.391661,3.829136,-0.439811,1.133236,-4.918213,-0.204279,1.216428,-5.696690,-0.538362,1.252971,0.306621,-0.603727,3.394995,-1.804140,4.121665,5.741903,1.728705,4.527891,6.111720,1.012316,2.393642,4.364197,0.577641,-5.135832,-0.575658,1.048706,-2.049073,5.396466,1.561890,-1.961015,5.583615
1.036492,-0.286392,1.145106,-0.111773,-0.770266,1.135684,-0.598532,-0.406956,0.426937,-0.151034,-0.201470,0.542174,4.825216,-0.264365,1.334218,-5.220731,-0.419297,1.772467,-6.321443,-0.727190,1.779099,0.167870,-0.618906,2.691685,-0.602531,4.304163,4.260096,1.031173,4.445913,4.471882,0.552668,2.596641,2.711802,-0.090868,-6.345180,-1.734497,0.177386,-2.833873,3.801104,1.144417,-2.697113,3.985041
1.365110,-0.417787,1.439654,-0.131221,-1.014788,1.450385,-0.339689,-0.173615,0.562054,0.042902,-0.263820,0.635619,5.541237,0.062122,1.716372,-5.084571,-0.765546,2.495910,-6.095949,-0.923722,2.436308,0.043252,-0.594144,1.889991,0.737697,4.372267,2.522899,0.562472,4.019526,2.310128,0.276663,2.748041,0.796755,-0.943720,-7.333996,-2.791238,-0.675257,-3.638418,1.611408,0.587754,-3.383854,1.815736
1.718537,-0.559577,1.801379,-0.056059,-1.243804,1.825667,-0.115638,0.082546,0.639655,0.176357,-0.297435,0.670224,5.947000,0.509891,2.245287,-4.469874,-1.255049,3.336654,-5.109017,-1.182885,3.176158,-0.023896,-0.535295,0.995383,1.932604,4.256481,0.666027,0.223714,3.383450,0.062840,0.100330,2.828663,-1.010058,-1.881351,-7.912916,-3.781625,-1.304540,-4.374646,-1.000409,0.004584,-3.960284,-0.778835
2.062377,-0.686454,2.125357,0.030864,-1.422684,2.176900,0.038131,0.333239,0.668511,0.291679,-0.307016,0.669278,6.103162,1.011985,2.829502,-3.382768,-1.868156,4.198741,-3.610854,-1.569945,3.931786,0.006220,-0.441811,0.002762,2.819417,3.943781,-1.223300,-0.079280,2.660961,-1.902381,-0.019252,2.794896,-2.457951,-2.741304,-7.926370,-4.766331,-1.568925,-4.963371,-3.793678,-0.474096,-4.365011,-3.595406
2.364597,-0.783316,2.315660,0.055460,-1.528030,2.423329,0.115259,0.553443,0.666275,0.395553,-0.294075,0.653625,6.112270,1.485255,3.343976,-1.842437,-2.532727,4.958589,-1.787242,-2.106111,4.632057,0.157609,-0.313846,-1.070429,3.398032,3.485764,-3.112821,-0.390716,1.926165,-3.351923,-0.056511,2.634093,-3.414171,-3.350656,-7.333730,-5.778924,-1.444484,-5.358004,-6.521548,-0.733670,-4.558383,-6.403724
2.598610,-0.846096,2.320572,-0.018675,-1.552606,2.512022,0.122670,0.721358,0.641851,0.470944,-0.257639,0.628761,6.070377,1.859850,3.667480,0.108760,-3.108311,5.510491,0.301711,-2.722413,5.221482,0.429541,-0.165503,-2.168419,3.758269,2.944198,-5.007150,-0.720876,1.187619,-4.190923,0.049694,2.373882,-3.828231,-3.585524,-6.239078,-6.784229,-1.029622,-5.554765,-8.969539,-0.720596,-4.548903,-8.964181
2.744734,-0.879720,2.142986,-0.191826,-1.508810,2.426661,0.075260,0.825033,0.592360,0.494484,-0.197199,0.585716,6.040731,2.104887,3.716682,2.362536,-3.398073,5.820379,2.621454,-3.249538,5.678292,0.796400,-0.029466,-3.206579,3.971826,2.347062,-6.903689,-1.090078,0.406386,-4.429839,0.336974,2.059252,-3.697337,-3.411518,-4.857789,-7.666389,-0.502182,-5.578687,-10.952809,-0.482644,-4.395232,-11.055235
2.790229,-0.894031,1.824436,-0.443766,-1.422652,2.180194,-0.004111,0.870404,0.507473,0.448907,-0.116502,0.507591,6.043238,2.235214,3.464825,4.719333,-3.203619,5.958744,5.047772,-3.459018,6.024806,1.217364,0.052202,-4.100146,4.036545,1.698624,-8.727364,-1.558813,-0.472747,-4.137859,0.756884,1.711929,-3.047043,-2.890633,-3.441196,-8.239217,-0.044033,-5.446741,-12.283844,-0.163385,-4.172456,-12.520799
2.729919,-0.896084,1.417480,-0.748424,-1.319494,1.798405,-0.085814,0.883515,0.375234,0.326823,-0.023552,0.376658,6.045269,2.291267,2.945539,6.917287,-2.410524,6.091158,7.338066,-3.146404,6.328089,1.649189,0.043548,-4.790888,3.892389,1.019935,-10.261275,-2.223408,-1.494692,-3.413425,1.127072,1.290360,-1.941731,-2.165815,-2.196447,-8.261696,0.232475,-5.131166,-12.737293,0.065222,-3.932331,-13.308079
2.569866,-0.880391,0.966059,-1.079746,-1.210608,1.305934,-0.138337,0.901267,0.189303,0.129366,0.071749,0.182608,5.956789,2.300812,2.246407,8.711012,-1.063988,6.419814,9.189941,-2.223855,6.685932,2.052079,-0.073269,-5.249115,3.470611,0.375873,-11.113235,-3.168923,-2.662556,-2.397917,1.160993,0.702108,-0.527004,-1.433313,-1.236776,-7.494121,0.312690,-4.569226,-12.098051,0.090465,-3.687129,-13.461161
2.333693,-0.822857,0.503030,-1.408920,-1.088729,0.722554,-0.138352,0.950837,-0.042257,-0.129805,0.157501,-0.067018,5.647242,2.247403,1.492686,9.958517,0.610570,7.088120,10.342771,-0.783896,7.192650,2.386349,-0.287685,-5.454463,2.743579,-0.135132,-10.832615,-4.375858,-3.889897,-1.312613,0.637046,-0.095062,0.936869,-0.880145,-0.577249,-5.879847,0.249746,-3.741674,-10.376517,-0.091104,-3.406065,-13.079587
2.064802,-0.686106,0.058699,-1.700889,-0.935822,0.069666,-0.083323,1.029100,-0.291305,-0.415458,0.218855,-0.339594,5.002353,2.077237,0.814790,10.657797,2.269157,8.084941,10.668770,0.897529,7.880142,2.609753,-0.546953,-5.384588,1.767780,-0.432040,-9.242599,-5.616416,-4.963069,-0.448733,-0.375125,-0.978584,2.105549,-0.582564,-0.166769,-3.789190,0.111772,-2.754470,-8.023562,-0.384745,-3.016633,-12.280144
1.813147,-0.440295,-0.334196,-1.916924,-0.739439,-0.618326,0.001899,1.097382,-0.513554,-0.671883,0.241870,-0.582410,4.013233,1.755171,0.300314,10.895178,3.577268,9.194785,10.207589,2.435241,8.635418,2.683439,-0.749075,-5.027830,0.700782,-0.508823,-6.752518,-6.425630,-5.565155,-0.059242,-1.436602,-1.671882,2.658722,-0.454637,0.075606,-1.990349,-0.048146,-1.800533,-5.766291,-0.656317,-2.436404,-11.174088
1.606054,-0.092346,-0.646339,-2.021333,-0.507871,-1.282717,0.074305,1.098723,-0.663088,-0.842690,0.222511,-0.741742,2.837767,1.329170,-0.039817,10.734039,4.331234,10.030248,9.112464,3.459722,9.128830,2.580317,-0.768549,-4.402917,-0.241384,-0.434074,-4.211787,-6.242743,-5.395337,-0.215740,-1.927004,-1.906731,2.433370,-0.345316,0.250640,-1.141636,-0.196459,-1.000854,-4.092826,-0.808383,-1.632643,-9.851657
1.424784,0.298151,-0.859954,-1.987498,-0.273549,-1.836054,0.097063,0.989610,-0.711035,-0.895619,0.173137,-0.786396,1.748616,0.930048,-0.249013,10.130850,4.492902,10.156375,7.540158,3.741784,8.870569,2.288665,-0.524295,-3.561855,-0.894402,-0.276920,-2.275633,-4.725040,-4.351049,-0.772348,-1.405650,-1.606208,1.493375,-0.199211,0.473895,-1.235469,-0.323918,-0.320580,-3.006163,-0.831385,-0.654519,-8.374855
1.214041,0.636055,-0.966409,-1.803236,-0.080655,-2.173865,0.061944,0.766759,-0.658091,-0.833084,0.118837,-0.721180,0.973495,0.686995,-0.356596,8.952061,4.135616,9.268000,5.608137,3.284534,7.501329,1.817757,-0.050875,-2.576794,-1.260440,-0.043410,-0.933439,-2.058770,-2.665852,-1.482802,0.077267,-0.950303,0.088868,-0.081885,0.822098,-1.648453,-0.445575,0.322078,-2.299167,-0.794739,0.390129,-6.784016
0.923019,0.834037,-0.958097,-1.476313,0.037217,-2.206796,-0.010288,0.469840,-0.531659,-0.685022,0.084524,-0.580391,0.569818,0.637252,-0.342862,7.085586,3.373760,7.326029,3.487703,2.343145,5.149025,1.207770,0.496349,-1.526031,-1.529229,0.305354,0.284401,1.013149,-0.868531,-2.141299,1.948392,-0.282891,-1.443405,-0.060760,1.260545,-1.738232,-0.569890,0.907232,-1.818604,-0.788670,1.380585,-5.109146
0.542887,0.850758,-0.831018,-1.036515,0.075315,-1.901221,-0.091952,0.157198,-0.367353,-0.495204,0.081448,-0.404584,0.444519,0.715071,-0.182259,4.562118,2.332857,4.567806,1.493142,1.315452,2.464741,0.526794,0.927901,-0.481977,-1.956222,0.784589,1.746188,3.549496,0.475971,-2.603868,3.425714,0.093201,-2.751621,-0.133359,1.653714,-1.293090,-0.669524,1.317370,-1.405511,-0.868955,2.213896,-3.372717
0.110446,0.701070,-0.598406,-0.532893,0.058251,-1.305080,-0.170217,-0.124819,-0.189848,-0.310589,0.103112,-0.219543,0.453896,0.808791,0.089168,1.600220,1.155730,1.403942,-0.040436,0.525017,0.204010,-0.151911,1.132135,0.498485,-2.672594,1.334524,3.420293,4.896345,1.080700,-2.723496,3.958126,0.100615,-3.506978,-0.273138,1.868206,-0.472513,-0.710195,1.473211,-0.839237,-1.038005,2.814471,-1.594721
-0.316919,0.443487,-0.296674,-0.027227,0.021915,-0.541707,-0.247713,-0.354823,-0.011067,-0.173402,0.134077,-0.036209,0.464994,0.821679,0.363215,-1.448889,0.007484,-1.713978,-1.030905,0.054081,-1.286801,-0.771875,1.116991,1.373384,-3.602850,1.833397,4.995056,4.923194,1.054785,-2.346274,3.451299,-0.096531,-3.474244,-0.470352,1.856349,0.488644,-0.707854,1.442921,0.038598,-1.252098,3.134176,0.184275
-0.687943,0.161524,0.023489,0.418554,-0.007158,0.224623,-0.326244,-0.529702,0.155367,-0.112265,0.164631,0.132012,0.367805,0.707197,0.521237,-4.217026,-0.947618,-4.394729,-1.771970,-0.235319,-2.230377,-1.295809,0.963657,2.104700,-4.567999,2.173068,6.168530,3.916223,0.748372,-1.414277,2.174809,-0.254237,-2.623026,-0.698716,1.652058,1.454625,-0.720570,1.395020,1.217739,-1.437365,3.154197,1.878803
-0.969053,-0.056976,0.308602,0.760136,-0.018040,0.834263,-0.394237,-0.653340,0.283870,-0.134346,0.198556,0.257797,0.087923,0.476714,0.513051,-6.433512,-1.594482,-6.370755,-2.718788,-0.526854,-3.111989,-1.695720,0.755207,2.652874,-5.435142,2.319716,6.825882,2.327630,0.486959,-0.057830,0.527277,-0.234435,-1.178158,-0.882628,1.321112,2.380103,-0.766591,1.422349,2.534307,-1.513343,2.889877,3.368437
-1.144995,-0.146603,0.509237,0.982781,-0.007410,1.175232,-0.429956,-0.730241,0.346463,-0.223945,0.246760,0.310774,-0.396476,0.171694,0.376136,-7.993660,-1.911646,-7.528996,-4.103477,-0.880234,-4.182038,-1.949443,0.538609,2.987513,-6.154798,2.291263,7.010221,0.576107,0.401424,1.442922,-1.143180,-0.067999,0.478997,-0.930611,0.925502,3.238698,-0.776915,1.441201,3.754660,-1.420080,2.390359,4.542740
-1.220480,-0.088928,0.589204,1.097760,0.028767,1.213652,-0.415086,-0.763618,0.334647,-0.348530,0.312016,0.281894,-1.057357,-0.180558,0.176026,-8.959163,-1.970369,-7.906765,-5.766039,-1.200069,-5.242868,-2.049368,0.326868,3.105543,-6.706489,2.094388,6.807187,-1.046977,0.428184,2.801208,-2.607153,0.111864,1.998198,-0.797608,0.513882,3.984042,-0.651273,1.296179,4.681655,-1.136080,1.730033,5.343723
-1.225371,0.083964,0.540537,1.128012,0.094101,0.998718,-0.345637,-0.756307,0.271450,-0.468002,0.378124,0.197050,-1.835486,-0.574901,-0.054674,-9.490710,-1.875576,-7.654794,-7.355664,-1.341976,-5.917918,-2.012673,0.118822,3.039754,-7.056814,1.708261,6.288922,-2.385550,0.423802,3.844736,-3.747300,0.177912,3.186536,-0.509306,0.124776,4.560976,-0.346579,0.931827,5.235589,-0.681336,0.998509,5.776148
-1.215100,0.310233,0.392971,1.095943,0.184069,0.636567,-0.232062,-0.713256,0.200713,-0.543910,0.413412,0.105700,-2.654658,-0.989620,-0.312131,-9.747500,-1.692050,-6.984336,-8.614675,-1.226974,-6.040746,-1.878621,-0.083732,2.851084,-7.168906,1.128413,5.540969,-3.382554,0.288706,4.539953,-4.527410,0.079046,4.008444,-0.134592,-0.208681,4.936496,0.097243,0.431971,5.451807,-0.111353,0.290822,5.892397
-1.256295,0.525821,0.204614,1.019671,0.281711,0.245354,-0.091569,-0.643231,0.162140,-0.548207,0.386881,0.053535,-3.431925,-1.363000,-0.589716,-9.811831,-1.420534,-6.117559,-9.441251,-0.868724,-5.739494,-1.690024,-0.268370,2.610718,-7.030629,0.409670,4.688976,-4.041552,0.022658,4.944654,-4.966148,-0.151276,4.517477,0.258367,-0.458191,5.116364,0.593923,-0.065198,5.420701,0.494429,-0.306735,5.771408
-1.397843,0.681763,0.035294,0.914015,0.363334,-0.085642,0.058132,-0.557729,0.171465,-0.471676,0.286838,0.060074,-4.093573,-1.630296,-0.876299,-9.674312,-1.037364,-5.243772,-9.791645,-0.342503,-5.249979,-1.472528,-0.413452,2.379585,-6.667555,-0.343101,3.875521,-4.407846,-0.303721,5.147608,-5.121635,-0.434836,4.796075,0.626901,-0.604399,5.135252,1.057179,-0.452874,5.232105,1.052745,-0.734945,5.496719
-1.642993,0.749919,-0.080411,0.791496,0.411212,-0.315713,0.199035,-0.468353,0.217664,-0.329510,0.130876,0.114464,-4.594169,-1.781364,-1.165620,-9.271341,-0.550985,-4.482422,-9.622083,0.245235,-4.733340,-1.232714,-0.496443,2.191843,-6.133695,-1.024839,3.207003,-4.555891,-0.614538,5.227032,-5.075936,-0.702258,4.922916,0.951323,-0.641118,5.032380,1.424921,-0.684150,4.943270,1.499925,-0.972985,5.135722
-1.943368,0.724421,-0.143452,0.662380,0.423559,-0.448994,0.311408,-0.384700,0.274141,-0.159008,-0.039761,0.186880,-4.925188,-1.869478,-1.444183,-8.541219,-0.022425,-3.866833,-8.916051,0.778909,-4.228546,-0.977905,-0.505844,2.049747,-5.490678,-1.572414,2.719883,-4.565872,-0.871738,5.232425,-4.911829,-0.922567,4.955984,1.218721,-0.575789,4.835255,1.659743,-0.760533,4.569842,1.803677,-1.033499,4.730888
-2.221200,0.622453,-0.180485,0.534405,0.414374,-0.517095,0.376485,-0.313736,0.313320,-0.006603,-0.180496,0.244854,-5.108265,-1.962746,-1.676972,-7.470209,0.461449,-3.363594,-7.725698,1.162794,-3.700019,-0.733356,-0.448708,1.933596,-4.791216,-1.968655,2.392047,-4.493923,-1.073149,5.185910,-4.687929,-1.092860,4.926421,1.413478,-0.426510,4.562159,1.736876,-0.710626,4.094621,1.957773,-0.947140,4.309881
-2.404784,0.479897,-0.222807,0.412918,0.403848,-0.558080,0.382843,-0.259963,0.317266,0.090624,-0.266028,0.266232,-5.179006,-2.092881,-1.821387,-6.111453,0.832699,-2.920148,-6.180699,1.348805,-3.111704,-0.534111,-0.347648,1.818813,-4.073532,-2.223893,2.177883,-4.362332,-1.230636,5.096051,-4.431900,-1.212738,4.845972,1.524394,-0.217997,4.232954,1.641091,-0.571954,3.500727,1.971011,-0.750970,3.902030
-2.455802,0.337810,-0.286685,0.302219,0.406310,-0.598033,0.332198,-0.224775,0.282132,0.118686,-0.298290,0.245064,-5.169855,-2.247255,-1.859279,-4.569336,1.070454,-2.509500,-4.457773,1.345918,-2.478612,-0.400826,-0.230108,1.686741,-3.364613,-2.360653,2.034556,-4.178767,-1.358835,4.970075,-4.156329,-1.280324,4.719710,1.558222,0.023992,3.871306,1.388147,-0.378097,2.829290,1.861922,-0.485509,3.540036
-2.377836,0.225953,-0.366237,0.207179,0.423699,-0.642502,0.241209,-0.204147,0.215862,0.088767,-0.295377,0.189103,-5.099536,-2.393375,-1.810142,-2.964446,1.197804,-2.141575,-2.728475,1.209192,-1.866158,-0.327657,-0.118253,1.526688,-2.684465,-2.405233,1.928921,-3.960427,-1.474938,4.815081,-3.876480,-1.308823,4.552707,1.540254,0.279247,3.496902,1.048343,-0.149296,2.219727,1.657943,-0.193672,3.244971
-2.207333,0.155427,-0.443278,0.132286,0.448442,-0.683713,0.137533,-0.187036,0.130899,0.028264,-0.274596,0.111293,-4.973814,-2.496568,-1.712327,-1.407801,1.257070,-1.837640,-1.126812,1.016464,-1.352174,-0.292903,-0.024154,1.336798,-2.047229,-2.376828,1.836193,-3.733873,-1.591938,4.631272,-3.609735,-1.326710,4.346559,1.497089,0.536555,3.119833,0.724783,0.105532,1.849566,1.392416,0.085106,3.013214
-1.994060,0.122794,-0.505840,0.077835,0.472791,-0.716010,0.049938,-0.158677,0.038953,-0.033547,-0.245127,0.023665,-4.794633,-2.518774,-1.594623,0.003699,1.284624,-1.597917,0.249499,0.844740,-0.985490,-0.277360,0.050112,1.125309,-1.462416,-2.279263,1.739384,-3.516103,-1.706197,4.408783,-3.366553,-1.349614,4.092689,1.437968,0.790849,2.742806,0.485093,0.375767,1.783770,1.099060,0.323927,2.819859
-1.780336,0.117441,-0.559125,0.037488,0.496760,-0.743523,-0.003424,-0.108611,-0.047623,-0.077657,-0.211797,-0.061198,-4.568629,-2.421703,-1.468328,1.187169,1.300357,-1.397794,1.329744,0.751938,-0.772241,-0.272267,0.109008,0.905491,-0.938327,-2.109227,1.627568,-3.306333,-1.799317,4.133624,-3.151989,-1.362746,3.773868,1.353380,1.037057,2.364788,0.319811,0.641367,1.898898,0.807318,0.513618,2.633083
-1.588565,0.126041,-0.619673,0.001446,0.527945,-0.774129,-0.020926,-0.036894,-0.113947,-0.099328,-0.179855,-0.127751,-4.306121,-2.190062,-1.340826,2.086835,1.308926,-1.218565,2.083883,0.762169,-0.692571,-0.275679,0.158589,0.684845,-0.483731,-1.875122,1.491795,-3.099730,-1.858086,3.796757,-2.971907,-1.347543,3.380965,1.229750,1.266581,1.981532,0.175014,0.880711,1.989107,0.537216,0.659647,2.426062
-1.421656,0.136029,-0.700366,-0.036590,0.573849,-0.810547,-0.012913,0.047356,-0.148378,-0.103536,-0.153907,-0.163224,-4.011660,-1.856104,-1.229045,2.691725,1.301349,-1.080062,2.543689,0.854833,-0.726655,-0.287432,0.202818,0.459808,-0.105540,-1.603931,1.322847,-2.903561,-1.889003,3.397650,-2.826971,-1.323228,2.933460,1.063129,1.467920,1.586987,0.009933,1.079957,1.926786,0.293614,0.772234,2.180858
-1.272704,0.140491,-0.801511,-0.075453,0.634107,-0.850266,0.009154,0.133197,-0.152313,-0.097144,-0.134099,-0.168103,-3.677351,-1.493032,-1.156960,3.033569,1.255883,-1.036210,2.784027,0.969510,-0.867177,-0.308387,0.243165,0.222781,0.193629,-1.327028,1.114111,-2.735088,-1.907452,2.942123,-2.702451,-1.342808,2.477335,0.860463,1.629438,1.179087,-0.184384,1.231063,1.707462,0.066272,0.856737,1.888443
-1.134952,0.141271,-0.914583,-0.109604,0.699933,-0.892346,0.040189,0.213944,-0.141634,-0.084058,-0.115469,-0.158206,-3.289437,-1.172921,-1.141307,3.160451,1.148917,-1.128604,2.858198,1.039735,-1.109473,-0.340864,0.280113,-0.027079,0.416276,-1.063067,0.866334,-2.605943,-1.915301,2.442465,-2.578365,-1.437310,2.051472,0.633384,1.743240,0.765017,-0.399765,1.326895,1.386983,-0.159840,0.911266,1.549245
-1.005838,0.145933,-1.031663,-0.135610,0.761014,-0.940627,0.080393,0.287768,-0.135377,-0.065460,-0.091561,-0.153195,-2.843823,-0.923595,-1.180982,3.111521,0.976235,-1.339031,2.755234,1.040819,-1.430340,-0.386524,0.313596,-0.281740,0.571271,-0.817964,0.589178,-2.512943,-1.896062,1.922159,-2.456385,-1.571880,1.653431,0.394440,1.809078,0.359222,-0.623725,1.363758,1.017397,-0.391421,0.931842,1.173055
-0.885725,0.160887,-1.150390,-0.154816,0.813549,-0.999501,0.129604,0.354560,-0.141641,-0.042362,-0.058290,-0.161771,-2.355584,-0.722251,-1.259653,2.916858,0.765864,-1.589062,2.449075,1.012195,-1.777539,-0.443566,0.341778,-0.531414,0.673898,-0.598379,0.297886,-2.443714,-1.832808,1.416408,-2.367191,-1.667267,1.246635,0.156837,1.834560,-0.024660,-0.842409,1.345943,0.627821,-0.622777,0.918172,0.775016
-0.775763,0.187331,-1.271024,-0.170269,0.862340,-1.067945,0.184163,0.413642,-0.153947,-0.016463,-0.014710,-0.177451,-1.855221,-0.527202,-1.356735,2.617345,0.567066,-1.788113,2.006824,1.029237,-2.080712,-0.506625,0.360811,-0.771064,0.740690,-0.419317,0.007607,-2.387536,-1.725807,0.961341,-2.341041,-1.663331,0.807859,-0.067225,1.830380,-0.380357,-1.043111,1.284482,0.231122,-0.842739,0.874807,0.369153
-0.677367,0.222540,-1.389580,-0.182779,0.914611,-1.137870,0.238568,0.464624,-0.160668,0.011696,0.037513,-0.187799,-1.376958,-0.314717,-1.454658,2.274589,0.423190,-1.882498,1.624104,1.140022,-2.272812,-0.569206,0.367481,-0.999487,0.781401,-0.296110,-0.270765,-2.339931,-1.590656,0.578333,-2.373170,-1.557755,0.364599,-0.270056,1.805503,-0.708326,-1.218190,1.192585,-0.166503,-1.043204,0.809127,-0.034777
-0.592297,0.262295,-1.492972,-0.190608,0.969806,-1.196562,0.289001,0.509948,-0.158494,0.045109,0.091322,-0.187825,-0.945972,-0.091081,-1.537461,1.951507,0.350509,-1.863073,1.506456,1.314104,-2.305013,-0.625853,0.362696,-1.214473,0.797187,-0.230052,-0.531829,-2.300678,-1.443826,0.265419,-2.424240,-1.391983,-0.020105,-0.449548,1.767753,-1.010263,-1.365992,1.083107,-0.559621,-1.221529,0.729297,-0.430163
-0.521467,0.300741,-1.560550,-0.191814,1.014258,-1.230234,0.335063,0.555860,-0.158324,0.090560,0.129666,-0.185986,-0.570536,0.121034,-1.587219,1.680785,0.337272,-1.738888,1.695134,1.452586,-2.154191,-0.672983,0.352116,-1.411330,0.788142,-0.203450,-0.774988,-2.271403,-1.294257,0.000918,-2.453946,-1.213823,-0.299715,-0.606623,1.728108,-1.285567,-1.489457,0.967859,-0.943800,-1.378559,0.642942,-0.813040
-0.462624,0.329793,-1.572830,-0.186095,1.026728,-1.228047,0.378590,0.610002,-0.179394,0.156495,0.127296,-0.198785,-0.245888,0.302288,-1.586790,1.456353,0.358842,-1.517364,2.023082,1.462469,-1.832610,-0.709329,0.343255,-1.586375,0.761414,-0.189936,-1.002652,-2.255003,-1.146706,-0.244170,-2.450218,-1.054272,-0.478973,-0.743677,1.701466,-1.533405,-1.594646,0.856670,-1.319086,-1.517739,0.556485,-1.185784
-0.409088,0.341733,-1.523101,-0.175780,0.990628,-1.187431,0.420601,0.677163,-0.238659,0.249732,0.063441,-0.241111,0.032197,0.445274,-1.529111,1.257614,0.393300,-1.213343,2.249511,1.327018,-1.396382,-0.735755,0.341883,-1.740093,0.730221,-0.171380,-1.216735,-2.253373,-1.007722,-0.491567,-2.426944,-0.926304,-0.601126,-0.866232,1.699869,-1.756718,-1.689947,0.756082,-1.691469,-1.645985,0.475995,-1.560140
-0.351801,0.334118,-1.424332,-0.167036,0.902045,-1.119326,0.458044,0.756633,-0.347149,0.371372,-0.061122,-0.323790,0.257948,0.550451,-1.425083,1.078813,0.426406,-0.868184,2.231323,1.101173,-0.935853,-0.753070,0.350434,-1.875072,0.704036,-0.147525,-1.413835,-2.261142,-0.885482,-0.745312,-2.398731,-0.831613,-0.708782,-0.983261,1.722204,-1.961555,-1.783797,0.668522,-2.065104,-1.772690,0.409052,-1.950814
-0.284429,0.312641,-1.306745,-0.169831,0.768261,-1.049692,0.480517,0.842868,-0.517705,0.510407,-0.212808,-0.462479,0.420549,0.619272,-1.303155,0.934440,0.448555,-0.547674,1.982567,0.850848,-0.544007,-0.758734,0.368401,-1.991183,0.679030,-0.131745,-1.583135,-2.259205,-0.784251,-0.991229,-2.359139,-0.764584,-0.818541,-1.101685,1.749436,-2.151243,-1.881103,0.591573,-2.428729,-1.906114,0.363990,-2.359683
-0.207896,0.288903,-1.207516,-0.194598,0.601816,-1.013456,0.467195,0.927579,-0.773163,0.636686,-0.328073,-0.686443,0.517130,0.652576,-1.200240,0.841609,0.452153,-0.313785,1.612970,0.612498,-0.281712,-0.745745,0.393260,-2.084649,0.638369,-0.137822,-1.711227,-2.216227,-0.700440,-1.207242,-2.279930,-0.714640,-0.923960,-1.218368,1.752339,-2.322335,-1.981129,0.517553,-2.751877,-2.049397,0.343823,-2.764591
-0.130514,0.274130,-1.158106,-0.248008,0.418831,-1.039950,0.385979,0.999698,-1.135157,0.701989,-0.334686,-1.026261,0.559376,0.653806,-1.148776,0.802489,0.432778,-0.194276,1.234346,0.401133,-0.161115,-0.705172,0.421234,-2.152838,0.564319,-0.168456,-1.791492,-2.101199,-0.624287,-1.376515,-2.128906,-0.670352,-1.010575,-1.317927,1.709569,-2.467850,-2.078296,0.435555,-3.002102,-2.197140,0.338654,-3.127032
-0.063850,0.273083,-1.175490,-0.332524,0.243644,-1.136261,0.199301,1.042955,-1.589608,0.657941,-0.187459,-1.475946,0.568550,0.631996,-1.166631,0.802501,0.391657,-0.175151,0.909388,0.230827,-0.153255,-0.630394,0.448093,-2.199540,0.452754,-0.213448,-1.830119,-1.899580,-0.544596,-1.492446,-1.891035,-0.622668,-1.065242,-1.380217,1.622932,-2.585062,-2.163965,0.337381,-3.172106,-2.333091,0.326197,-3.415985
-0.017716,0.282425,-1.260667,-0.448929,0.110374,-1.281914,-0.120473,1.036941,-2.061354,0.484240,0.098632,-1.963475,0.565822,0.600996,-1.254464,0.820428,0.336177,-0.217916,0.653320,0.115974,-0.210780,-0.520385,0.469924,-2.234949,0.317597,-0.257290,-1.843482,-1.622019,-0.452367,-1.554059,-1.579384,-0.563034,-1.080078,-1.392170,1.516153,-2.679874,-2.226568,0.224615,-3.291059,-2.431389,0.285222,-3.629369
0.003299,0.294252,-1.402544,-0.596068,0.050015,-1.442828,-0.570700,0.967302,-2.440344,0.204251,0.442135,-2.375157,0.566435,0.574838,-1.399570,0.838412,0.276936,-0.283417,0.458710,0.059706,-0.290171,-0.381144,0.483458,-2.270649,0.183012,-0.288536,-1.850173,-1.302130,-0.342933,-1.561884,-1.232431,-0.479795,-1.056828,-1.354956,1.417559,-2.763664,-2.251026,0.110812,-3.408214,-2.464393,0.212348,-3.796665
0.001155,0.301369,-1.582564,-0.767269,0.068873,-1.593936,-1.107578,0.839279,-2.650271,-0.128420,0.729761,-2.626348,0.578905,0.562187,-1.581471,0.845782,0.222730,-0.345020,0.314956,0.049348,-0.362534,-0.225058,0.486022,-2.314067,0.071693,-0.303829,-1.864164,-0.985682,-0.217495,-1.520446,-0.900751,-0.360428,-1.007886,-1.281809,1.341459,-2.845487,-2.221931,0.014849,-3.562165,-2.416138,0.124807,-3.958804
-0.017095,0.300078,-1.777691,-0.949994,0.140533,-1.729198,-1.657358,0.680088,-2.694227,-0.461647,0.876392,-2.711385,0.605172,0.563527,-1.775713,0.838606,0.176965,-0.389566,0.214385,0.063786,-0.413729,-0.067896,0.475723,-2.365443,-0.003153,-0.305664,-1.891613,-0.714109,-0.082909,-1.441868,-0.627814,-0.200953,-0.949213,-1.189233,1.282060,-2.925357,-2.132160,-0.051261,-3.757535,-2.294135,0.043809,-4.134750
-0.043409,0.289246,-1.962137,-1.130404,0.222702,-1.851020,-2.143441,0.525564,-2.633078,-0.766911,0.867390,-2.685060,0.639747,0.572697,-1.955649,0.818690,0.137971,-0.413612,0.151445,0.084050,-0.440493,0.075251,0.452095,-2.418015,-0.040077,-0.297717,-1.930959,-0.509539,0.050516,-1.345667,-0.434617,-0.014467,-0.894033,-1.088582,1.221310,-2.992891,-1.991251,-0.090382,-3.962039,-2.129688,-0.025227,-4.297958
-0.073062,0.267941,-2.109405,-1.296486,0.284173,-1.953232,-2.508943,0.403084,-2.525362,-1.036721,0.751833,-2.602881,0.670311,0.581032,-2.094108,0.792895,0.102056,-0.419479,0.120992,0.098854,-0.446175,0.192604,0.416654,-2.461160,-0.046308,-0.281376,-1.976107,-0.371735,0.171173,-1.257297,-0.318698,0.170624,-0.857968,-0.983367,1.142200,-3.032138,-1.822885,-0.116325,-4.118504,-1.963691,-0.094865,-4.386093
-0.106079,0.234516,-2.196046,-1.437112,0.319187,-2.015831,-2.722540,0.324021,-2.388914,-1.266927,0.602044,-2.481848,0.681896,0.581146,-2.167124,0.771344,0.066244,-0.411414,0.117535,0.104675,-0.436343,0.276505,0.372632,-2.484886,-0.031207,-0.255659,-2.020989,-0.287711,0.267434,-1.205762,-0.265296,0.323475,-0.866777,-0.872427,1.037786,-3.029413,-1.649692,-0.141614,-4.159966,-1.827429,-0.179672,-4.342484
-0.145186,0.187826,-2.206646,-1.542149,0.341141,-2.014893,-2.772421,0.286588,-2.209878,-1.442535,0.477372,-2.308986,0.662994,0.568744,-2.159397,0.763537,0.029119,-0.392129,0.134588,0.103413,-0.414865,0.324079,0.323804,-2.482980,-0.000269,-0.220544,-2.061812,-0.243016,0.329423,-1.215613,-0.257302,0.425560,-0.948966,-0.754866,0.911887,-2.979090,-1.475673,-0.167816,-4.018239,-1.732066,-0.280443,-4.156983
-0.192405,0.129295,-2.137279,-1.606681,0.364825,-1.937086,-2.658465,0.281141,-1.977343,-1.537013,0.407695,-2.075271,0.609991,0.542443,-2.068408,0.773558,-0.009639,-0.361423,0.164800,0.099335,-0.382263,0.338238,0.273141,-2.452953,0.046367,-0.180945,-2.095089,-0.225220,0.351787,-1.293548,-0.276380,0.476927,-1.114024,-0.632270,0.774270,-2.884015,-1.286104,-0.186703,-3.644345,-1.671214,-0.383317,-3.872570
-0.246469,0.064227,-1.995282,-1.634728,0.392174,-1.787290,-2.388900,0.292702,-1.707897,-1.524933,0.389034,-1.797907,0.527863,0.502360,-1.904641,0.797201,-0.049985,-0.317892,0.201183,0.096152,-0.337344,0.327477,0.222258,-2.393775,0.110529,-0.147266,-2.114084,-0.220798,0.335667,-1.419522,-0.300483,0.490620,-1.337092,-0.507608,0.636107,-2.751821,-1.074886,-0.191299,-3.064390,-1.630417,-0.470834,-3.557231
-0.302088,0.000981,-1.796069,-1.636963,0.410563,-1.585724,-1.982686,0.302289,-1.443337,-1.401453,0.386570,-1.514876,0.427591,0.448853,-1.687956,0.823473,-0.091898,-0.261996,0.238484,0.095301,-0.280380,0.303059,0.171912,-2.304302,0.190945,-0.131061,-2.108380,-0.212699,0.287852,-1.552824,-0.305821,0.480709,-1.567053,-0.383734,0.508382,-2.591222,-0.874708,-0.186254,-2.428318,-1.595538,-0.532296,-3.269511
-0.351640,-0.052892,-1.559416,-1.623851,0.401892,-1.358716,-1.474323,0.290610,-1.229712,-1.193676,0.346725,-1.263088,0.322652,0.382942,-1.441869,0.839872,-0.134874,-0.196821,0.273201,0.095514,-0.214136,0.274486,0.122905,-2.184554,0.280357,-0.138529,-2.068562,-0.183174,0.217292,-1.652378,-0.273940,0.453332,-1.753857,-0.263914,0.401230,-2.411079,-0.739110,-0.183556,-1.940056,-1.555512,-0.565507,-3.042520
-0.389000,-0.095660,-1.306839,-1.600595,0.354241,-1.130017,-0.914311,0.244039,-1.095609,-0.947645,0.218405,-1.061561,0.226968,0.307909,-1.188354,0.837660,-0.176808,-0.125892,0.302423,0.093043,-0.141907,0.246208,0.076671,-2.038493,0.366716,-0.166728,-1.992340,-0.120089,0.131496,-1.697126,-0.197660,0.406613,-1.874050,-0.153240,0.321716,-2.221002,-0.680245,-0.186220,-1.684352,-1.500021,-0.571727,-2.886996
-0.412825,-0.132957,-1.059415,-1.566329,0.269491,-0.916497,-0.360554,0.160009,-1.038840,-0.691793,-0.021053,-0.908790,0.154024,0.229183,-0.945032,0.813642,-0.213913,-0.052145,0.322947,0.083177,-0.066542,0.217706,0.035376,-1.874217,0.437537,-0.205295,-1.885767,-0.021409,0.035031,-1.691179,-0.080862,0.336895,-1.935560,-0.058300,0.270997,-2.030012,-0.648551,-0.183298,-1.568431,-1.416810,-0.550527,-2.798162
-0.425820,-0.173392,-0.835061,-1.514593,0.164522,-0.727834,0.134128,0.049082,-1.022499,-0.408560,-0.345811,-0.787946,0.114517,0.151402,-0.724963,0.768752,-0.242694,0.019170,0.331604,0.064104,0.006715,0.186322,0.001549,-1.700172,0.484329,-0.241939,-1.758030,0.105601,-0.069718,-1.652257,0.066616,0.244152,-1.960814,0.015338,0.243677,-1.842851,-0.595492,-0.166185,-1.480382,-1.293606,-0.499694,-2.755526
-0.430351,-0.221596,-0.645541,-1.434441,0.064823,-0.568008,0.530374,-0.068177,-0.985303,-0.051109,-0.683156,-0.673620,0.112193,0.075399,-0.537275,0.706192,-0.262570,0.077502,0.326484,0.040374,0.067294,0.150348,-0.022727,-1.521133,0.504608,-0.267606,-1.615385,0.248475,-0.180659,-1.596338,0.233150,0.132750,-1.964952,0.065700,0.230477,-1.658052,-0.528975,-0.141288,-1.430042,-1.125196,-0.419888,-2.720410
-0.425407,-0.274742,-0.494314,-1.316527,-0.008403,-0.436726,0.806767,-0.170058,-0.870551,0.400096,-0.943701,-0.541698,0.141749,-0.001562,-0.386515,0.630442,-0.276554,0.110129,0.308008,0.020958,0.102457,0.110622,-0.037054,-1.338062,0.501518,-0.279109,-1.460001,0.392329,-0.294119,-1.530721,0.405100,0.009490,-1.946439,0.095522,0.222152,-1.470735,-0.481270,-0.119210,-1.468089,-0.920342,-0.319245,-2.642835
-0.408365,-0.325043,-0.376547,-1.162994,-0.049914,-0.330269,0.963982,-0.244070,-0.659245,0.896465,-1.065504,-0.381203,0.191759,-0.082315,-0.271006,0.546554,-0.289228,0.111133,0.278788,0.012356,0.106228,0.070426,-0.043937,-1.151046,0.482109,-0.279416,-1.292908,0.520573,-0.404060,-1.455428,0.564912,-0.117863,-1.892515,0.112065,0.211706,-1.277553,-0.450100,-0.099471,-1.545539,-0.700883,-0.213046,-2.479628
-0.378606,-0.365059,-0.282046,-0.990606,-0.070960,-0.242417,1.024581,-0.291103,-0.379815,1.342537,-1.044129,-0.198868,0.249894,-0.166084,-0.182934,0.459656,-0.303969,0.088208,0.242121,0.014148,0.086136,0.034087,-0.049035,-0.961482,0.454235,-0.276111,-1.116155,0.617244,-0.503292,-1.365633,0.692794,-0.241159,-1.789545,0.125796,0.194237,-1.079105,-0.400701,-0.074536,-1.540277,-0.490771,-0.117944,-2.212370
-0.338170,-0.390823,-0.200047,-0.821710,-0.088981,-0.166229,1.023060,-0.320831,-0.087722,1.656950,-0.929405,-0.013365,0.305310,-0.247590,-0.111886,0.375521,-0.322009,0.060083,0.200576,0.021479,0.060581,0.004928,-0.059578,-0.772451,0.422583,-0.278117,-0.932769,0.671816,-0.585865,-1.253062,0.772336,-0.352332,-1.630792,0.147558,0.166332,-0.879315,-0.308454,-0.044217,-1.385280,-0.303271,-0.046073,-1.854073
-0.289201,-0.401010,-0.123254,-0.671711,-0.117128,-0.096427,0.990593,-0.344034,0.163021,1.810458,-0.792173,0.152509,0.347273,-0.319605,-0.050150,0.302150,-0.343867,0.045796,0.156055,0.030063,0.048055,-0.016351,-0.081364,-0.589293,0.386291,-0.291687,-0.747133,0.682059,-0.648627,-1.110097,0.795744,-0.443840,-1.421476,0.184933,0.126610,-0.684816,-0.176959,-0.019656,-1.116442,-0.137374,-0.004273,-1.444284
-0.231898,-0.394437,-0.049118,-0.544260,-0.161030,-0.030904,0.945292,-0.368278,0.336074,1.816699,-0.684055,0.276340,0.363606,-0.376737,0.003956,0.250537,-0.371208,0.054206,0.110934,0.037582,0.056617,-0.031788,-0.116203,-0.420026,0.340380,-0.317851,-0.566142,0.652095,-0.690929,-0.936295,0.765497,-0.509409,-1.180068,0.239993,0.076858,-0.504659,-0.023674,-0.015143,-0.819771,0.015521,0.003229,-1.037585
-0.165461,-0.369120,0.021656,-0.435095,-0.220649,0.029869,0.893292,-0.397559,0.416444,1.705281,-0.616730,0.340703,0.342322,-0.417513,0.047127,0.232594,-0.406710,0.081184,0.069623,0.041876,0.081263,-0.044782,-0.161637,-0.272854,0.280424,-0.352830,-0.398134,0.588101,-0.713217,-0.741258,0.692159,-0.545527,-0.932057,0.309591,0.022219,-0.347733,0.135456,-0.038525,-0.568373,0.162400,-0.025050,-0.687637
-0.090671,-0.323563,0.087467,-0.337850,-0.292346,0.084700,0.835485,-0.432991,0.409129,1.507691,-0.570962,0.339735,0.276353,-0.443709,0.075166,0.256215,-0.451617,0.114535,0.040995,0.040321,0.109509,-0.058265,-0.212933,-0.150852,0.207228,-0.390581,-0.248787,0.495282,-0.715572,-0.540598,0.588802,-0.552839,-0.697909,0.386762,-0.030149,-0.217794,0.289198,-0.086057,-0.392746,0.303290,-0.083133,-0.427755
-0.011329,-0.258682,0.146962,-0.246955,-0.369706,0.132766,0.772230,-0.472801,0.335393,1.257156,-0.522181,0.283139,0.168504,-0.458397,0.086537,0.319930,-0.503029,0.140803,0.040657,0.030779,0.129187,-0.073525,-0.265646,-0.048440,0.128273,-0.425305,-0.117591,0.377972,-0.697419,-0.348993,0.465020,-0.535962,-0.485092,0.461691,-0.073333,-0.110251,0.428263,-0.143047,-0.279559,0.431406,-0.154509,-0.255845
0.066503,-0.178989,0.198516,-0.157986,-0.444061,0.173139,0.703562,-0.512109,0.226076,0.989357,-0.459752,0.193327,0.033075,-0.464527,0.083117,0.410756,-0.553305,0.149018,0.089424,0.010220,0.132663,-0.090058,-0.316929,0.046229,0.054736,-0.452697,0.001425,0.242154,-0.659107,-0.175965,0.325436,-0.501449,-0.291616,0.522748,-0.102849,-0.014355,0.544315,-0.190163,-0.187488,0.537306,-0.217252,-0.135673
0.136286,-0.093172,0.239689,-0.067779,-0.505693,0.204269,0.628108,-0.543586,0.113111,0.737717,-0.388158,0.097304,-0.107363,-0.464268,0.069396,0.506330,-0.591592,0.131342,0.204622,-0.027713,0.116712,-0.106041,-0.364857,0.144721,-0.003607,-0.470226,0.115666,0.098063,-0.604170,-0.025048,0.174417,-0.455050,-0.115419,0.558904,-0.117937,0.081045,0.630578,-0.212474,-0.072806,0.613146,-0.255001,-0.015855
0.192686,-0.013945,0.268112,0.024531,-0.546020,0.224822,0.544136,-0.559559,0.021550,0.526534,-0.316468,0.017805,-0.228059,-0.458226,0.052128,0.579100,-0.605727,0.083825,0.385731,-0.088251,0.081362,-0.118892,-0.406690,0.253163,-0.041556,-0.476933,0.230384,-0.039450,-0.539546,0.105989,0.022768,-0.400195,0.042742,0.563072,-0.121572,0.183190,0.682645,-0.205304,0.090881,0.654198,-0.264125,0.146237
0.233084,0.044175,0.283367,0.116094,-0.560225,0.235368,0.452849,-0.554935,-0.036265,0.366753,-0.249663,-0.033223,-0.307855,-0.443693,0.040495,0.599527,-0.583284,0.010319,0.601860,-0.160826,0.031911,-0.125737,-0.438004,0.371860,-0.057806,-0.473070,0.347777,-0.153492,-0.472860,0.224957,-0.110321,-0.338951,0.186474,0.534491,-0.119346,0.295160,0.698264,-0.173863,0.307456,0.658486,-0.251302,0.370160
0.258533,0.069629,0.288659,0.200048,-0.548742,0.239714,0.361075,-0.529198,-0.061684,0.256798,-0.188453,-0.056106,-0.333981,-0.412576,0.045743,0.538591,-0.512657,-0.070929,0.792462,-0.208615,-0.015236,-0.123878,-0.454047,0.498190,-0.052874,-0.460165,0.468292,-0.229823,-0.409421,0.344268,-0.203746,-0.274472,0.330850,0.479263,-0.117631,0.417820,0.677178,-0.128394,0.565298,0.626653,-0.225637,0.651557
0.273218,0.059133,0.291381,0.267295,-0.516392,0.245181,0.280324,-0.486067,-0.064148,0.187089,-0.133697,-0.058534,-0.307219,-0.351766,0.079509,0.374043,-0.386524,-0.124349,0.889023,-0.184959,-0.029255,-0.111121,-0.452828,0.628985,-0.029004,-0.441520,0.592065,-0.261514,-0.351912,0.477940,-0.245660,-0.212185,0.497532,0.409544,-0.121514,0.550555,0.621374,-0.079153,0.845026,0.561947,-0.193297,0.968788
0.282110,0.020533,0.302201,0.309958,-0.470033,0.261527,0.222100,-0.431459,-0.052504,0.145478,-0.088530,-0.047706,-0.245873,-0.249220,0.150320,0.103198,-0.208246,-0.107577,0.850160,-0.074523,0.025259,-0.085827,-0.437712,0.760231,0.008063,-0.421290,0.718381,-0.250659,-0.301887,0.635906,-0.240198,-0.157929,0.698838,0.341323,-0.133043,0.689448,0.536200,-0.034209,1.121197,0.470173,-0.157557,1.289724
0.287744,-0.029049,0.332419,0.324975,-0.416684,0.298429,0.192802,-0.371563,-0.030202,0.121637,-0.056551,-0.026107,-0.182224,-0.104393,0.259291,-0.245170,0.003574,0.002971,0.685386,0.081802,0.163853,-0.047187,-0.416850,0.885230,0.048511,-0.401634,0.843343,-0.206302,-0.260412,0.817348,-0.204405,-0.114986,0.924796,0.290101,-0.150457,0.825168,0.432113,0.000242,1.361951,0.360479,-0.121120,1.577397
0.287610,-0.069861,0.390142,0.316167,-0.362684,0.362169,0.191849,-0.311805,0.003161,0.110029,-0.039361,0.006886,-0.148538,0.064942,0.398034,-0.612752,0.219016,0.187839,0.447141,0.215155,0.360606,0.003788,-0.398693,0.994399,0.080993,-0.380645,0.958751,-0.140686,-0.227439,1.007523,-0.159187,-0.083679,1.145709,0.265072,-0.168727,0.944117,0.325131,0.019906,1.535208,0.246502,-0.086879,1.797702
0.274443,-0.087465,0.476647,0.293285,-0.313078,0.452697,0.213383,-0.256273,0.047663,0.110187,-0.036134,0.051135,-0.161713,0.227117,0.550672,-0.929229,0.407987,0.385592,0.199199,0.285580,0.552310,0.063128,-0.386740,1.078482,0.097424,-0.353429,1.054563,-0.066190,-0.201259,1.181349,-0.121400,-0.063533,1.328209,0.264990,-0.181247,1.033713,0.233945,0.024301,1.622272,0.145416,-0.056607,1.929113
0.240758,-0.076993,0.584598,0.267490,-0.270865,0.562177,0.249333,-0.207367,0.100431,0.122938,-0.044413,0.103503,-0.219728,0.350154,0.698188,-1.133429,0.549341,0.523203,-0.011308,0.303279,0.669091,0.124087,-0.378040,1.133157,0.097071,-0.315270,1.123384,0.006684,-0.178758,1.312167,-0.100111,-0.053993,1.450762,0.279214,-0.182143,1.088259,0.174126,0.018483,1.628259,0.073224,-0.029938,1.968480
0.185054,-0.042106,0.699035,0.245401,-0.236610,0.675759,0.292058,-0.165838,0.155384,0.145149,-0.060750,0.157782,-0.310436,0.413788,0.822000,-1.187241,0.632122,0.550818,-0.162150,0.292683,0.665572,0.179049,-0.366407,1.161097,0.086879,-0.264445,1.163431,0.070737,-0.156591,1.381104,-0.096283,-0.051682,1.507735,0.294017,-0.168596,1.111145,0.152516,0.011611,1.580023,0.037543,-0.005416,1.930319
0.114550,0.008544,0.800950,0.225960,-0.208793,0.774834,0.336124,-0.131173,0.204243,0.168539,-0.081502,0.205690,-0.420934,0.412691,0.906218,-1.081151,0.652152,0.456499,-0.249286,0.246690,0.531892,0.221939,-0.346941,1.169779,0.077345,-0.203453,1.178218,0.122786,-0.132769,1.383435,-0.104844,-0.047410,1.503804,0.300269,-0.142168,1.112319,0.164357,0.012324,1.511139,0.031760,0.017324,1.843383
0.041935,0.063805,0.872316,0.202265,-0.184590,0.842171,0.378960,-0.101896,0.238345,0.184532,-0.104040,0.238586,-0.538981,0.354577,0.940604,-0.834865,0.610233,0.264845,-0.278486,0.128838,0.292909,0.249734,-0.318363,1.166849,0.076407,-0.138585,1.173928,0.163379,-0.107530,1.330639,-0.118325,-0.027726,1.448253,0.298055,-0.108204,1.103308,0.194148,0.024060,1.442421,0.034537,0.036304,1.747675
-0.020760,0.110955,0.900945,0.166592,-0.160681,0.867122,0.419991,-0.075723,0.251087,0.189859,-0.126683,0.249901,-0.649219,0.259053,0.924489,-0.495312,0.514328,0.032918,-0.263898,-0.073551,0.008699,0.262689,-0.282576,1.156214,0.085377,-0.078261,1.156367,0.195513,-0.082911,1.247210,-0.130327,0.017820,1.355037,0.296168,-0.073432,1.092601,0.220678,0.043147,1.367486,0.017232,0.047970,1.688699
-0.066151,0.137886,0.883745,0.115455,-0.134202,0.848693,0.458483,-0.050120,0.240554,0.186328,-0.146466,0.237851,-0.732135,0.154847,0.868197,-0.129942,0.382585,-0.162673,-0.229094,-0.303424,-0.235084,0.263735,-0.243004,1.136788,0.099538,-0.031076,1.128875,0.222283,-0.061765,1.161883,-0.137019,0.087612,1.245266,0.306899,-0.043174,1.082913,0.225891,0.060782,1.255760,-0.041922,0.049469,1.703915
-0.091459,0.138479,0.827634,0.052772,-0.104002,0.795308,0.491233,-0.023612,0.211306,0.175435,-0.157862,0.207270,-0.769977,0.070169,0.789031,0.189081,0.241850,-0.258667,-0.198490,-0.455908,-0.362949,0.257598,-0.203138,1.104309,0.112720,-0.004201,1.092109,0.243833,-0.046941,1.096632,-0.137034,0.163919,1.145206,0.338445,-0.019610,1.070969,0.204368,0.068711,1.083045,-0.143694,0.041146,1.804480
-0.096538,0.117080,0.747278,-0.010732,-0.071469,0.721365,0.512039,0.003114,0.173499,0.155464,-0.155657,0.168599,-0.755943,0.020355,0.704012,0.408002,0.119762,-0.240522,-0.181462,-0.456946,-0.352537,0.249571,-0.165706,1.055271,0.122229,-0.001906,1.045812,0.256214,-0.040545,1.059880,-0.131190,0.219160,1.077463,0.389159,-0.001893,1.050241,0.166429,0.065470,0.868780,-0.264037,0.027193,1.966027
-0.083107,0.085787,0.659612,-0.062350,-0.039745,0.641936,0.514050,0.027783,0.138379,0.125546,-0.139888,0.133162,-0.698625,0.003837,0.624601,0.510181,0.034766,-0.145982,-0.168588,-0.321567,-0.243877,0.243613,-0.132350,0.990494,0.130310,-0.023947,0.991065,0.254578,-0.043195,1.047501,-0.122516,0.230557,1.049864,0.447626,0.012231,1.015578,0.130786,0.057271,0.671835,-0.364837,0.012879,2.138917
-0.056041,0.055922,0.578024,-0.092759,-0.011485,0.568429,0.493459,0.048679,0.113123,0.091137,-0.117459,0.107877,-0.617418,0.009641,0.556369,0.517018,-0.008651,-0.032389,-0.147155,-0.137845,-0.105450,0.240667,-0.103787,0.915790,0.141331,-0.064935,0.931134,0.238714,-0.053844,1.049330,-0.115735,0.192850,1.050327,0.498494,0.024676,0.966695,0.113088,0.052047,0.541051,-0.411968,0.000323,2.270395
-0.024006,0.032358,0.509815,-0.097649,0.012928,0.507237,0.451172,0.066322,0.099373,0.062447,-0.098214,0.093940,-0.532515,0.027477,0.501497,0.469883,-0.016963,0.059409,-0.116861,-0.001132,0.008789,0.238739,-0.080444,0.839304,0.157378,-0.116031,0.870399,0.215547,-0.070508,1.055775,-0.115453,0.119066,1.052578,0.529776,0.036324,0.907949,0.121484,0.053580,0.486461,-0.388782,-0.012795,2.321854
0.003802,0.014910,0.456686,-0.076970,0.034949,0.460105,0.391463,0.082749,0.095229,0.046324,-0.088429,0.089134,-0.456708,0.051344,0.459961,0.406566,-0.001389,0.116570,-0.088002,0.041882,0.078081,0.234749,-0.063031,0.767586,0.175948,-0.168063,0.812298,0.196095,-0.091092,1.060607,-0.123491,0.030480,1.029309,0.537243,0.047318,0.845172,0.158088,0.061324,0.498288,-0.299911,-0.029918,2.274831
0.023366,0.002473,0.415787,-0.035224,0.055668,0.424336,0.319967,0.099136,0.096834,0.040964,-0.086695,0.089666,-0.393158,0.077061,0.428536,0.347835,0.026317,0.144131,-0.068343,0.005554,0.107496,0.226485,-0.052054,0.702919,0.191460,-0.213661,0.757550,0.189560,-0.113179,1.059854,-0.136982,-0.054109,0.964135,0.524388,0.057786,0.782381,0.216820,0.072774,0.558394,-0.167238,-0.051066,2.129468
0.038340,-0.005314,0.380974,0.018383,0.074218,0.393605,0.242760,0.114369,0.098355,0.038898,-0.085127,0.090156,-0.338053,0.099974,0.400652,0.297837,0.055975,0.151331,-0.055913,-0.060576,0.111776,0.213487,-0.046300,0.643005,0.199393,-0.247769,0.703649,0.198786,-0.133272,1.049684,-0.148594,-0.122765,0.856611,0.499140,0.068643,0.720234,0.281056,0.084782,0.626677,-0.020759,-0.071256,1.898518
0.056370,-0.009034,0.345395,0.073006,0.088397,0.360805,0.165508,0.125977,0.093141,0.033608,-0.075222,0.084517,-0.285202,0.115928,0.369160,0.252081,0.080758,0.145029,-0.043637,-0.109577,0.103752,0.196916,-0.042085,0.582898,0.199764,-0.267665,0.646146,0.219503,-0.147085,1.025852,-0.149091,-0.169255,0.720205,0.469553,0.081692,0.656602,0.331360,0.094872,0.651183,0.112231,-0.082876,1.600836
0.082947,-0.010380,0.304576,0.121315,0.096735,0.321546,0.091644,0.132205,0.077654,0.022717,-0.054042,0.069490,-0.230327,0.123362,0.329947,0.205808,0.098108,0.129492,-0.027695,-0.121405,0.090467,0.178660,-0.034816,0.518358,0.197199,-0.273143,0.581392,0.243158,-0.151386,0.984866,-0.131032,-0.190445,0.576028,0.440535,0.098350,0.588938,0.357386,0.102563,0.604986,0.214242,-0.079836,1.259842
0.118220,-0.011496,0.257885,0.162449,0.100065,0.275724,0.021110,0.133258,0.055387,0.006905,-0.025762,0.048294,-0.173185,0.123736,0.283295,0.158429,0.108809,0.108061,-0.010659,-0.103846,0.074411,0.160109,-0.021827,0.448863,0.197848,-0.266354,0.509125,0.261260,-0.145855,0.925591,-0.091895,-0.185139,0.445750,0.412904,0.117977,0.517102,0.360419,0.108871,0.501268,0.277966,-0.060700,0.905424
0.158081,-0.013640,0.207829,0.200362,0.101171,0.226515,-0.048326,0.130891,0.035979,-0.012127,0.002007,0.029828,-0.116575,0.119919,0.232570,0.112868,0.114956,0.083910,0.001748,-0.077557,0.056233,0.141657,-0.003877,0.378189,0.206011,-0.250972,0.433045,0.268647,-0.133240,0.850144,-0.035213,-0.154911,0.346276,0.385039,0.137584,0.444475,0.346844,0.114449,0.374480,0.302764,-0.029256,0.571665
0.196918,-0.016638,0.158568,0.239365,0.102639,0.178455,-0.117764,0.126959,0.028627,-0.032675,0.023042,0.022548,-0.063839,0.114102,0.182329,0.072227,0.118188,0.059886,0.005730,-0.059215,0.036796,0.123579,0.015824,0.312246,0.222830,-0.230987,0.359052,0.264592,-0.117762,0.763552,0.030796,-0.105710,0.287076,0.355917,0.153171,0.376530,0.322048,0.118247,0.255912,0.292444,0.007169,0.288585
0.229484,-0.019663,0.114763,0.280545,0.104858,0.136112,-0.184855,0.122252,0.035163,-0.053035,0.035002,0.028074,-0.017668,0.107020,0.137283,0.038015,0.118969,0.038673,0.002102,-0.053044,0.018312,0.107165,0.033874,0.256174,0.246873,-0.209678,0.292821,0.252194,-0.103126,0.672562,0.096410,-0.048267,0.269649,0.327120,0.161382,0.318416,0.288931,0.117645,0.163833,0.255067,0.040409,0.075539
0.251606,-0.022450,0.080631,0.321169,0.106030,0.103356,-0.244501,0.116530,0.049390,-0.071042,0.039129,0.040629,0.019093,0.098826,0.101745,0.011380,0.116922,0.023122,-0.004548,-0.053367,0.004310,0.094421,0.048305,0.212715,0.275084,-0.189059,0.238205,0.236594,-0.091356,0.583971,0.153566,0.004014,0.287644,0.302207,0.160510,0.273356,0.249174,0.109969,0.105404,0.202059,0.064166,-0.058690
0.260726,-0.025707,0.058715,0.356506,0.104075,0.082513,-0.291406,0.109447,0.062796,-0.084050,0.037786,0.052355,0.042940,0.090242,0.078613,-0.005309,0.111715,0.015466,-0.008992,-0.052950,-0.002088,0.086609,0.058770,0.181670,0.303325,-0.169786,0.196272,0.222444,-0.082736,0.502240,0.197218,0.039474,0.326348,0.284229,0.150947,0.241696,0.205511,0.094838,0.081415,0.145739,0.076356,-0.113860
0.256517,-0.030368,0.048703,0.382211,0.098378,0.073314,-0.322069,0.101232,0.070344,-0.089846,0.031680,0.058616,0.051436,0.082421,0.067971,-0.009466,0.103695,0.015326,-0.008366,-0.049275,-0.000819,0.083364,0.065907,0.159609,0.326964,-0.151471,0.164582,0.211796,-0.076402,0.427263,0.224865,0.052758,0.363483,0.273596,0.135135,0.220043,0.163600,0.075488,0.087447,0.097008,0.079996,-0.099962
0.240898,-0.036501,0.047094,0.395678,0.089878,0.072372,-0.335393,0.092478,0.071450,-0.087797,0.019937,0.058868,0.046246,0.075804,0.066361,-0.001230,0.093789,0.018891,-0.002915,-0.044431,0.004263,0.083133,0.070742,0.140470,0.342071,-0.133361,0.137652,0.203669,-0.071150,0.354659,0.235836,0.046524,0.375500,0.267667,0.116634,0.201601,0.131366,0.057524,0.112446,0.064002,0.081458,-0.039259
0.217170,-0.042918,0.048201,0.396094,0.079968,0.073916,-0.332454,0.083453,0.067552,-0.079070,0.002927,0.054457,0.034472,0.069511,0.067652,0.014866,0.082940,0.021030,0.005409,-0.041049,0.007855,0.084132,0.074357,0.117825,0.346857,-0.115084,0.109248,0.195237,-0.066063,0.278954,0.231251,0.029028,0.347949,0.261952,0.098814,0.178691,0.115760,0.046149,0.140320,0.051616,0.087011,0.037659
0.188991,-0.047771,0.046237,0.383932,0.069640,0.071865,-0.315812,0.073839,0.060184,-0.065771,-0.016147,0.046904,0.026101,0.062110,0.065420,0.031389,0.071733,0.018694,0.014449,-0.039328,0.006928,0.084929,0.077593,0.087814,0.342415,-0.096909,0.075245,0.183520,-0.060766,0.196989,0.213951,0.009278,0.281872,0.252028,0.084139,0.146256,0.119439,0.044240,0.155628,0.061701,0.099988,0.101640
0.159919,-0.049486,0.037585,0.360514,0.059506,0.062310,-0.288636,0.063289,0.050566,-0.050041,-0.032864,0.037495,0.028616,0.052983,0.055649,0.041436,0.060447,0.012392,0.022181,-0.037510,0.002168,0.084621,0.080731,0.050590,0.332228,-0.079437,0.035043,0.166648,-0.055301,0.108984,0.187639,-0.006962,0.190656,0.235237,0.073858,0.103833,0.139709,0.051837,0.149832,0.092904,0.119487,0.134367
0.133188,-0.047312,0.021961,0.327558,0.050070,0.044851,-0.253903,0.052043,0.039565,-0.033749,-0.044223,0.027149,0.043057,0.042882,0.038084,0.041652,0.049196,0.004795,0.026971,-0.034223,-0.003672,0.083017,0.083501,0.009194,0.320678,-0.063104,-0.009212,0.144446,-0.049781,0.017431,0.155635,-0.018079,0.090227,0.211579,0.067881,0.054722,0.169710,0.066462,0.123520,0.139420,0.140673,0.131564
0.110966,-0.041309,0.001962,0.286547,0.041588,0.022094,-0.213572,0.040781,0.027719,-0.018202,-0.049806,0.016409,0.064782,0.033230,0.015584,0.033391,0.037977,-0.001454,0.028473,-0.029949,-0.008076,0.080693,0.085558,-0.032821,0.311102,-0.047915,-0.054485,0.118255,-0.044058,-0.074387,0.120104,-0.024791,-0.009721,0.183509,0.065396,0.003459,0.200405,0.084201,0.083333,0.190080,0.156788,0.099343
0.093524,-0.032141,-0.018443,0.238470,0.033786,-0.001962,-0.168093,0.030017,0.015404,-0.003691,-0.050990,0.005614,0.087235,0.024932,-0.007695,0.021471,0.026904,-0.004967,0.027791,-0.026241,-0.009867,0.078696,0.086960,-0.072799,0.304488,-0.033543,-0.097977,0.090152,-0.037603,-0.162550,0.082184,-0.027745,-0.107377,0.154854,0.066090,-0.046051,0.222308,0.101174,0.036518,0.229839,0.162040,0.048041
0.079512,-0.020955,-0.035430,0.184437,0.026062,-0.023401,-0.117244,0.019967,0.002986,0.010379,-0.049496,-0.004942,0.104663,0.017824,-0.027897,0.010866,0.016570,-0.005931,0.025974,-0.023761,-0.009362,0.078047,0.087957,-0.108433,0.299905,-0.019981,-0.136817,0.062180,-0.029937,-0.241190,0.042629,-0.026609,-0.203406,0.129532,0.070409,-0.090428,0.226985,0.114183,-0.012161,0.243922,0.153235,-0.011316
0.067422,-0.009207,-0.046457,0.126585,0.018108,-0.039382,-0.062082,0.010823,-0.008833,0.024473,-0.046762,-0.014687,0.113118,0.011171,-0.042409,0.003804,0.007889,-0.005683,0.022865,-0.021659,-0.007931,0.079455,0.088313,-0.136786,0.296305,-0.008292,-0.167559,0.036226,-0.021362,-0.301855,0.002442,-0.020673,-0.294652,0.110733,0.078366,-0.125998,0.209005,0.120519,-0.059290,0.223147,0.129656,-0.067361
0.056957,0.001785,-0.051073,0.068230,0.010249,-0.048973,-0.005967,0.002802,-0.018749,0.037973,-0.044234,-0.022483,0.111479,0.004582,-0.050544,-0.000183,0.001329,-0.005583,0.018061,-0.018899,-0.006922,0.083233,0.087272,-0.154807,0.293764,-0.000384,-0.187000,0.014390,-0.013068,-0.335905,-0.036489,-0.009504,-0.372747,0.100384,0.088615,-0.149309,0.167922,0.118320,-0.100303,0.167820,0.093212,-0.108968
0.049159,0.011342,-0.051119,0.013027,0.003295,-0.053548,0.046778,-0.003944,-0.025467,0.049171,-0.043116,-0.027183,0.102309,-0.001497,-0.053841,-0.001877,-0.003407,-0.006240,0.012463,-0.015331,-0.006896,0.088941,0.084426,-0.161011,0.292620,0.002461,-0.193781,-0.001216,-0.006237,-0.338841,-0.070777,0.006928,-0.427161,0.098112,0.099022,-0.158905,0.108614,0.107802,-0.129641,0.087981,0.049855,-0.128382
0.045230,0.019502,-0.049730,-0.036193,-0.001757,-0.055925,0.093110,-0.009177,-0.028607,0.056129,-0.043402,-0.028500,0.090597,-0.006016,-0.055207,-0.001015,-0.006718,-0.007762,0.008117,-0.011165,-0.007900,0.094970,0.080221,-0.156303,0.291491,0.000698,-0.188911,-0.009420,-0.001254,-0.312694,-0.095782,0.027529,-0.448615,0.100166,0.107504,-0.156317,0.039374,0.091519,-0.143408,0.000238,0.009294,-0.124738
0.045008,0.026523,-0.049379,-0.077966,-0.004094,-0.058344,0.131758,-0.012475,-0.028567,0.057663,-0.043762,-0.026952,0.080531,-0.008084,-0.056929,0.002576,-0.008447,-0.010265,0.006410,-0.006298,-0.010065,0.098903,0.075257,-0.143162,0.286604,-0.004024,-0.174723,-0.010621,0.001921,-0.264722,-0.107301,0.048714,-0.431728,0.100128,0.111926,-0.145164,-0.030574,0.072815,-0.141209,-0.076977,-0.019421,-0.104289
0.046497,0.032328,-0.050502,-0.111470,-0.003673,-0.061063,0.161771,-0.013657,-0.025862,0.053836,-0.042934,-0.023251,0.073264,-0.007825,-0.059277,0.007580,-0.008380,-0.013634,0.006808,-0.000858,-0.013347,0.098818,0.069584,-0.124598,0.273466,-0.009897,-0.153879,-0.006347,0.003233,-0.204886,-0.103581,0.064756,-0.378240,0.092254,0.110453,-0.129557,-0.092162,0.054596,-0.126023,-0.128345,-0.032918,-0.076911
0.046889,0.036316,-0.051731,-0.134844,-0.001599,-0.062696,0.180837,-0.013255,-0.021219,0.045860,-0.040850,-0.018279,0.067561,-0.006518,-0.060829,0.011760,-0.007102,-0.016937,0.007565,0.004078,-0.016801,0.094169,0.062944,-0.103744,0.249180,-0.015087,-0.129241,0.001422,0.002898,-0.144081,-0.086390,0.070879,-0.299137,0.075178,0.102863,-0.112860,-0.136520,0.039487,-0.103137,-0.146166,-0.033993,-0.051497
0.044009,0.037458,-0.050960,-0.144358,0.000399,-0.061316,0.184831,-0.012195,-0.015886,0.035673,-0.037928,-0.013192,0.061475,-0.005501,-0.059567,0.013538,-0.005645,-0.018584,0.007311,0.007117,-0.018661,0.085210,0.055033,-0.083159,0.213465,-0.017806,-0.103507,0.010202,0.001737,-0.091821,-0.060984,0.066228,-0.211660,0.052723,0.090481,-0.096509,-0.156214,0.029259,-0.078286,-0.132991,-0.028152,-0.032725
0.037204,0.034752,-0.046356,-0.136352,0.001136,-0.055321,0.169854,-0.010970,-0.011129,0.025348,-0.033815,-0.008945,0.053243,-0.004992,-0.053783,0.012641,-0.004445,-0.017369,0.005781,0.007808,-0.017522,0.072091,0.045437,-0.063876,0.168710,-0.017126,-0.078396,0.016914,0.000670,-0.053217,-0.034808,0.053838,-0.132320,0.031126,0.074612,-0.079582,-0.148609,0.023322,-0.055504,-0.100361,-0.020158,-0.020578
0.027582,0.028189,-0.037456,-0.111468,0.000665,-0.044468,0.136706,-0.009377,-0.007479,0.016435,-0.027715,-0.005807,0.042031,-0.004352,-0.043180,0.009790,-0.003296,-0.013501,0.003552,0.006784,-0.013559,0.055372,0.034179,-0.045831,0.120102,-0.013622,-0.054876,0.019013,0.000116,-0.028156,-0.014551,0.038357,-0.071572,0.015144,0.056253,-0.060701,-0.119008,0.019048,-0.036492,-0.063246,-0.012756,-0.012690
0.017508,0.019439,-0.025966,-0.077103,-0.000139,-0.030775,0.093766,-0.007153,-0.004772,0.009642,-0.019866,-0.003557,0.028953,-0.003223,-0.029785,0.006242,-0.002093,-0.008567,0.001508,0.004968,-0.008488,0.037254,0.022520,-0.029485,0.074960,-0.008968,-0.034298,0.016232,-0.000018,-0.013510,-0.003075,0.023840,-0.032455,0.005953,0.037408,-0.040800,-0.079750,0.014302,-0.021704,-0.033136,-0.007066,-0.007189
