joint_0,joint_1,joint_2,joint_3,joint_4,joint_5,joint_6,joint_7,joint_8,joint_9,joint_10,joint_11,joint_12,joint_13,joint_14,joint_15,joint_16,joint_17,joint_18,joint_19,joint_20,joint_21,joint_22,joint_23,joint_24,joint_25,joint_26,joint_27,joint_28
0.010215,-0.024378,-0.006729,0.019290,0.014793,-0.025256,0.032532,-0.157657,-0.013510,0.105881,0.177248,0.079536,0.090871,-0.175139,-0.275370,0.214214,-0.192230,-0.011542,-0.007954,-0.296075,0.269055,1.024292,1.084260,0.316633,-0.371262,-0.049322,-0.113665,-0.123287,0.073300
0.006089,-0.034477,-0.006729,0.019290,0.013463,-0.025256,0.034993,-0.153510,-0.016861,0.105881,0.188326,0.079536,0.088321,-0.176559,-0.281494,0.214214,-0.192230,-0.011542,-0.007954,-0.296075,0.269055,1.024292,1.086053,0.329234,-0.385661,-0.051537,-0.116527,-0.116287,0.061285
0.001487,-0.046860,-0.006850,0.017460,0.011954,-0.026579,0.038766,-0.148290,-0.020613,0.107233,0.203009,0.081646,0.085575,-0.178814,-0.289256,0.214288,-0.191849,-0.012636,-0.008965,-0.294496,0.270183,1.023485,1.087248,0.339034,-0.396940,-0.053788,-0.118824,-0.110874,0.051842
-0.004069,-0.063813,-0.006850,0.017460,0.010090,-0.026579,0.045163,-0.140925,-0.025169,0.109515,0.224903,0.086884,0.082436,-0.182737,-0.300297,0.214288,-0.191849,-0.014060,-0.010664,-0.294496,0.270183,1.019544,1.087248,0.343231,-0.401977,-0.053788,-0.118824,-0.108634,0.047545
-0.005921,-0.079909,-0.008219,0.016548,0.008945,-0.028147,0.055434,-0.131056,-0.028260,0.109439,0.247956,0.095344,0.078213,-0.186989,-0.312419,0.216290,-0.192211,-0.015971,-0.012116,-0.291434,0.270465,1.013771,1.086257,0.344161,-0.405178,-0.055570,-0.119214,-0.107159,0.045063
-0.006085,-0.095576,-0.009107,0.016406,0.009389,-0.029203,0.067642,-0.119936,-0.029660,0.108183,0.271588,0.105415,0.073449,-0.191405,-0.325081,0.218239,-0.191956,-0.018125,-0.012871,-0.288028,0.270043,1.007082,1.084394,0.343691,-0.408114,-0.057081,-0.119525,-0.106623,0.042775
0.001963,-0.104739,-0.011525,0.016406,0.009389,-0.029203,0.082877,-0.105042,-0.029660,0.102373,0.290189,0.120634,0.066761,-0.195470,-0.339238,0.221539,-0.190755,-0.020070,-0.012871,-0.284017,0.268463,0.997440,1.081903,0.341350,-0.408114,-0.058304,-0.119525,-0.106623,0.042775
0.010234,-0.113720,-0.013904,0.017530,0.011678,-0.028888,0.098712,-0.088554,-0.028260,0.097553,0.308579,0.136722,0.060085,-0.200512,-0.353798,0.225306,-0.189393,-0.021797,-0.012728,-0.280282,0.267897,0.988547,1.078315,0.339282,-0.409310,-0.059907,-0.120477,-0.107471,0.041110
0.018950,-0.122337,-0.016204,0.017530,0.015643,-0.028888,0.115745,-0.068877,-0.026930,0.094713,0.326543,0.154546,0.053430,-0.207511,-0.369164,0.230006,-0.189393,-0.023087,-0.014021,-0.277101,0.267897,0.981151,1.072534,0.337759,-0.409310,-0.059907,-0.120477,-0.109435,0.041110
0.023176,-0.134299,-0.020499,0.019437,0.020329,-0.027404,0.133532,-0.048275,-0.025739,0.099681,0.348609,0.171653,0.048207,-0.218852,-0.383402,0.236365,-0.189864,-0.024127,-0.015910,-0.275414,0.265669,0.977836,1.059160,0.330431,-0.409473,-0.063680,-0.125145,-0.111071,0.042164
0.025158,-0.147933,-0.025792,0.021048,0.025376,-0.026542,0.151694,-0.027209,-0.024992,0.108554,0.372726,0.188402,0.043699,-0.232365,-0.397076,0.243554,-0.191413,-0.024737,-0.018098,-0.274788,0.261596,0.976562,1.041990,0.320201,-0.409094,-0.068157,-0.131183,-0.112541,0.045173
0.012136,-0.164856,-0.033336,0.025285,0.029504,-0.023968,0.170936,-0.010179,-0.022589,0.146095,0.400365,0.199316,0.052220,-0.257877,-0.409923,0.255058,-0.197552,-0.029228,-0.018098,-0.268609,0.241670,0.976562,0.975136,0.294309,-0.372902,-0.076336,-0.147722,-0.114359,0.053252
-0.009285,-0.182047,-0.039730,0.032504,0.033745,-0.019524,0.187165,0.002023,-0.018361,0.197880,0.426660,0.206045,0.061294,-0.287855,-0.422455,0.270267,-0.206452,-0.032794,-0.015894,-0.260349,0.223486,0.972847,0.890014,0.263600,-0.333276,-0.085702,-0.161213,-0.110651,0.054299
-0.047501,-0.199773,-0.043824,0.045689,0.038208,-0.011338,0.197367,0.004567,-0.010486,0.278156,0.450264,0.206045,0.071477,-0.326765,-0.434361,0.292890,-0.220874,-0.034510,-0.009903,-0.247925,0.208788,0.962513,0.768354,0.223256,-0.286783,-0.097443,-0.168608,-0.095890,0.041285
-0.097164,-0.213570,-0.044464,0.063926,0.042001,-0.000761,0.197324,-0.005284,0.000138,0.378180,0.469715,0.198094,0.071732,-0.359822,-0.446700,0.322871,-0.242275,-0.035754,-0.001868,-0.225091,0.196613,0.934711,0.638641,0.128390,-0.255514,-0.108984,-0.167893,-0.057031,0.021501
-0.152550,-0.225402,-0.043739,0.084690,0.045460,0.011011,0.192159,-0.021332,0.012135,0.488078,0.487089,0.186989,0.067024,-0.389953,-0.459255,0.356531,-0.267165,-0.036426,0.007189,-0.197051,0.185700,0.898174,0.504902,0.006265,-0.231858,-0.120425,-0.163124,-0.006123,-0.001668
-0.196980,-0.217088,-0.034212,0.098309,0.043863,0.016809,0.175341,-0.046565,0.027893,0.583646,0.490146,0.153578,0.038921,-0.394413,-0.470279,0.398707,-0.304297,-0.032076,0.013470,-0.167845,0.180149,0.841411,0.398685,-0.115461,-0.204406,-0.123090,-0.157014,0.027058,-0.016245
-0.241412,-0.203993,-0.023428,0.109289,0.040406,0.019139,0.160039,-0.072617,0.041527,0.676413,0.486325,0.109953,0.004122,-0.385094,-0.478470,0.439931,-0.343221,-0.025166,0.018565,-0.147514,0.177519,0.786145,0.305691,-0.213556,-0.175766,-0.124226,-0.151323,0.050353,-0.032849
-0.285849,-0.181335,-0.010128,0.114992,0.033232,0.014531,0.147772,-0.100306,0.050912,0.763577,0.468749,0.045900,-0.044069,-0.348215,-0.480994,0.479248,-0.385730,-0.013136,0.021290,-0.144936,0.180731,0.733872,0.239143,-0.264391,-0.144753,-0.124226,-0.146466,0.053878,-0.053504
-0.329054,-0.149827,0.000146,0.112269,0.024577,0.006033,0.136789,-0.131523,0.057633,0.832189,0.438313,-0.032847,-0.105686,-0.316428,-0.475674,0.503256,-0.422931,-0.011961,0.024253,-0.168438,0.191010,0.685217,0.195742,-0.284625,-0.103407,-0.124160,-0.144143,0.050275,-0.071301
-0.371643,-0.113895,0.009314,0.105332,0.015182,-0.004411,0.126448,-0.164505,0.063022,0.891525,0.401445,-0.118939,-0.174016,-0.287187,-0.466432,0.519610,-0.457480,-0.016213,0.027334,-0.204980,0.204824,0.638372,0.163915,-0.289559,-0.056895,-0.124736,-0.143438,0.043107,-0.087669
-0.410280,-0.072179,0.009314,0.083413,0.009009,-0.017876,0.114464,-0.205807,0.066455,0.910041,0.354206,-0.209072,-0.258575,-0.284810,-0.459308,0.509180,-0.481201,-0.027391,0.030172,-0.275367,0.235228,0.570196,0.150640,-0.288212,-0.029820,-0.133531,-0.144785,0.034945,-0.095234
-0.446677,-0.029104,0.007458,0.065050,0.006270,-0.030867,0.109301,-0.248908,0.070589,0.919303,0.305524,-0.297554,-0.348662,-0.285708,-0.451282,0.493289,-0.501232,-0.034216,0.031449,-0.354377,0.271398,0.491471,0.141072,-0.290184,-0.009099,-0.144629,-0.146400,0.023238,-0.100205
-0.478593,0.016688,0.000665,0.053801,0.010399,-0.042911,0.117781,-0.295605,0.076121,0.910054,0.253959,-0.382734,-0.449802,-0.293157,-0.441449,0.466477,-0.513882,-0.034216,0.029606,-0.450634,0.319101,0.391648,0.141072,-0.298797,-0.001089,-0.160334,-0.148553,0.004442,-0.100205
-0.504112,0.061697,-0.004160,0.048800,0.020386,-0.050183,0.137473,-0.342218,0.082903,0.890632,0.208298,-0.465210,-0.552140,-0.307162,-0.437610,0.433244,-0.519088,-0.022254,0.027004,-0.551507,0.369318,0.278272,0.142674,-0.308770,0.013622,-0.174290,-0.151759,-0.020290,-0.096038
-0.526433,0.106314,-0.008001,0.046922,0.033302,-0.055068,0.162770,-0.388789,0.090309,0.866122,0.165589,-0.546334,-0.655077,-0.324446,-0.437048,0.396802,-0.520078,-0.005250,0.024024,-0.654688,0.420792,0.158120,0.146153,-0.319883,0.031683,-0.187370,-0.155492,-0.047990,-0.089894
-0.539798,0.141721,0.001966,0.045421,0.049295,-0.051846,0.193022,-0.430831,0.093215,0.834404,0.145156,-0.612576,-0.748691,-0.343652,-0.447267,0.351087,-0.510623,0.012099,0.025529,-0.732283,0.462011,0.023830,0.155150,-0.319883,0.054192,-0.191947,-0.158159,-0.066119,-0.087027
-0.549302,0.174312,0.018338,0.042369,0.065484,-0.047288,0.219021,-0.469322,0.094280,0.800532,0.132191,-0.667063,-0.833977,-0.360329,-0.458943,0.310444,-0.498401,0.026141,0.027631,-0.793433,0.497457,-0.114411,0.164993,-0.322273,0.074443,-0.193534,-0.160447,-0.080964,-0.085771
-0.551085,0.201272,0.047516,0.036218,0.082067,-0.040054,0.236513,-0.500711,0.091663,0.762352,0.134162,-0.698035,-0.902608,-0.371948,-0.473536,0.279944,-0.480647,0.033567,0.030928,-0.821695,0.521357,-0.260554,0.176525,-0.328059,0.090177,-0.189142,-0.161975,-0.089240,-0.085771
-0.553222,0.219238,0.093813,0.023149,0.093857,-0.035941,0.233710,-0.526446,0.085316,0.728950,0.150332,-0.684815,-0.946128,-0.295189,-0.493104,0.332295,-0.476561,0.104812,0.034566,-0.815969,0.542476,-0.460676,0.165037,-0.355345,0.115176,-0.170571,-0.164957,-0.086136,-0.091429
-0.555537,0.232707,0.148671,0.006622,0.103250,-0.033387,0.220759,-0.549354,0.077103,0.697936,0.173603,-0.649498,-0.977092,-0.174239,-0.515160,0.426071,-0.479308,0.207966,0.038375,-0.793248,0.562205,-0.687790,0.142038,-0.393380,0.144807,-0.144911,-0.168664,-0.077341,-0.098934
-0.567549,0.240893,0.230173,-0.000777,0.107881,-0.039279,0.192506,-0.562448,0.065582,0.753254,0.220936,-0.620879,-0.958624,-0.176951,-0.545232,0.567589,-0.524397,0.235514,0.047442,-0.703836,0.582079,-0.838311,0.059289,-0.422910,0.165654,-0.131649,-0.172546,-0.064976,-0.101390
-0.578056,0.236116,0.309243,-0.007203,0.099694,-0.049182,0.170524,-0.574693,0.058711,0.809154,0.298277,-0.596713,-0.924278,-0.191984,-0.575407,0.713070,-0.581376,0.252043,0.052575,-0.601504,0.601326,-0.960366,-0.049210,-0.464082,0.182190,-0.123094,-0.175904,-0.050993,-0.102092
-0.585556,0.205413,0.383451,-0.011684,0.065871,-0.067105,0.161087,-0.585241,0.061137,0.866217,0.435637,-0.581455,-0.858177,-0.231657,-0.605786,0.866477,-0.662136,0.246534,0.049838,-0.473329,0.619318,-1.025492,-0.209210,-0.528539,0.190105,-0.123094,-0.178214,-0.033771,-0.099286
-0.561857,0.143269,0.440944,-0.007821,0.015968,-0.071871,0.158679,-0.573548,0.069975,0.876523,0.644788,-0.607524,-0.761946,-0.253675,-0.557409,0.987384,-0.744661,0.244697,0.031579,-0.395382,0.631575,-1.047200,-0.378113,-0.606199,0.181631,-0.139642,-0.176508,-0.019511,-0.090713
-0.522557,0.065405,0.490080,0.000216,-0.041975,-0.070060,0.159417,-0.550734,0.082018,0.863451,0.889832,-0.654257,-0.650653,-0.266276,-0.469656,1.092041,-0.828068,0.244753,0.005560,-0.342548,0.640962,-1.047200,-0.551466,-0.690461,0.164963,-0.164034,-0.172794,-0.006732,-0.079257
-0.490675,-0.026359,0.505102,0.008062,-0.088478,-0.044433,0.138083,-0.518158,0.097218,0.855846,1.137240,-0.783552,-0.466902,-0.266276,-0.454827,1.121347,-0.899496,0.238417,0.000497,-0.388114,0.602160,-1.047200,-0.685781,-0.726831,0.127815,-0.182583,-0.169656,-0.013373,-0.061677
-0.455535,-0.116922,0.501176,0.015794,-0.124885,-0.011787,0.106118,-0.478490,0.117073,0.845269,1.372778,-0.911356,-0.273275,-0.263194,-0.449727,1.128390,-0.954872,0.230603,0.001077,-0.449417,0.552216,-1.047200,-0.789950,-0.749033,0.090823,-0.195825,-0.168633,-0.023102,-0.045453
-0.413880,-0.205082,0.459354,0.023298,-0.141098,0.034893,0.052891,-0.424639,0.146240,0.828745,1.584577,-1.036179,-0.059898,-0.255715,-0.464081,1.090905,-0.978145,0.219835,0.012939,-0.542192,0.479988,-1.047200,-0.833830,-0.742898,0.054141,-0.198455,-0.171839,-0.039005,-0.031943
-0.368953,-0.297854,0.383526,0.040445,-0.139605,0.083475,-0.008779,-0.351092,0.183142,0.808069,1.769249,-1.141670,0.142634,-0.245818,-0.474384,1.049558,-0.971303,0.200896,0.033099,-0.634681,0.403322,-1.047200,-0.824129,-0.728724,0.039525,-0.196253,-0.181733,-0.051415,-0.034984
-0.322391,-0.392932,0.290695,0.062413,-0.129260,0.133007,-0.074670,-0.267698,0.223913,0.785317,1.940358,-1.237495,0.339744,-0.234714,-0.482660,1.006279,-0.949404,0.177871,0.057407,-0.727027,0.324436,-1.047200,-0.787638,-0.710530,0.035943,-0.191636,-0.194971,-0.062077,-0.046299
-0.272953,-0.489592,0.160741,0.103846,-0.112394,0.166714,-0.134139,-0.149320,0.275499,0.755829,2.052192,-1.321941,0.492608,-0.227951,-0.486965,0.936076,-0.905863,0.150953,0.069657,-0.823648,0.240856,-0.965958,-0.697614,-0.672301,0.051248,-0.187024,-0.214680,-0.071438,-0.072279
-0.224000,-0.585878,0.028053,0.150552,-0.100478,0.189185,-0.187924,-0.023633,0.329136,0.725884,2.135283,-1.396718,0.632092,-0.222351,-0.490442,0.853718,-0.858699,0.126157,0.070616,-0.915444,0.159274,-0.859207,-0.596110,-0.626203,0.063566,-0.185349,-0.235030,-0.082426,-0.092987
-0.176016,-0.681418,-0.110103,0.207802,-0.098460,0.189185,-0.230340,0.116672,0.386877,0.695027,2.160891,-1.452154,0.744814,-0.219081,-0.492263,0.747050,-0.804285,0.105606,0.048992,-0.997589,0.081689,-0.701437,-0.471648,-0.564366,0.069910,-0.189545,-0.256661,-0.096668,-0.103152
-0.129189,-0.778456,-0.240498,0.269509,-0.121185,0.166737,-0.262874,0.236560,0.437920,0.660295,2.113937,-1.486599,0.830409,-0.219012,-0.493565,0.587548,-0.755024,0.088036,0.008213,-1.047217,0.018739,-0.446524,-0.338690,-0.425439,0.089181,-0.205143,-0.286267,-0.126206,-0.103808
-0.082941,-0.876243,-0.367011,0.333445,-0.156283,0.132814,-0.290466,0.346239,0.485615,0.623628,2.030705,-1.510549,0.902440,-0.220034,-0.494261,0.401631,-0.708337,0.071958,-0.042144,-1.080587,-0.036893,-0.143040,-0.201485,-0.247969,0.114337,-0.226442,-0.319860,-0.163390,-0.099708
-0.037230,-0.971136,-0.473211,0.396940,-0.215604,0.068037,-0.307028,0.373426,0.506246,0.569760,1.840666,-1.465209,0.935727,-0.205120,-0.494261,0.257586,-0.690244,0.067219,-0.094578,-1.042557,-0.063209,0.209665,-0.054965,-0.113938,0.114337,-0.251475,-0.333213,-0.176768,-0.077964
0.008488,-1.052907,-0.558512,0.456960,-0.267016,0.000160,-0.316856,0.377454,0.520000,0.511063,1.612955,-1.434259,0.964217,-0.181642,-0.475160,0.106749,-0.670480,0.065230,-0.128199,-0.963770,-0.079221,0.580557,0.084914,0.032478,0.113149,-0.274167,-0.345799,-0.178508,-0.055125
0.054222,-1.108436,-0.602011,0.510029,-0.302610,-0.073913,-0.313215,0.335160,0.520000,0.442706,1.309894,-1.434259,0.983113,-0.141037,-0.418052,-0.057671,-0.647375,0.068741,-0.124195,-0.803466,-0.074624,0.987827,0.211515,0.203666,0.111321,-0.292177,-0.356850,-0.156970,-0.030097
0.124168,-1.110557,-0.621231,0.554075,-0.305627,-0.140225,-0.286679,0.278790,0.520000,0.383054,0.965015,-1.367201,1.018603,-0.104554,-0.365890,-0.099075,-0.636081,0.068491,-0.069974,-0.681750,-0.071366,1.154272,0.296073,0.327566,0.125805,-0.292026,-0.360534,-0.131254,-0.010334
0.206221,-1.085974,-0.627541,0.593608,-0.292357,-0.202656,-0.248694,0.215382,0.520000,0.327754,0.599223,-1.267699,1.062392,-0.070132,-0.316201,-0.078971,-0.630693,0.066360,0.009255,-0.579327,-0.068778,1.200305,0.359610,0.427821,0.148444,-0.282795,-0.360555,-0.103449,0.006795
0.272434,-1.073543,-0.627541,0.608545,-0.270263,-0.191031,-0.189436,0.178882,0.520000,0.307367,0.347211,-1.210526,1.114014,-0.059052,-0.282824,-0.010502,-0.626155,0.068118,0.009255,-0.658690,-0.091989,1.027286,0.384460,0.415669,0.164021,-0.284603,-0.356937,-0.099542,0.019198
0.326464,-1.068966,-0.623408,0.614469,-0.252408,-0.173226,-0.139470,0.154989,0.520000,0.291094,0.166319,-1.152980,1.148714,-0.052464,-0.250476,0.072717,-0.614697,0.071494,0.012255,-0.741990,-0.104284,0.810359,0.414830,0.387096,0.181005,-0.288357,-0.353179,-0.091516,0.031136
0.356131,-1.080099,-0.613322,0.602364,-0.243028,-0.143062,-0.108087,0.156311,0.520000,0.283049,0.127665,-1.094691,1.148714,-0.054862,-0.220185,0.185439,-0.589398,0.078108,0.021558,-0.833165,-0.094748,0.505610,0.456239,0.325680,0.200807,-0.296005,-0.349141,-0.075251,0.042140
0.350539,-1.116413,-0.594373,0.584750,-0.244395,-0.104075,-0.101086,0.186217,0.520000,0.295404,0.238305,-1.034799,1.149000,-0.066957,-0.210780,0.296170,-0.557747,0.086384,0.008261,-0.867760,-0.065731,0.198125,0.471975,0.262615,0.208434,-0.296207,-0.345706,-0.065704,0.052061
0.327318,-1.165316,-0.570993,0.564380,-0.251136,-0.060677,-0.106275,0.230415,0.520000,0.317959,0.423593,-0.974107,1.149000,-0.083902,-0.211471,0.405907,-0.522920,0.095492,-0.016336,-0.874066,-0.026974,-0.110732,0.474873,0.198725,0.209460,-0.292684,-0.342050,-0.059516,0.061442
0.273122,-1.221957,-0.544284,0.548959,-0.249775,-0.001910,-0.131051,0.285729,0.520000,0.354092,0.721058,-0.905959,1.149000,-0.102225,-0.249378,0.497652,-0.500714,0.103378,-0.044273,-0.844435,0.014480,-0.313250,0.447731,0.158579,0.199439,-0.281030,-0.342050,-0.069726,0.065767
0.220161,-1.267314,-0.515985,0.529116,-0.252146,0.052753,-0.157159,0.332021,0.520000,0.391785,1.014178,-0.832940,1.138576,-0.120316,-0.293266,0.592983,-0.486736,0.113266,-0.068771,-0.813719,0.052121,-0.491350,0.421935,0.119461,0.188750,-0.270287,-0.341196,-0.079115,0.069691
0.169668,-1.290104,-0.484508,0.500430,-0.261979,0.099208,-0.185930,0.360271,0.520000,0.432601,1.298612,-0.750176,1.107303,-0.137943,-0.349117,0.695487,-0.489212,0.127158,-0.086388,-0.780836,0.082139,-0.620616,0.398829,0.082398,0.176727,-0.261366,-0.341196,-0.086865,0.072814
0.132372,-1.271267,-0.443798,0.465991,-0.264354,0.132269,-0.203941,0.365267,0.520000,0.469690,1.530730,-0.656046,1.061539,-0.150667,-0.384744,0.795263,-0.509866,0.150180,-0.096379,-0.739686,0.101540,-0.712255,0.382284,0.051040,0.164069,-0.253312,-0.340100,-0.093667,0.073314
0.101674,-1.231614,-0.398470,0.428676,-0.263451,0.158633,-0.216572,0.358636,0.520000,0.504916,1.736692,-0.556233,1.008528,-0.160939,-0.410258,0.893675,-0.539609,0.177766,-0.102557,-0.694404,0.115633,-0.785082,0.369019,0.022535,0.151094,-0.245689,-0.338914,-0.099996,0.072774
0.082125,-1.149525,-0.343911,0.396204,-0.231672,0.170891,-0.210413,0.314214,0.520000,0.535022,1.887191,-0.448343,0.951200,-0.165437,-0.406398,0.954331,-0.583055,0.206194,-0.085960,-0.639647,0.110999,-0.799170,0.359735,0.008159,0.140874,-0.239147,-0.338914,-0.108271,0.068034
0.061554,-1.065060,-0.288481,0.361365,-0.199641,0.177049,-0.199611,0.262218,0.520000,0.561730,2.020623,-0.345935,0.890209,-0.167433,-0.400335,1.005498,-0.626905,0.231714,-0.065346,-0.582743,0.102467,-0.803033,0.352472,-0.005174,0.132003,-0.233915,-0.337937,-0.116435,0.062812
0.038938,-0.975844,-0.231307,0.321789,-0.167109,0.171006,-0.179525,0.195072,0.520000,0.581645,2.119920,-0.254487,0.821889,-0.164424,-0.389863,1.037688,-0.671563,0.251418,-0.036697,-0.521542,0.086139,-0.786448,0.349252,-0.016422,0.125832,-0.231307,-0.337937,-0.124376,0.056625
0.009085,-0.891419,-0.176357,0.274324,-0.157646,0.151448,-0.157317,0.123114,0.498254,0.592660,2.184163,-0.163783,0.760535,-0.158362,-0.381346,1.061676,-0.714900,0.259512,-0.010297,-0.464710,0.073281,-0.757657,0.352168,-0.021177,0.120495,-0.230860,-0.336229,-0.131763,0.050574
-0.024387,-0.809390,-0.122518,0.222914,-0.159718,0.125131,-0.134048,0.048750,0.465635,0.599224,2.230878,-0.073450,0.702664,-0.150772,-0.373808,1.081562,-0.757575,0.261800,0.014977,-0.410062,0.062159,-0.722764,0.358152,-0.022685,0.115577,-0.231283,-0.334503,-0.138873,0.044592
-0.067985,-0.727698,-0.083611,0.175253,-0.179706,0.093553,-0.113437,-0.023759,0.420018,0.601394,2.212927,0.014159,0.651241,-0.145149,-0.378696,1.085641,-0.792023,0.261800,0.025843,-0.365882,0.053851,-0.668805,0.370040,-0.026274,0.111282,-0.235241,-0.332595,-0.141360,0.038755
-0.111164,-0.647946,-0.044358,0.130976,-0.194944,0.064256,-0.092672,-0.087824,0.375133,0.603551,2.176642,0.093371,0.602175,-0.140240,-0.385862,1.085111,-0.823554,0.261800,0.031114,-0.324419,0.046833,-0.614546,0.381418,-0.028667,0.107862,-0.239556,-0.330891,-0.143695,0.033497
-0.153503,-0.572071,-0.004411,0.093467,-0.200680,0.039517,-0.071598,-0.135004,0.331715,0.605682,2.103683,0.155791,0.557824,-0.136760,-0.397585,1.075361,-0.849252,0.261800,0.025194,-0.288388,0.042393,-0.559688,0.391778,-0.028667,0.106194,-0.244589,-0.329590,-0.143695,0.029396
-0.190570,-0.490303,0.030880,0.066160,-0.204387,0.018312,-0.049653,-0.176280,0.295598,0.612478,1.997731,0.212888,0.513322,-0.134826,-0.404460,1.056471,-0.872217,0.261800,0.009209,-0.254994,0.046927,-0.499758,0.396236,-0.019805,0.103863,-0.250158,-0.328208,-0.146521,0.025447
-0.224999,-0.405588,0.063843,0.043953,-0.207080,-0.001127,-0.027271,-0.214604,0.263132,0.621607,1.875283,0.267324,0.468743,-0.133217,-0.408912,1.033012,-0.893816,0.261800,-0.011808,-0.222918,0.055948,-0.437291,0.397743,-0.006830,0.101202,-0.255995,-0.326783,-0.149746,0.021574
-0.254366,-0.319218,0.084844,0.025732,-0.216001,-0.018431,-0.013155,-0.258374,0.238685,0.630891,1.718862,0.307330,0.420390,-0.133217,-0.412709,0.998524,-0.908313,0.261800,-0.040439,-0.203855,0.080635,-0.362544,0.396068,-0.003599,0.097325,-0.264909,-0.324479,-0.148083,0.017359
-0.281984,-0.239050,0.106023,0.008005,-0.221948,-0.035032,0.000448,-0.297989,0.216147,0.638072,1.562664,0.340364,0.373492,-0.130921,-0.412637,0.964725,-0.919661,0.261346,-0.063918,-0.188102,0.105573,-0.290076,0.394471,0.002523,0.092018,-0.274310,-0.322207,-0.146436,0.013313
-0.306104,-0.171288,0.127561,-0.008736,-0.221948,-0.050226,0.013024,-0.329290,0.197428,0.641049,1.406913,0.359454,0.329502,-0.126536,-0.404827,0.932305,-0.924714,0.259984,-0.077094,-0.178968,0.131011,-0.222166,0.393029,0.014428,0.083853,-0.284684,-0.319997,-0.144823,0.009607
-0.329337,-0.115331,0.145932,-0.016623,-0.209372,-0.062414,0.030164,-0.351054,0.180213,0.643140,1.256312,0.372413,0.287512,-0.121071,-0.391499,0.896992,-0.922771,0.256726,-0.077490,-0.175086,0.155931,-0.151546,0.388786,0.038908,0.072579,-0.292804,-0.317566,-0.146194,0.006167
-0.352127,-0.065276,0.162719,-0.020083,-0.190524,-0.073099,0.049584,-0.368048,0.163750,0.644788,1.108286,0.382306,0.246522,-0.115067,-0.375411,0.860234,-0.917330,0.252520,-0.070922,-0.174247,0.180591,-0.079571,0.383144,0.069676,0.059750,-0.299797,-0.315024,-0.149058,0.002862
-0.374308,-0.024891,0.173446,-0.017490,-0.183279,-0.078276,0.069689,-0.397546,0.151366,0.646061,0.981229,0.383779,0.211637,-0.107291,-0.381545,0.824065,-0.906854,0.247413,-0.070922,-0.186039,0.207651,-0.005982,0.377746,0.067157,0.049201,-0.303891,-0.311355,-0.146121,0.000305
-0.394877,0.011639,0.183426,-0.014428,-0.179566,-0.082514,0.089701,-0.429243,0.140756,0.645961,0.866056,0.382363,0.179599,-0.099261,-0.384233,0.789937,-0.895086,0.242575,-0.068204,-0.199717,0.234069,0.065371,0.373343,0.061054,0.039017,-0.307458,-0.307680,-0.143650,-0.001971
-0.412221,0.040456,0.191912,-0.010424,-0.182919,-0.082514,0.109527,-0.465335,0.133691,0.643115,0.774650,0.375168,0.153255,-0.090721,-0.380029,0.759890,-0.880733,0.238274,-0.061773,-0.217167,0.259202,0.132251,0.370927,0.047784,0.029561,-0.309970,-0.303997,-0.142111,-0.003686
-0.426875,0.054642,0.198847,-0.003086,-0.185618,-0.081226,0.131320,-0.487595,0.129949,0.638031,0.713586,0.362847,0.128559,-0.080623,-0.343499,0.728697,-0.864194,0.233825,-0.047817,-0.233764,0.284596,0.201213,0.373268,0.052415,0.020952,-0.310322,-0.300632,-0.146149,-0.005050
-0.440183,0.061512,0.205006,0.005920,-0.188979,-0.078115,0.154097,-0.502938,0.127867,0.631827,0.667691,0.347963,0.104686,-0.069746,-0.290806,0.696930,-0.846560,0.228890,-0.030099,-0.249934,0.310122,0.271215,0.377986,0.065997,0.012765,-0.309837,-0.297427,-0.152977,-0.006318
-0.453543,0.061512,0.209817,0.020172,-0.188979,-0.074916,0.184557,-0.513398,0.132026,0.628475,0.627709,0.333464,0.086151,-0.061948,-0.296453,0.664040,-0.826831,0.228890,0.018736,-0.259021,0.332466,0.337530,0.386890,0.078132,0.006679,-0.308516,-0.294783,-0.155627,-0.006318
-0.465777,0.058613,0.212573,0.034173,-0.191090,-0.072049,0.214306,-0.520371,0.136909,0.624129,0.592408,0.319188,0.069494,-0.054151,-0.314510,0.632454,-0.806474,0.227821,0.057388,-0.266511,0.353517,0.401996,0.397429,0.087165,0.000855,-0.306999,-0.292354,-0.156747,-0.005441
-0.475759,0.048719,0.212573,0.047672,-0.194459,-0.069849,0.242637,-0.520371,0.143240,0.617792,0.566467,0.305356,0.056594,-0.046356,-0.357386,0.603475,-0.784863,0.225846,0.075673,-0.270805,0.371985,0.462767,0.411238,0.089995,-0.004443,-0.305093,-0.290356,-0.154807,-0.005441
-0.485103,0.031256,0.203526,0.058418,-0.196519,-0.065608,0.261580,-0.506985,0.149692,0.608659,0.554430,0.288669,0.043902,-0.035116,-0.390497,0.577625,-0.760599,0.215896,0.089679,-0.277721,0.388537,0.523307,0.432209,0.089984,-0.009728,-0.302334,-0.288124,-0.153302,-0.003602
-0.494128,0.010008,0.190633,0.067787,-0.197923,-0.060346,0.275830,-0.486836,0.156205,0.598128,0.549346,0.270554,0.031313,-0.022152,-0.418725,0.553340,-0.735009,0.201959,0.101547,-0.285948,0.404130,0.583731,0.456760,0.089029,-0.015007,-0.299148,-0.285774,-0.152013,-0.001415
-0.497978,-0.008847,0.167098,0.075350,-0.193943,-0.049433,0.278653,-0.464093,0.165188,0.582279,0.545505,0.247403,0.022610,-0.005163,-0.429673,0.527771,-0.702175,0.172964,0.104836,-0.299616,0.409804,0.650587,0.492571,0.080784,-0.020092,-0.295114,-0.281894,-0.150798,-0.001415
-0.498589,-0.025905,0.143624,0.081675,-0.189789,-0.038233,0.278975,-0.443318,0.174490,0.563718,0.540638,0.227181,0.018513,0.009520,-0.437700,0.502168,-0.670142,0.140458,0.103883,-0.311904,0.412638,0.712427,0.526756,0.073134,-0.021106,-0.291708,-0.278136,-0.149064,0.000384
-0.492721,-0.039369,0.120272,0.085526,-0.185286,-0.026456,0.274294,-0.426482,0.184431,0.539735,0.533718,0.212818,0.023629,0.019589,-0.437700,0.476499,-0.639710,0.100928,0.094446,-0.321431,0.412638,0.764235,0.557688,0.066677,-0.013979,-0.289555,-0.274623,-0.149064,0.000384
-0.482106,-0.050610,0.099550,0.078275,-0.182983,-0.016896,0.243596,-0.407775,0.193573,0.517240,0.525933,0.204923,0.033648,0.024183,-0.432873,0.453345,-0.613634,0.074079,0.086387,-0.330559,0.414072,0.802478,0.588313,0.056933,-0.001385,-0.288182,-0.270452,-0.148776,0.003132
-0.469118,-0.060740,0.080141,0.065472,-0.182180,-0.008443,0.199888,-0.388133,0.202315,0.495489,0.517715,0.200262,0.046119,0.026040,-0.424541,0.431449,-0.589736,0.053571,0.079016,-0.339488,0.417647,0.833938,0.618784,0.045547,0.013943,-0.287527,-0.265952,-0.149412,0.005843
-0.450392,-0.071274,0.066955,0.063444,-0.180790,-0.003089,0.165558,-0.364171,0.203938,0.498301,0.507981,0.205761,0.062971,0.001786,-0.411106,0.412581,-0.566190,0.060128,0.074326,-0.336602,0.418981,0.846717,0.658038,0.029477,0.020848,-0.287527,-0.262639,-0.153347,0.008154
-0.431050,-0.083287,0.055514,0.064542,-0.178837,0.001445,0.137460,-0.337424,0.203292,0.508685,0.499071,0.212876,0.080962,-0.026335,-0.397182,0.394605,-0.542237,0.063940,0.070126,-0.331058,0.415966,0.858017,0.696918,0.016254,0.027863,-0.287684,-0.259743,-0.156788,0.009107
-0.410477,-0.098257,0.047564,0.071889,-0.175758,0.004336,0.121827,-0.305105,0.198106,0.534212,0.491808,0.223220,0.101231,-0.062189,-0.382278,0.378412,-0.517470,0.063940,0.066907,-0.320199,0.404252,0.866360,0.735052,0.008724,0.035099,-0.287684,-0.259743,-0.156788,0.007347
-0.385017,-0.114881,0.043055,0.077779,-0.171528,0.006127,0.109189,-0.267548,0.190452,0.562958,0.487394,0.234521,0.124159,-0.098184,-0.368163,0.363045,-0.494968,0.062509,0.064842,-0.302951,0.384397,0.876887,0.768291,0.001988,0.043451,-0.286552,-0.256857,-0.154617,0.006358
-0.357115,-0.132332,0.040266,0.082940,-0.166721,0.006954,0.098049,-0.227372,0.181563,0.593313,0.484403,0.246300,0.148417,-0.134250,-0.354444,0.348091,-0.473600,0.061202,0.063850,-0.282509,0.360473,0.888506,0.799084,-0.004350,0.052360,-0.285200,-0.253560,-0.150134,0.006901
-0.325565,-0.150246,0.038254,0.085314,-0.159028,0.008330,0.090509,-0.186630,0.170150,0.620628,0.481940,0.258028,0.171222,-0.163480,-0.343057,0.335743,-0.458025,0.056545,0.062527,-0.259124,0.336574,0.900192,0.826709,-0.009277,0.048516,-0.282723,-0.248677,-0.146978,0.006901
-0.294714,-0.167283,0.035164,0.088761,-0.150666,0.010323,0.086315,-0.148069,0.158585,0.646042,0.477765,0.268256,0.192318,-0.188286,-0.331533,0.324997,-0.444440,0.052866,0.062398,-0.238541,0.313368,0.911941,0.854461,-0.012562,0.041096,-0.279903,-0.244041,-0.144425,0.007362
-0.265261,-0.182569,0.029920,0.094354,-0.140964,0.013551,0.088811,-0.113873,0.146714,0.667657,0.470167,0.275481,0.209996,-0.204244,-0.319735,0.317457,-0.434834,0.052866,0.062398,-0.223564,0.291549,0.923813,0.882467,-0.012562,0.026524,-0.276396,-0.239896,-0.144425,0.007362
-0.237914,-0.196055,0.020631,0.103412,-0.128686,0.019154,0.094429,-0.084233,0.134060,0.678581,0.457932,0.278196,0.223779,-0.215096,-0.306832,0.312257,-0.428777,0.054195,0.063780,-0.216568,0.273019,0.936873,0.909831,-0.009488,0.013258,-0.273076,-0.236124,-0.141752,0.006017
-0.211619,-0.208642,0.009319,0.114204,-0.115120,0.025944,0.101609,-0.056872,0.121015,0.684160,0.443380,0.278503,0.235613,-0.223396,-0.293378,0.308228,-0.424495,0.057051,0.064409,-0.213013,0.256134,0.950529,0.936874,-0.004586,0.000646,-0.269849,-0.232539,-0.138415,0.004727
-0.186143,-0.219746,-0.005132,0.121964,-0.104811,0.032766,0.108182,-0.037090,0.106601,0.664161,0.427112,0.273774,0.242606,-0.225085,-0.281533,0.304117,-0.421736,0.062842,0.067969,-0.213013,0.240461,0.965868,0.967073,0.002561,-0.009312,-0.267559,-0.229398,-0.132497,0.002112
-0.161574,-0.229064,-0.020515,0.127636,-0.095912,0.039226,0.112564,-0.019508,0.092924,0.638606,0.409893,0.267961,0.248550,-0.219640,-0.270003,0.300223,-0.418264,0.064301,0.072474,-0.213094,0.223658,0.979483,0.997591,0.009886,-0.018873,-0.265195,-0.226189,-0.126922,-0.001111
-0.138819,-0.234815,-0.037764,0.129134,-0.089836,0.044963,0.112564,-0.006328,0.080723,0.601940,0.390772,0.259981,0.252394,-0.199928,-0.259100,0.296760,-0.413365,0.057099,0.078866,-0.213094,0.204597,0.989647,1.028748,0.017567,-0.027640,-0.262683,-0.222847,-0.122031,-0.005550
-0.116773,-0.243396,-0.055556,0.127496,-0.081833,0.053108,0.104129,0.005552,0.068957,0.551975,0.375907,0.250544,0.254544,-0.173324,-0.250835,0.294021,-0.407483,0.037227,0.082622,-0.215176,0.183170,0.995938,1.057732,0.027842,-0.029762,-0.260971,-0.220449,-0.117137,-0.008648
-0.095081,-0.253393,-0.073618,0.124289,-0.072867,0.062457,0.090215,0.016782,0.057408,0.495361,0.363170,0.240379,0.256823,-0.143274,-0.243887,0.291645,-0.401109,0.011020,0.085060,-0.217349,0.160558,1.000290,1.085630,0.039413,-0.028563,-0.260768,-0.219056,-0.112242,-0.011076
-0.080339,-0.264595,-0.087019,0.128123,-0.063499,0.073382,0.090215,0.024585,0.049734,0.448101,0.355880,0.230342,0.256823,-0.153417,-0.237496,0.290386,-0.394852,-0.014183,0.089244,-0.219355,0.140627,0.993983,1.104290,0.052350,-0.019065,-0.260768,-0.219056,-0.107584,-0.009455
-0.067468,-0.276062,-0.099296,0.132439,-0.055331,0.084346,0.092386,0.030386,0.043576,0.405384,0.350553,0.220203,0.257069,-0.167481,-0.231789,0.288832,-0.388914,-0.033757,0.094284,-0.222487,0.123100,0.985578,1.120411,0.064545,-0.009783,-0.261916,-0.219589,-0.102931,-0.007549
-0.058342,-0.288057,-0.109326,0.137717,-0.049564,0.095390,0.101860,0.032183,0.040450,0.371756,0.349156,0.209858,0.257069,-0.189386,-0.227451,0.288832,-0.383611,-0.042072,0.101035,-0.227869,0.110382,0.972976,1.131454,0.075255,-0.000929,-0.263349,-0.219589,-0.098287,-0.007549
-0.050705,-0.301296,-0.116458,0.142859,-0.044976,0.105266,0.115452,0.032361,0.038053,0.341095,0.352117,0.199616,0.254719,-0.211265,-0.223724,0.287845,-0.378246,-0.044332,0.107660,-0.234286,0.103191,0.960126,1.139082,0.082508,0.006054,-0.264981,-0.218978,-0.093906,-0.005945
-0.043813,-0.315158,-0.122142,0.147931,-0.040978,0.114558,0.131103,0.032361,0.036021,0.311916,0.357257,0.189425,0.252291,-0.233131,-0.220302,0.287845,-0.372850,-0.044332,0.114222,-0.241220,0.098764,0.947150,1.145002,0.088031,0.012102,-0.266713,-0.218978,-0.089654,-0.005945
-0.038846,-0.327769,-0.125170,0.151107,-0.038384,0.120576,0.146041,0.032292,0.035349,0.287616,0.364189,0.180752,0.247044,-0.252906,-0.217573,0.287045,-0.366890,-0.047775,0.123102,-0.246642,0.100214,0.936207,1.147547,0.090673,0.013461,-0.266713,-0.218002,-0.087087,-0.004618
-0.034046,-0.338205,-0.128544,0.152308,-0.037529,0.124959,0.158503,0.033173,0.035231,0.264862,0.369805,0.173452,0.240554,-0.269601,-0.213092,0.285972,-0.360524,-0.051328,0.132109,-0.250795,0.099946,0.925568,1.149420,0.094244,0.013304,-0.265714,-0.218210,-0.084520,-0.004427
-0.029578,-0.344293,-0.132611,0.149559,-0.040152,0.124959,0.166010,0.034760,0.036894,0.245201,0.369805,0.168897,0.231577,-0.280136,-0.205109,0.284338,-0.353346,-0.054078,0.141373,-0.252408,0.096244,0.915537,1.149420,0.099674,0.010118,-0.265714,-0.219427,-0.081952,-0.004427
-0.026141,-0.343787,-0.137203,0.142709,-0.046611,0.121735,0.167691,0.036057,0.039625,0.228259,0.361604,0.166061,0.220254,-0.283802,-0.193279,0.282399,-0.344678,-0.052190,0.150975,-0.253122,0.090111,0.908468,1.149595,0.104644,0.007775,-0.264807,-0.220101,-0.078489,-0.005450
-0.023220,-0.339985,-0.142056,0.133808,-0.054987,0.116344,0.166460,0.036973,0.042890,0.212674,0.347811,0.164085,0.207758,-0.283956,-0.179525,0.279414,-0.335266,-0.047983,0.160746,-0.253298,0.082764,0.903572,1.149855,0.110023,0.005854,-0.265068,-0.219915,-0.074579,-0.007032
-0.021691,-0.329994,-0.144613,0.118863,-0.069188,0.104148,0.159174,0.036973,0.046820,0.201421,0.325810,0.162745,0.195755,-0.278864,-0.167168,0.279414,-0.323756,-0.041187,0.174100,-0.255234,0.078301,0.903572,1.147341,0.110023,0.005854,-0.265068,-0.219915,-0.072137,-0.007032
-0.021536,-0.319038,-0.145736,0.103786,-0.084219,0.090530,0.152167,0.035758,0.050480,0.193187,0.302623,0.161017,0.184507,-0.274297,-0.160618,0.279418,-0.311754,-0.034341,0.185083,-0.258081,0.075924,0.905690,1.144050,0.111452,0.005653,-0.264190,-0.219173,-0.069608,-0.008745
-0.024127,-0.306151,-0.143995,0.088444,-0.100912,0.074068,0.145717,0.031671,0.053600,0.190992,0.277066,0.161017,0.174770,-0.270782,-0.165685,0.279418,-0.298764,-0.027397,0.191322,-0.262748,0.077721,0.909973,1.139205,0.113823,0.003811,-0.262242,-0.219173,-0.069608,-0.011131
-0.027672,-0.294699,-0.138377,0.075669,-0.115905,0.058928,0.139822,0.022491,0.056986,0.193283,0.257438,0.159322,0.167829,-0.268901,-0.179822,0.281585,-0.287536,-0.019579,0.192257,-0.267642,0.083157,0.914955,1.132517,0.116155,0.000197,-0.260257,-0.218632,-0.067166,-0.013935
-0.031693,-0.283966,-0.130822,0.064178,-0.130048,0.044448,0.134204,0.010764,0.060505,0.197816,0.240775,0.158460,0.162285,-0.267777,-0.198496,0.284199,-0.277188,-0.011324,0.190541,-0.272649,0.090413,0.920286,1.124909,0.118466,-0.004303,-0.258255,-0.218862,-0.064855,-0.016948
-0.035464,-0.280044,-0.117767,0.059042,-0.132188,0.036301,0.128000,-0.000316,0.065136,0.203126,0.252101,0.154696,0.158833,-0.267777,-0.215856,0.284199,-0.271589,-0.004768,0.206621,-0.275618,0.104691,0.927090,1.117910,0.115955,-0.009871,-0.256264,-0.218862,-0.061219,-0.019585
-0.037564,-0.273876,-0.103960,0.054787,-0.129910,0.028607,0.121460,-0.004793,0.069637,0.207287,0.267124,0.151383,0.155797,-0.266482,-0.236269,0.285224,-0.266509,0.001060,0.218248,-0.276760,0.119618,0.933811,1.112273,0.113387,-0.015644,-0.253940,-0.219346,-0.057780,-0.022014
-0.036324,-0.263217,-0.088651,0.052291,-0.118794,0.021819,0.114249,0.003936,0.073877,0.209152,0.289540,0.148976,0.153594,-0.263845,-0.262784,0.285224,-0.262468,0.005432,0.220969,-0.274247,0.135839,0.940368,1.112273,0.110704,-0.021825,-0.250953,-0.219346,-0.054733,-0.024025
-0.035270,-0.251475,-0.077086,0.049497,-0.107597,0.014781,0.104802,0.008316,0.075004,0.208661,0.315244,0.149925,0.151730,-0.260351,-0.290383,0.286455,-0.258235,0.008425,0.216062,-0.268967,0.148452,0.944466,1.113958,0.110000,-0.030166,-0.247017,-0.218989,-0.052851,-0.023841
-0.034629,-0.239191,-0.067392,0.046553,-0.096360,0.007619,0.094237,0.010522,0.074718,0.206993,0.342592,0.152552,0.149699,-0.256429,-0.318524,0.287371,-0.253906,0.010729,0.207341,-0.262303,0.159261,0.946375,1.117943,0.110190,-0.039587,-0.242607,-0.218457,-0.051985,-0.022986
-0.038759,-0.228224,-0.062830,0.042767,-0.086563,0.000602,0.081424,0.005122,0.069012,0.204910,0.362692,0.158241,0.149699,-0.254374,-0.340308,0.289615,-0.249168,0.010729,0.204308,-0.255120,0.166438,0.946375,1.121111,0.108549,-0.048201,-0.237383,-0.218457,-0.054425,-0.020568
-0.043616,-0.216739,-0.059215,0.038395,-0.079119,-0.006550,0.068306,-0.005440,0.062348,0.202099,0.376588,0.163764,0.149920,-0.251506,-0.355633,0.292515,-0.244391,0.010039,0.202287,-0.249825,0.172996,0.944575,1.122380,0.105777,-0.054700,-0.231748,-0.217356,-0.057171,-0.018549
-0.049928,-0.204221,-0.057496,0.032853,-0.076381,-0.013972,0.054579,-0.026324,0.053768,0.197833,0.378075,0.168955,0.151594,-0.247012,-0.358043,0.296729,-0.239537,0.010039,0.202287,-0.248308,0.178315,0.942058,1.119853,0.100746,-0.056965,-0.225293,-0.215609,-0.060525,-0.017324
-0.055608,-0.189382,-0.054614,0.025528,-0.081765,-0.022550,0.041947,-0.058494,0.044752,0.191668,0.362795,0.172693,0.153286,-0.241197,-0.357561,0.301333,-0.235126,0.007467,0.179534,-0.249207,0.185150,0.939679,1.116532,0.099028,-0.058131,-0.217515,-0.211445,-0.062008,-0.016742
-0.061371,-0.173381,-0.051150,0.017311,-0.091212,-0.031704,0.029863,-0.096307,0.035518,0.184553,0.339130,0.175704,0.154986,-0.234721,-0.355633,0.306134,-0.230937,0.004095,0.145347,-0.251845,0.192742,0.937369,1.113620,0.098987,-0.058541,-0.209075,-0.206072,-0.062372,-0.016719
-0.061371,-0.159010,-0.043593,0.015329,-0.093399,-0.035704,0.018397,-0.116727,0.028046,0.170301,0.306622,0.177778,0.151595,-0.228088,-0.335310,0.310234,-0.227863,-0.000746,0.127228,-0.251845,0.206627,0.932745,1.113620,0.105287,-0.069255,-0.197139,-0.194867,-0.059990,-0.016719
-0.061769,-0.146337,-0.036452,0.013198,-0.095831,-0.039366,0.007737,-0.133743,0.020665,0.156414,0.277785,0.180131,0.147079,-0.220286,-0.316396,0.313760,-0.224882,-0.005097,0.116162,-0.251145,0.219506,0.928845,1.116184,0.110492,-0.083679,-0.186217,-0.183735,-0.057678,-0.015130
-0.061769,-0.137060,-0.030145,0.013198,-0.095831,-0.042355,-0.001310,-0.143951,0.013465,0.143258,0.256290,0.183046,0.140314,-0.210145,-0.300299,0.313760,-0.222086,-0.008468,0.119202,-0.247452,0.230373,0.926391,1.121462,0.113504,-0.105523,-0.177322,-0.172752,-0.055505,-0.009906
-0.057978,-0.127053,-0.023698,0.012482,-0.096804,-0.044553,-0.008875,-0.151632,0.008733,0.130723,0.238423,0.184992,0.133209,-0.200730,-0.289126,0.312818,-0.219887,-0.010994,0.125329,-0.242951,0.239503,0.926709,1.125761,0.113685,-0.131993,-0.170580,-0.163326,-0.054781,-0.002472
-0.053215,-0.116679,-0.017180,0.012576,-0.096682,-0.046902,-0.015699,-0.158050,0.005236,0.118497,0.222368,0.186740,0.125934,-0.191678,-0.280414,0.310219,-0.217986,-0.013097,0.132999,-0.238045,0.247764,0.928414,1.129569,0.112897,-0.160776,-0.164914,-0.154678,-0.054402,0.006067
-0.051686,-0.109122,-0.012112,0.014242,-0.094155,-0.046902,-0.022262,-0.164004,0.001014,0.111207,0.209885,0.186740,0.119729,-0.187022,-0.273719,0.305337,-0.216240,-0.017031,0.128844,-0.231300,0.254435,0.932463,1.131253,0.112897,-0.184294,-0.160056,-0.150577,-0.056872,0.009998
-0.051519,-0.101922,-0.007292,0.016216,-0.091290,-0.047909,-0.028300,-0.169887,-0.003113,0.106173,0.197549,0.187025,0.113865,-0.183256,-0.267124,0.300391,-0.214332,-0.021750,0.122936,-0.224164,0.260115,0.935729,1.132375,0.115357,-0.206318,-0.154705,-0.146922,-0.060478,0.013193
-0.054080,-0.095439,-0.002969,0.018805,-0.087748,-0.049294,-0.033287,-0.175629,-0.007048,0.106173,0.185506,0.187025,0.108683,-0.181269,-0.260730,0.295316,-0.212100,-0.028041,0.113521,-0.216245,0.263812,0.937426,1.132375,0.121396,-0.225354,-0.148369,-0.146922,-0.066354,0.013193
-0.055817,-0.089548,0.001194,0.021166,-0.084629,-0.050639,-0.037768,-0.180203,-0.009233,0.107633,0.176996,0.187402,0.103199,-0.180607,-0.257078,0.290298,-0.209460,-0.032122,0.106988,-0.207234,0.265868,0.937505,1.132398,0.130177,-0.237511,-0.142634,-0.145426,-0.073834,0.012367
-0.057143,-0.083952,0.005278,0.023413,-0.081720,-0.051966,-0.041998,-0.184193,-0.009916,0.110085,0.170253,0.187242,0.097564,-0.180577,-0.254497,0.285310,-0.206617,-0.035100,0.101895,-0.197678,0.266691,0.937017,1.133060,0.140331,-0.246229,-0.137200,-0.144142,-0.082116,0.010267
-0.057143,-0.078898,0.007945,0.025271,-0.079070,-0.051966,-0.047590,-0.187465,-0.009916,0.114519,0.167466,0.187242,0.092270,-0.180577,-0.254497,0.279991,-0.203854,-0.036951,0.099868,-0.188155,0.263658,0.937017,1.134642,0.151329,-0.248237,-0.134237,-0.144142,-0.089579,0.007764
-0.058082,-0.073773,0.010813,0.027455,-0.076170,-0.051115,-0.052028,-0.190132,-0.008249,0.120745,0.165218,0.186051,0.087134,-0.182229,-0.254117,0.274652,-0.201231,-0.039218,0.097281,-0.178988,0.260497,0.936859,1.136160,0.161732,-0.248673,-0.131565,-0.142850,-0.095493,0.005569
-0.058082,-0.068511,0.014080,0.030289,-0.072773,-0.049691,-0.054156,-0.191589,-0.005134,0.130555,0.164047,0.183636,0.082314,-0.185495,-0.254117,0.269270,-0.198890,-0.039218,0.093575,-0.170535,0.257077,0.938193,1.137551,0.170943,-0.245963,-0.131565,-0.141099,-0.098311,0.003990
-0.059735,-0.063961,0.017002,0.033091,-0.070026,-0.048015,-0.054351,-0.192982,-0.001131,0.143046,0.165366,0.180067,0.077966,-0.189396,-0.254488,0.264164,-0.196917,-0.041493,0.089345,-0.163791,0.253135,0.940667,1.138997,0.177819,-0.241254,-0.131225,-0.138261,-0.097873,0.003464
-0.061263,-0.059767,0.019751,0.035876,-0.067604,-0.046212,-0.053837,-0.194632,0.003315,0.156877,0.167931,0.175921,0.073856,-0.193613,-0.254938,0.259194,-0.194314,-0.043847,0.084852,-0.157901,0.248932,0.943712,1.140470,0.183804,-0.235545,-0.131582,-0.134880,-0.095806,0.003334
-0.064173,-0.056461,0.022740,0.038176,-0.065518,-0.044163,-0.053837,-0.194632,0.007024,0.172750,0.171329,0.170710,0.070073,-0.198712,-0.256286,0.254192,-0.194314,-0.043847,0.082395,-0.152943,0.245842,0.947864,1.144367,0.183804,-0.231119,-0.131582,-0.132677,-0.091514,0.003334
-0.067511,-0.052953,0.025395,0.040521,-0.063167,-0.041918,-0.054699,-0.195884,0.010358,0.188544,0.173594,0.165402,0.066145,-0.203970,-0.257185,0.249459,-0.193407,-0.044878,0.079964,-0.148733,0.244718,0.951919,1.148528,0.183266,-0.227520,-0.131452,-0.130275,-0.087690,0.004675
-0.071704,-0.049038,0.027380,0.042955,-0.060283,-0.039281,-0.054699,-0.195884,0.012943,0.204179,0.173594,0.159900,0.061925,-0.209544,-0.257185,0.245264,-0.193407,-0.046503,0.077584,-0.146020,0.244718,0.955776,1.153215,0.180819,-0.225575,-0.131452,-0.130275,-0.084801,0.004675
-0.076132,-0.045218,0.028559,0.045320,-0.057497,-0.036481,-0.056509,-0.197316,0.014679,0.218879,0.172102,0.154938,0.058173,-0.214807,-0.256576,0.241445,-0.193799,-0.048700,0.075175,-0.144130,0.247141,0.959296,1.156697,0.179376,-0.224926,-0.131218,-0.128856,-0.083113,0.006904
-0.080678,-0.040456,0.028381,0.047650,-0.054760,-0.033600,-0.058259,-0.199666,0.015991,0.233110,0.169857,0.150247,0.054657,-0.219914,-0.256020,0.237815,-0.195098,-0.051183,0.072752,-0.143052,0.249372,0.962647,1.159576,0.178322,-0.224822,-0.130946,-0.129106,-0.081579,0.008927
-0.085289,-0.040456,0.028381,0.049287,-0.052919,-0.030560,-0.058259,-0.199666,0.015991,0.244453,0.169857,0.146336,0.051926,-0.224412,-0.256020,0.234488,-0.195098,-0.053457,0.071209,-0.143052,0.251237,0.965570,1.159576,0.178322,-0.224822,-0.130946,-0.129106,-0.081579,0.011173
-0.089531,-0.039838,0.026825,0.050849,-0.051276,-0.027684,-0.059053,-0.200653,0.016118,0.255027,0.170222,0.142259,0.049685,-0.228623,-0.256023,0.231337,-0.196627,-0.055533,0.069194,-0.144087,0.253441,0.968894,1.158873,0.177368,-0.224861,-0.130377,-0.130417,-0.079951,0.013088
-0.093035,-0.039838,0.026825,0.052259,-0.050028,-0.025133,-0.059053,-0.200653,0.016118,0.264064,0.172315,0.137850,0.048421,-0.232260,-0.256023,0.228538,-0.196627,-0.057211,0.069194,-0.145985,0.253441,0.973016,1.155926,0.175788,-0.224861,-0.130377,-0.132140,-0.079951,0.014340
-0.095332,-0.041203,0.024905,0.053158,-0.049272,-0.022978,-0.058451,-0.199705,0.016333,0.270393,0.175184,0.133377,0.047523,-0.234875,-0.257531,0.226067,-0.197780,-0.058718,0.067417,-0.149325,0.255312,0.977503,1.151955,0.174483,-0.224513,-0.129596,-0.133646,-0.078985,0.014602
-0.096679,-0.042696,0.023316,0.053611,-0.048931,-0.021021,-0.057139,-0.198253,0.015627,0.275369,0.178441,0.128872,0.047216,-0.237410,-0.258784,0.223761,-0.198219,-0.060337,0.066435,-0.153387,0.256679,0.982171,1.147472,0.173705,-0.222923,-0.128486,-0.134255,-0.079552,0.013672
-0.096679,-0.044187,0.020762,0.053611,-0.048931,-0.019330,-0.057139,-0.197031,0.015627,0.275369,0.181141,0.124881,0.047216,-0.237410,-0.258784,0.222067,-0.198219,-0.060337,0.066435,-0.158604,0.256679,0.987111,1.144603,0.173705,-0.222923,-0.128486,-0.134255,-0.079552,0.013672
-0.095813,-0.046130,0.018153,0.053108,-0.049910,-0.017194,-0.056147,-0.195600,0.014497,0.274306,0.183455,0.120928,0.047386,-0.237044,-0.259415,0.220358,-0.197591,-0.061539,0.066073,-0.163389,0.256880,0.992396,1.143217,0.174930,-0.222618,-0.127378,-0.133154,-0.080883,0.012414
-0.094254,-0.046130,0.015434,0.053108,-0.049910,-0.017194,-0.056147,-0.195600,0.012969,0.271073,0.184996,0.117051,0.047386,-0.237044,-0.259415,0.218617,-0.197591,-0.061539,0.066073,-0.167309,0.256880,0.998373,1.144801,0.178514,-0.224194,-0.126128,-0.130824,-0.082732,0.010963
-0.091382,-0.047080,0.013348,0.052064,-0.051208,-0.015490,-0.055142,-0.194193,0.011583,0.266137,0.186408,0.113168,0.046844,-0.234900,-0.259462,0.216797,-0.196163,-0.062673,0.066055,-0.170132,0.257431,1.004535,1.148692,0.183514,-0.226671,-0.124544,-0.128235,-0.084244,0.010087
-0.087853,-0.047479,0.011106,0.050976,-0.052745,-0.014793,-0.054433,-0.192532,0.010000,0.260351,0.188136,0.109281,0.046430,-0.232879,-0.259269,0.214938,-0.194544,-0.063279,0.066497,-0.172808,0.257911,1.010790,1.153737,0.189223,-0.229599,-0.122792,-0.125036,-0.085357,0.009695
-0.083378,-0.047479,0.011106,0.050976,-0.052745,-0.014793,-0.053058,-0.192532,0.010000,0.252893,0.188136,0.105835,0.046430,-0.229752,-0.259269,0.213069,-0.194544,-0.063279,0.066497,-0.172808,0.259326,1.016252,1.159856,0.193242,-0.231067,-0.121251,-0.125036,-0.085357,0.009695
-0.078751,-0.047680,0.010400,0.049788,-0.054015,-0.014312,-0.051556,-0.190783,0.008510,0.245106,0.189926,0.102888,0.047303,-0.226269,-0.258526,0.211223,-0.193055,-0.064123,0.067244,-0.172501,0.260869,1.020976,1.165358,0.196530,-0.232734,-0.119284,-0.125196,-0.085304,0.009187
-0.073822,-0.047680,0.010400,0.049788,-0.055258,-0.014312,-0.049797,-0.190783,0.008510,0.236660,0.189926,0.100939,0.049009,-0.222077,-0.258526,0.209424,-0.193055,-0.064123,0.067244,-0.172501,0.262668,1.024225,1.169626,0.198360,-0.232734,-0.119284,-0.127118,-0.085304,0.007055
-0.068924,-0.048834,0.010260,0.048493,-0.056531,-0.014242,-0.047879,-0.188909,0.006824,0.227469,0.191850,0.099985,0.051275,-0.217568,-0.258045,0.207867,-0.191784,-0.064968,0.068064,-0.171277,0.264806,1.026164,1.172924,0.198149,-0.234044,-0.117988,-0.130198,-0.084193,0.004342
