body_0_w,body_0_x,body_0_y,body_0_z,body_1_w,body_1_x,body_1_y,body_1_z,body_2_w,body_2_x,body_2_y,body_2_z,body_3_w,body_3_x,body_3_y,body_3_z,body_4_w,body_4_x,body_4_y,body_4_z,body_5_w,body_5_x,body_5_y,body_5_z,body_6_w,body_6_x,body_6_y,body_6_z,body_7_w,body_7_x,body_7_y,body_7_z,body_8_w,body_8_x,body_8_y,body_8_z,body_9_w,body_9_x,body_9_y,body_9_z,body_10_w,body_10_x,body_10_y,body_10_z,body_11_w,body_11_x,body_11_y,body_11_z,body_12_w,body_12_x,body_12_y,body_12_z,body_13_w,body_13_x,body_13_y,body_13_z
0.710374,-0.013102,0.019080,0.703444,0.709150,0.051698,-0.056864,0.700857,0.652323,-0.085839,0.054350,0.751100,0.653533,0.020662,-0.032694,0.755910,0.709935,0.037959,-0.046183,0.701725,0.720534,-0.058241,0.055816,0.688711,0.722629,0.006498,-0.003323,0.691198,0.708284,0.000671,0.023252,0.705544,0.697417,0.037191,0.122357,0.705163,0.607956,-0.294741,0.513559,0.528937,0.700538,-0.173592,0.558354,0.409087,0.707563,-0.102816,-0.024528,0.698700,0.524656,-0.481594,0.284519,0.641757,0.402959,-0.529973,0.201869,0.718333
0.709373,-0.014772,0.019977,0.704396,0.707957,0.054155,-0.058984,0.701702,0.652714,-0.087514,0.055849,0.750457,0.654015,0.021228,-0.033267,0.755451,0.708929,0.037831,-0.046677,0.702716,0.720458,-0.058320,0.055352,0.688821,0.722505,0.006918,-0.004289,0.691318,0.707347,0.000181,0.022988,0.706493,0.696770,0.037454,0.121265,0.705977,0.607578,-0.295330,0.512935,0.529648,0.699914,-0.165835,0.561055,0.409678,0.706596,-0.103238,-0.024931,0.699601,0.523872,-0.482377,0.283692,0.642176,0.400993,-0.533600,0.194627,0.718746
0.708042,-0.016660,0.020916,0.705664,0.706363,0.057307,-0.061760,0.702818,0.653115,-0.089839,0.057871,0.749681,0.654544,0.022079,-0.033481,0.754959,0.707555,0.038338,-0.046624,0.704076,0.720356,-0.058201,0.055965,0.688889,0.722439,0.008103,-0.004212,0.691375,0.706054,0.000086,0.023106,0.707781,0.695726,0.038173,0.120542,0.707091,0.607067,-0.295460,0.512463,0.530617,0.699172,-0.159422,0.563210,0.410533,0.705376,-0.104011,-0.024294,0.700740,0.523013,-0.482928,0.283689,0.642462,0.399246,-0.536049,0.189497,0.719267
0.706051,-0.018984,0.021938,0.707566,0.703961,0.061855,-0.065843,0.704470,0.653528,-0.093454,0.060952,0.748634,0.655179,0.023074,-0.033472,0.754379,0.705547,0.038168,-0.047410,0.706045,0.720623,-0.058951,0.056164,0.688529,0.722695,0.009196,-0.004965,0.691088,0.704152,-0.000624,0.022577,0.709690,0.694194,0.038292,0.119045,0.708842,0.606729,-0.296191,0.510544,0.532443,0.698516,-0.157302,0.563097,0.412617,0.703628,-0.106418,-0.023284,0.702169,0.521219,-0.484175,0.282893,0.643333,0.396768,-0.538184,0.186720,0.719770
0.702951,-0.020865,0.022376,0.710580,0.700401,0.066461,-0.070285,0.707164,0.653691,-0.097368,0.064124,0.747727,0.655574,0.024116,-0.033790,0.753989,0.702435,0.037568,-0.047051,0.709196,0.721054,-0.059224,0.056748,0.688007,0.723138,0.011039,-0.005305,0.690595,0.700637,-0.000842,0.022603,0.713159,0.691066,0.039182,0.117926,0.712029,0.605280,-0.296851,0.508064,0.536085,0.697107,-0.156204,0.562205,0.416614,0.700315,-0.110081,-0.021563,0.704965,0.518876,-0.485924,0.282000,0.644299,0.394462,-0.539284,0.184701,0.720735
0.699283,-0.022524,0.022521,0.714135,0.696274,0.070700,-0.075300,0.710306,0.653841,-0.101793,0.067018,0.746752,0.655923,0.024612,-0.034826,0.753622,0.698779,0.036375,-0.046612,0.712890,0.721659,-0.059625,0.057018,0.687315,0.723718,0.012883,-0.005952,0.689950,0.696691,-0.001622,0.022766,0.717008,0.687640,0.039035,0.116148,0.715638,0.604071,-0.298417,0.504402,0.540022,0.696051,-0.156045,0.560140,0.421196,0.696550,-0.114846,-0.019233,0.707996,0.516012,-0.488296,0.281362,0.645084,0.391743,-0.540249,0.183492,0.721803
0.693629,-0.022984,0.021356,0.719649,0.690192,0.074296,-0.078878,0.715467,0.653191,-0.104838,0.069739,0.746650,0.655430,0.026923,-0.036676,0.753884,0.693180,0.033568,-0.044521,0.718604,0.721379,-0.060208,0.057146,0.687548,0.723404,0.014428,-0.006595,0.690243,0.690130,-0.002064,0.021820,0.723354,0.681741,0.040106,0.113320,0.721651,0.601339,-0.300220,0.498506,0.547495,0.693676,-0.157763,0.555989,0.429885,0.690367,-0.121441,-0.017194,0.712987,0.511476,-0.492036,0.278761,0.646981,0.387182,-0.542730,0.181665,0.722863
0.687310,-0.023366,0.020188,0.725708,0.683532,0.077253,-0.083074,0.721052,0.652705,-0.108325,0.071932,0.746370,0.655007,0.028877,-0.039256,0.754050,0.686935,0.030377,-0.042757,0.724824,0.720767,-0.061563,0.057207,0.688065,0.722747,0.015489,-0.007693,0.690896,0.682881,-0.003050,0.021253,0.730214,0.675219,0.040067,0.110377,0.728211,0.598790,-0.302802,0.491954,0.554746,0.691607,-0.159155,0.551195,0.438787,0.683392,-0.129075,-0.014876,0.718397,0.505799,-0.497087,0.276317,0.648630,0.380950,-0.545667,0.179921,0.724399
0.679686,-0.023591,0.019017,0.732877,0.675655,0.079907,-0.087527,0.727629,0.652257,-0.111748,0.073911,0.746063,0.654537,0.031667,-0.041772,0.754210,0.679371,0.027617,-0.040403,0.732162,0.719251,-0.063319,0.058458,0.689385,0.721292,0.016747,-0.008358,0.692378,0.674336,-0.003763,0.020794,0.738123,0.667336,0.040719,0.108220,0.735726,0.595404,-0.304737,0.484980,0.563404,0.688592,-0.161037,0.546271,0.448883,0.675111,-0.137386,-0.012560,0.724702,0.498423,-0.503639,0.273629,0.650423,0.372173,-0.550467,0.178536,0.725671
0.671355,-0.024294,0.018113,0.740516,0.667017,0.083250,-0.092950,0.734519,0.651552,-0.115963,0.076272,0.745798,0.653903,0.033459,-0.043265,0.754599,0.671075,0.025379,-0.040011,0.739874,0.717409,-0.067176,0.060525,0.690760,0.719571,0.017342,-0.009813,0.694133,0.664311,-0.005395,0.020053,0.747168,0.657934,0.039972,0.106556,0.744427,0.591867,-0.306717,0.474968,0.574477,0.686881,-0.161853,0.537276,0.461879,0.665114,-0.146908,-0.011817,0.732053,0.488941,-0.513351,0.269700,0.651666,0.362930,-0.555621,0.177220,0.726746
0.662617,-0.025235,0.017342,0.748332,0.657947,0.087023,-0.098791,0.741467,0.650698,-0.120418,0.078927,0.745561,0.653194,0.034910,-0.044136,0.755096,0.662345,0.023844,-0.040140,0.747742,0.715310,-0.071679,0.063457,0.692219,0.717677,0.017923,-0.011284,0.696054,0.653481,-0.006888,0.019544,0.756659,0.647628,0.039406,0.105837,0.753541,0.587359,-0.307911,0.463987,0.587296,0.684817,-0.162223,0.527050,0.476369,0.654202,-0.156456,-0.011612,0.739869,0.478160,-0.524115,0.265229,0.652932,0.353273,-0.560867,0.176243,0.727712
0.654217,-0.026732,0.016794,0.755648,0.649064,0.091841,-0.105092,0.747822,0.648687,-0.125524,0.081825,0.746159,0.651474,0.034863,-0.045073,0.756528,0.653804,0.026523,-0.045988,0.754799,0.713611,-0.081302,0.071403,0.692135,0.716669,0.018842,-0.010764,0.697075,0.642059,-0.010104,0.019171,0.766349,0.635697,0.033655,0.111188,0.763148,0.585189,-0.301338,0.439834,0.610979,0.683345,-0.162027,0.493287,0.513278,0.641967,-0.166922,-0.015090,0.748189,0.469897,-0.536018,0.257976,0.652173,0.351084,-0.563420,0.177198,0.726566
0.646664,-0.028018,0.016963,0.762072,0.641130,0.096915,-0.110828,0.753178,0.645880,-0.130277,0.084412,0.747491,0.648969,0.034494,-0.046855,0.758587,0.646084,0.031689,-0.054943,0.760627,0.711550,-0.093099,0.081529,0.691651,0.715675,0.018802,-0.009929,0.698110,0.631842,-0.014398,0.019279,0.774724,0.625001,0.027495,0.118129,0.771144,0.586375,-0.287106,0.413106,0.634884,0.680372,-0.152822,0.456651,0.552458,0.630234,-0.178032,-0.020748,0.755433,0.464548,-0.546826,0.248524,0.650702,0.355715,-0.564704,0.175553,0.723711
0.640920,-0.028885,0.018570,0.766839,0.635235,0.102324,-0.115596,0.756733,0.641572,-0.134645,0.086104,0.750228,0.644897,0.033367,-0.050393,0.761876,0.640143,0.041780,-0.070134,0.763906,0.708845,-0.109321,0.095979,0.690200,0.714834,0.016735,-0.008540,0.699042,0.624231,-0.020841,0.020352,0.780697,0.616998,0.020682,0.128347,0.776153,0.595242,-0.258548,0.380645,0.658748,0.675952,-0.128479,0.413920,0.596031,0.619726,-0.191007,-0.029966,0.760630,0.464586,-0.556154,0.235707,0.647529,0.373222,-0.563627,0.169655,0.717111
0.638771,-0.028326,0.021220,0.768582,0.633247,0.107283,-0.118398,0.757278,0.636333,-0.138940,0.087381,0.753751,0.639852,0.032061,-0.055023,0.765855,0.637857,0.055811,-0.090024,0.762836,0.705883,-0.128149,0.112928,0.687426,0.714638,0.009704,-0.002706,0.699422,0.621537,-0.027664,0.022186,0.782582,0.614796,0.020033,0.138713,0.776133,0.609273,-0.217524,0.348912,0.678035,0.672871,-0.089034,0.377005,0.630226,0.612860,-0.203724,-0.042691,0.762283,0.476052,-0.557272,0.218347,0.644319,0.428489,-0.545441,0.167994,0.700478
0.638427,-0.027054,0.024392,0.768820,0.633240,0.111979,-0.120244,0.756313,0.630668,-0.143288,0.088319,0.757579,0.634331,0.030628,-0.060320,0.770096,0.637472,0.071701,-0.112218,0.758878,0.702939,-0.148271,0.131086,0.683161,0.715137,-0.000081,0.005141,0.698965,0.621170,-0.034683,0.024439,0.782527,0.615365,0.022512,0.149160,0.773673,0.625135,-0.169850,0.316791,0.692821,0.670073,-0.042714,0.341337,0.657774,0.607547,-0.216594,-0.056858,0.762064,0.492438,-0.554395,0.198160,0.641003,0.499547,-0.515805,0.167848,0.675444
0.644532,-0.022944,0.024829,0.763829,0.639643,0.112246,-0.117665,0.751274,0.627161,-0.146553,0.089373,0.759739,0.630943,0.030233,-0.064409,0.772560,0.643072,0.087170,-0.131729,0.749338,0.701785,-0.164147,0.146664,0.677528,0.717279,-0.016717,0.017488,0.696366,0.630839,-0.038626,0.027507,0.774464,0.626919,0.042546,0.156839,0.761947,0.647505,-0.111400,0.294077,0.694151,0.676571,0.009708,0.310768,0.667519,0.611452,-0.221728,-0.078055,0.755559,0.522535,-0.536074,0.168942,0.641125,0.573077,-0.467582,0.164965,0.652485
0.652359,-0.019307,0.024669,0.757262,0.647699,0.110582,-0.113697,0.745205,0.624820,-0.148763,0.090072,0.761155,0.628674,0.030001,-0.067741,0.774132,0.649930,0.102259,-0.151195,0.737749,0.702608,-0.178360,0.162042,0.669532,0.721165,-0.037873,0.033291,0.690926,0.642729,-0.041051,0.030926,0.764368,0.640138,0.067758,0.162351,0.747847,0.670168,-0.052292,0.272935,0.688220,0.684445,0.061322,0.279558,0.670539,0.618062,-0.222083,-0.101294,0.747274,0.550932,-0.514377,0.136802,0.642787,0.630352,-0.417158,0.156276,0.635778
0.663613,-0.016615,0.023315,0.747528,0.659083,0.105158,-0.106889,0.736971,0.624844,-0.148710,0.090244,0.761125,0.628713,0.030166,-0.069426,0.773945,0.659207,0.116829,-0.170657,0.722961,0.707014,-0.188877,0.177315,0.658040,0.727498,-0.067255,0.056628,0.680453,0.659012,-0.040398,0.034730,0.750244,0.656638,0.103053,0.163321,0.729063,0.694101,0.007722,0.256583,0.672555,0.694612,0.112196,0.250207,0.665073,0.630233,-0.212855,-0.129228,0.735391,0.577745,-0.486402,0.100482,0.647709,0.664420,-0.369966,0.135178,0.635136
0.677491,-0.014406,0.021520,0.735075,0.673293,0.096345,-0.097214,0.726597,0.626174,-0.146623,0.089850,0.760483,0.630115,0.029035,-0.069585,0.772833,0.669919,0.131940,-0.187976,0.706021,0.713799,-0.191244,0.189424,0.646556,0.735236,-0.082593,0.078591,0.668155,0.676660,-0.037623,0.038816,0.734308,0.673294,0.143657,0.156032,0.708302,0.717722,0.064887,0.240303,0.650322,0.708409,0.155303,0.216110,0.653708,0.646121,-0.192831,-0.156322,0.721739,0.596109,-0.453230,0.064459,0.659607,0.679377,-0.326283,0.108295,0.648274
0.692488,-0.012435,0.019499,0.721059,0.688761,0.086228,-0.085776,0.714714,0.628137,-0.142882,0.089643,0.759601,0.632289,0.027895,-0.068499,0.771194,0.680736,0.146998,-0.204606,0.687842,0.721564,-0.189599,0.199567,0.635272,0.743455,-0.090718,0.099569,0.655081,0.694856,-0.033599,0.042938,0.717079,0.688731,0.186410,0.143203,0.685853,0.739481,0.120130,0.222796,0.623777,0.723849,0.193001,0.178822,0.637821,0.663378,-0.167956,-0.183728,0.705666,0.609974,-0.418052,0.027199,0.672625,0.684856,-0.285511,0.076201,0.666070
0.710667,-0.010975,0.018493,0.703200,0.707863,0.072575,-0.072368,0.698874,0.631102,-0.138282,0.088665,0.758108,0.635216,0.028344,-0.068934,0.768730,0.693219,0.163558,-0.215314,0.668084,0.731600,-0.173469,0.200932,0.627931,0.753771,-0.072280,0.103905,0.644832,0.712790,-0.027920,0.048404,0.699148,0.702866,0.231374,0.119864,0.661874,0.762477,0.171843,0.204141,0.589428,0.745159,0.232357,0.146497,0.607690,0.682230,-0.132364,-0.202822,0.689859,0.609029,-0.371055,-0.011927,0.700899,0.672816,-0.233482,0.040815,0.700813
0.728971,-0.009213,0.017830,0.684251,0.727183,0.058231,-0.058626,0.681452,0.634239,-0.133292,0.088018,0.756457,0.638394,0.029293,-0.068168,0.766126,0.705649,0.177626,-0.227117,0.647245,0.744870,-0.154083,0.199543,0.617745,0.766684,-0.051459,0.102284,0.631732,0.730119,-0.022025,0.054110,0.680818,0.714799,0.275081,0.091219,0.636452,0.783361,0.221936,0.183261,0.550913,0.766189,0.271205,0.114613,0.571197,0.699537,-0.096297,-0.220560,0.672851,0.601549,-0.320767,-0.055461,0.729501,0.652192,-0.177123,0.002049,0.737067
0.747907,-0.006857,0.017865,0.663527,0.747207,0.041716,-0.044733,0.661771,0.637633,-0.128819,0.087293,0.754460,0.641789,0.029987,-0.065736,0.763470,0.719366,0.187194,-0.240011,0.624393,0.764499,-0.127792,0.193947,0.601327,0.785173,-0.025169,0.090692,0.612082,0.746340,-0.016035,0.060533,0.662612,0.724494,0.317192,0.054737,0.609509,0.802747,0.269410,0.161413,0.506913,0.787056,0.311422,0.086195,0.525479,0.714871,-0.058248,-0.234200,0.656290,0.581547,-0.262560,-0.104103,0.762908,0.614760,-0.110778,-0.038851,0.779929
0.765884,-0.003235,0.018062,0.642717,0.765977,0.025326,-0.031834,0.641579,0.640528,-0.126051,0.087903,0.752401,0.644822,0.031568,-0.063511,0.761035,0.733113,0.193161,-0.252765,0.601120,0.786923,-0.098071,0.186661,0.579907,0.806257,0.000765,0.070620,0.587334,0.762310,-0.010700,0.065875,0.643762,0.733035,0.353285,0.012352,0.581117,0.819678,0.313010,0.135779,0.460126,0.807578,0.344450,0.053491,0.475722,0.728006,-0.020551,-0.247258,0.639099,0.553625,-0.199030,-0.157059,0.793233,0.564270,-0.041631,-0.082944,0.820358
0.783093,0.001020,0.018332,0.621633,0.783525,0.009291,-0.018869,0.621005,0.642867,-0.123484,0.089909,0.750593,0.647530,0.034396,-0.060717,0.758838,0.746562,0.197046,-0.265411,0.577386,0.809862,-0.066909,0.177796,0.555009,0.827881,0.025781,0.046123,0.558409,0.777875,-0.005606,0.070706,0.624403,0.739792,0.384636,-0.033537,0.551034,0.832852,0.354071,0.108631,0.411329,0.825590,0.373154,0.019934,0.422801,0.738618,0.016511,-0.260804,0.621411,0.517956,-0.133236,-0.212020,0.817934,0.502478,0.026776,-0.129202,0.854462
0.797732,0.006634,0.019162,0.602671,0.798108,-0.003037,-0.008923,0.602441,0.643857,-0.125775,0.095753,0.748639,0.649560,0.035096,-0.059094,0.757197,0.758774,0.199846,-0.273789,0.556205,0.830463,-0.035108,0.169389,0.529534,0.847519,0.050821,0.021706,0.527880,0.795399,-0.000732,0.071900,0.601806,0.748106,0.405654,-0.084566,0.518297,0.843535,0.387168,0.076159,0.364347,0.840839,0.391538,-0.018438,0.373293,0.749319,0.049593,-0.271220,0.602081,0.487291,-0.060685,-0.265211,0.829776,0.447505,0.094286,-0.179318,0.871031
0.811042,0.012592,0.020004,0.584511,0.811031,-0.013791,0.000621,0.584841,0.644556,-0.128951,0.103611,0.746447,0.651777,0.035216,-0.056162,0.755508,0.769999,0.202568,-0.280019,0.536337,0.847989,-0.005477,0.159805,0.505319,0.863939,0.073873,-0.001246,0.498148,0.813348,0.004509,0.072164,0.577267,0.755968,0.420195,-0.135103,0.483421,0.851078,0.415749,0.042772,0.317788,0.852535,0.406104,-0.056041,0.324226,0.759950,0.075854,-0.281360,0.580998,0.459142,0.008739,-0.315586,0.830372,0.397366,0.156902,-0.227625,0.875025
0.822262,0.019241,0.020885,0.568400,0.821706,-0.021979,0.008374,0.569427,0.645122,-0.135237,0.114215,0.743293,0.654499,0.032765,-0.051953,0.753564,0.779951,0.205723,-0.281891,0.519511,0.861157,0.020493,0.149406,0.485455,0.875655,0.095217,-0.020344,0.473020,0.832633,0.010318,0.070542,0.549218,0.765651,0.425488,-0.183410,0.446205,0.857414,0.435991,0.008062,0.273292,0.861869,0.414112,-0.092973,0.277578,0.773893,0.089788,-0.288822,0.556426,0.444074,0.073668,-0.361400,0.816554,0.364919,0.214259,-0.272275,0.864172
0.831778,0.024445,0.021898,0.554137,0.830744,-0.026843,0.014273,0.555824,0.645471,-0.143797,0.126944,0.739307,0.657544,0.029627,-0.047423,0.751338,0.787555,0.211056,-0.281583,0.505889,0.868102,0.038791,0.137884,0.475271,0.883405,0.062071,-0.015616,0.464219,0.854133,0.016831,0.068750,0.515216,0.776279,0.427255,-0.220799,0.407544,0.862271,0.453969,-0.027274,0.222838,0.871194,0.414812,-0.132086,0.226948,0.799452,0.057063,-0.301970,0.516173,0.446612,0.114943,-0.412691,0.785501,0.359011,0.250189,-0.313169,0.842877
0.840369,0.028924,0.022976,0.540754,0.838921,-0.030044,0.019255,0.543081,0.645546,-0.153413,0.140734,0.734799,0.660723,0.026159,-0.042735,0.748956,0.793873,0.217522,-0.280315,0.493834,0.872026,0.053413,0.125738,0.470009,0.884675,0.002290,0.001001,0.466201,0.875708,0.023405,0.066819,0.477622,0.786523,0.426347,-0.252831,0.368356,0.864521,0.468912,-0.063445,0.169407,0.879134,0.409585,-0.171215,0.173346,0.827005,-0.000316,-0.313099,0.466939,0.450993,0.138782,-0.468138,0.747122,0.359974,0.269872,-0.353037,0.820337
0.846775,0.034099,0.022334,0.530387,0.845241,-0.029028,0.021545,0.533160,0.645450,-0.168324,0.158769,0.727910,0.664979,0.018115,-0.038581,0.745645,0.797110,0.224488,-0.286172,0.482002,0.868769,0.043956,0.140438,0.472849,0.881753,-0.018156,0.007807,0.471297,0.899673,0.034927,0.064066,0.430423,0.795950,0.434792,-0.260672,0.330863,0.860744,0.488465,-0.099478,0.103077,0.881494,0.412277,-0.205815,0.103134,0.851838,-0.076542,-0.330976,0.398709,0.489160,0.101989,-0.529204,0.685758,0.406176,0.240138,-0.410746,0.780155
0.852257,0.038125,0.021210,0.521300,0.851256,-0.020284,0.021203,0.523930,0.643149,-0.187385,0.181897,0.719833,0.668743,0.006994,-0.027612,0.742948,0.799544,0.229991,-0.291907,0.471830,0.865702,0.033961,0.156240,0.474337,0.879702,-0.031554,0.013038,0.474298,0.919787,0.045807,0.063282,0.384563,0.803309,0.446999,-0.257386,0.297723,0.852395,0.504163,-0.134470,0.034073,0.878884,0.413270,-0.236468,0.029207,0.866380,-0.154547,-0.340148,0.331363,0.517921,0.044475,-0.584442,0.623063,0.447960,0.195973,-0.460209,0.741036
0.856106,0.039858,0.019126,0.514907,0.856304,0.003806,0.015193,0.516235,0.635924,-0.215144,0.214495,0.709441,0.670903,-0.010457,-0.003431,0.741464,0.800714,0.232793,-0.297256,0.465084,0.862913,0.023528,0.174769,0.473585,0.880275,-0.030365,0.015806,0.473227,0.935223,0.056487,0.066455,0.343148,0.807820,0.468999,-0.231214,0.272040,0.839569,0.515675,-0.165865,-0.041136,0.870514,0.414498,-0.260192,-0.051925,0.869793,-0.232740,-0.342675,0.268078,-0.545388,0.039278,0.626700,-0.555208,0.495654,0.139049,-0.494480,0.700344
0.858739,0.045657,0.016048,0.510122,0.859287,0.046864,-0.001602,0.509340,0.629691,-0.250707,0.257441,0.688737,0.675320,-0.062225,0.062718,0.732214,0.806016,0.229446,-0.292464,0.460605,0.863741,0.019529,0.185083,0.468311,0.883228,-0.029414,0.017379,0.467697,0.945558,0.064282,0.069884,0.311294,0.811067,0.492548,-0.186734,0.254358,0.830201,0.514911,-0.183828,-0.108813,0.861329,0.413024,-0.268519,-0.124184,0.863804,-0.287009,-0.354327,0.214292,-0.551528,0.114096,0.654507,-0.504401,0.519427,0.097803,-0.513040,0.676329
0.860717,0.053486,0.012472,0.506113,0.858218,0.099137,-0.024094,0.503044,0.619191,-0.287602,0.306573,0.663250,0.673177,-0.127259,0.152107,0.712391,0.813194,0.223121,-0.282437,0.457342,0.866289,0.018562,0.191248,0.461110,0.887117,-0.028903,0.018513,0.460267,0.953251,0.070784,0.074087,0.284277,0.811238,0.517992,-0.132325,0.236787,0.822860,0.504766,-0.193751,-0.174853,0.851350,0.406893,-0.268702,-0.193493,0.853272,-0.329621,-0.369342,0.163899,-0.550072,0.182334,0.672953,-0.459684,0.536025,0.066860,-0.523767,0.658692
0.866710,0.068338,0.009025,0.494027,0.857184,0.155687,-0.056580,0.487642,0.615260,-0.313736,0.354291,0.630479,0.679255,-0.163682,0.206282,0.685032,0.823010,0.222663,-0.276395,0.443488,0.869352,0.019797,0.193186,0.454438,0.890513,-0.026147,0.022280,0.453658,0.958332,0.072495,0.078282,0.264984,0.816434,0.532319,-0.040679,0.220039,0.835786,0.479391,-0.172000,-0.205087,0.855486,0.397914,-0.243629,-0.224619,0.842538,-0.325323,-0.412828,0.117760,-0.525124,0.206380,0.698485,-0.440194,0.512178,0.050284,-0.546106,0.660994
0.874109,0.085843,0.004705,0.478062,0.854179,0.208150,-0.093461,0.467243,0.612274,-0.329920,0.402369,0.595292,0.686475,-0.189251,0.255367,0.654006,0.834287,0.223244,-0.269892,0.425776,0.872576,0.021054,0.192922,0.448273,0.893603,-0.023269,0.025439,0.447533,0.961605,0.073129,0.083696,0.250925,0.817292,0.537850,0.057480,0.198611,0.853467,0.450969,-0.137022,-0.222363,0.865017,0.386424,-0.208698,-0.242625,0.831149,-0.310599,-0.454076,0.080841,-0.499373,0.217842,0.719537,-0.430624,0.484090,0.038441,-0.563382,0.668416
0.884205,0.108629,-0.001360,0.454291,0.852310,0.253179,-0.137899,0.436408,0.617397,-0.327911,0.451237,0.554690,0.703363,-0.196121,0.293177,0.617142,0.848459,0.225905,-0.262539,0.400197,0.876238,0.022425,0.188226,0.443030,0.896333,-0.019714,0.026620,0.442142,0.962131,0.071369,0.089726,0.247306,0.816543,0.522607,0.166672,0.179891,0.880159,0.420085,-0.076880,-0.207213,0.885566,0.374290,-0.153456,-0.228324,0.821819,-0.274143,-0.495242,0.064764,-0.468831,0.202359,0.736881,-0.443007,0.442382,0.037892,-0.574646,0.687491
0.893530,0.135053,-0.008250,0.428131,0.848490,0.291449,-0.189917,0.398816,0.628110,-0.303751,0.498519,0.514482,0.724678,-0.186377,0.327468,0.576949,0.863261,0.227674,-0.255493,0.371036,0.880683,0.022844,0.180502,0.437372,0.899302,-0.013961,0.027562,0.436234,0.958817,0.070730,0.095272,0.258052,0.809995,0.489452,0.272089,0.174106,0.905136,0.392797,0.002295,-0.162587,0.912742,0.357133,-0.083597,-0.179915,0.811864,-0.229936,-0.532690,0.065174,-0.433203,0.175511,0.751646,-0.465359,0.394367,0.044350,-0.581002,0.710594
0.901580,0.163146,-0.015539,0.400370,0.841976,0.323821,-0.245037,0.355209,0.635602,-0.263074,0.545232,0.479088,0.743136,-0.162348,0.362214,0.538696,0.877612,0.229388,-0.247672,0.340347,0.884852,0.022896,0.172086,0.432318,0.901878,-0.006775,0.029135,0.430954,0.953887,0.069888,0.097772,0.275057,0.797539,0.442195,0.370104,0.177251,0.920810,0.365480,0.090240,-0.101929,0.934634,0.337398,-0.006440,-0.112167,0.798899,-0.181786,-0.568742,0.072427,-0.390882,0.146398,0.764853,-0.490692,0.340597,0.050030,-0.585670,0.733813
0.905336,0.193347,-0.023036,0.377429,0.829791,0.353045,-0.300069,0.311071,0.647195,-0.188323,0.577922,0.460087,0.764465,-0.098531,0.387472,0.505718,0.890568,0.226419,-0.240069,0.313034,0.889624,0.020567,0.161711,0.426610,0.904873,0.000719,0.027532,0.424789,0.941207,0.073690,0.097480,0.314954,0.779354,0.383999,0.447814,0.211224,0.918676,0.347370,0.188045,-0.002829,0.942651,0.325025,0.075937,0.001357,0.784372,-0.104547,-0.602537,0.103822,-0.362768,0.108443,0.766461,-0.518823,0.298445,0.065595,-0.588048,0.748884
0.906723,0.223225,-0.030060,0.356540,0.812644,0.380938,-0.351638,0.266170,0.652666,-0.100118,0.596693,0.456028,0.777994,-0.013888,0.403657,0.481241,0.902059,0.222233,-0.231477,0.288653,0.893537,0.017692,0.152917,0.421776,0.907244,0.007200,0.026432,0.419711,0.925845,0.079024,0.093666,0.357482,0.756688,0.320443,0.510599,0.253040,0.897229,0.322909,0.283490,0.101698,0.929111,0.312835,0.157469,0.118705,0.763887,-0.019947,-0.629396,0.141208,-0.334759,0.075766,0.764713,-0.545353,0.257496,0.076361,-0.592441,0.759525
0.904937,0.252756,-0.036170,0.340433,0.788983,0.410610,-0.398060,0.224620,0.657501,0.005858,0.590196,0.468323,0.784188,0.100611,0.400992,0.462744,0.911933,0.214881,-0.222725,0.269439,0.897095,0.013429,0.145634,0.416930,0.909485,0.010940,0.024828,0.414851,0.904306,0.088928,0.088889,0.407947,0.728808,0.254665,0.555455,0.308956,0.852414,0.290527,0.376654,0.217064,0.890916,0.300653,0.240302,0.241106,0.738090,0.079301,-0.641608,0.193062,-0.315356,0.043282,0.755723,-0.572329,0.223264,0.089142,-0.598734,0.764019
0.901096,0.280090,-0.039422,0.328667,0.756919,0.446324,-0.437751,0.190373,0.667969,0.113871,0.546794,0.491800,0.782246,0.227348,0.365205,0.450587,0.920591,0.204818,-0.211802,0.256322,0.899562,0.008238,0.140049,0.413650,0.910942,0.013280,0.022897,0.411684,0.877664,0.103664,0.083991,0.460331,0.696088,0.196135,0.583158,0.370027,0.788108,0.249195,0.458706,0.326153,0.836213,0.277549,0.311301,0.356098,0.701911,0.196644,-0.631791,0.263613,-0.321328,0.013733,0.734854,-0.597117,0.208179,0.090321,-0.628519,0.743954
0.895975,0.306231,-0.041232,0.318985,0.718891,0.482531,-0.474156,0.159799,0.674525,0.221295,0.483369,0.512250,0.764942,0.356074,0.312937,0.436057,0.928195,0.193347,-0.199877,0.247226,0.900981,0.002298,0.135121,0.412273,0.911491,0.014770,0.020625,0.410536,0.846483,0.118411,0.077937,0.513197,0.660400,0.138480,0.597937,0.432627,0.708871,0.193454,0.526658,0.427444,0.767192,0.242123,0.368907,0.465511,0.646775,0.316481,-0.603739,0.342083,-0.329080,-0.005684,0.705857,-0.627248,0.195430,0.072296,-0.663808,0.718289
0.889897,0.326295,-0.037977,0.316500,0.674979,0.521424,-0.501819,0.143867,0.703390,0.309598,0.371936,0.520630,0.751930,0.463610,0.208643,0.419685,0.934164,0.177262,-0.184624,0.248658,0.900741,-0.004481,0.126809,0.415410,0.909757,0.007504,0.020003,0.414592,0.808201,0.144013,0.073853,0.566230,0.618917,0.108046,0.601014,0.494015,0.619185,0.141040,0.580504,0.509641,0.688156,0.210812,0.431074,0.544219,0.601641,0.410861,-0.548456,0.410386,0.386794,0.014121,-0.643276,0.660596,0.244737,0.065444,-0.656512,0.710502
0.883225,0.343732,-0.034428,0.317138,0.634154,0.552995,-0.524005,0.132148,0.726036,0.393357,0.247491,0.506843,0.730192,0.549494,0.095146,0.394745,0.938063,0.160610,-0.170024,0.255607,0.899370,-0.010554,0.115978,0.421393,0.906603,-0.001857,0.020194,0.421496,0.768897,0.169126,0.072212,0.612355,0.576510,0.080336,0.599293,0.549573,0.528516,0.079633,0.618632,0.575868,0.608335,0.167115,0.480379,0.609293,0.541551,0.499254,-0.487644,0.468691,0.441575,0.016642,-0.560559,0.700363,0.297150,0.047543,-0.633624,0.712715
0.875880,0.356100,-0.030312,0.324205,0.603468,0.576869,-0.535235,0.128730,0.745988,0.467135,0.098814,0.464244,0.714473,0.598793,-0.035856,0.360124,0.938840,0.142791,-0.156605,0.271414,0.896937,-0.014879,0.100387,0.430355,0.901780,-0.015518,0.022127,0.431349,0.732336,0.198656,0.077475,0.646698,0.533440,0.064869,0.595630,0.597041,0.445370,0.021475,0.643404,0.622267,0.536865,0.121137,0.517243,0.655409,0.466984,0.586048,-0.425786,0.507129,0.498258,0.020494,-0.437066,0.748527,0.362139,0.026457,-0.581776,0.727799
0.866785,0.368017,-0.036700,0.334515,0.588642,0.591583,-0.535331,0.130191,0.747722,0.530424,-0.052825,0.395943,0.704427,0.618623,-0.177616,0.299233,0.935514,0.125293,-0.145344,0.296632,0.893928,-0.018393,0.087809,0.439139,0.896926,-0.026147,0.025903,0.440646,0.701379,0.223660,0.076699,0.672429,0.495955,0.047953,0.593191,0.632340,0.380723,-0.027491,0.654416,0.652713,0.478285,0.076398,0.533967,0.693027,0.443171,0.617721,-0.379631,0.527162,0.510226,0.029603,-0.341168,0.788922,0.386782,0.016597,-0.536474,0.749880
0.856525,0.379583,-0.048326,0.346333,0.581913,0.601959,-0.529997,0.134630,0.723619,0.580034,-0.204189,0.313436,0.685350,0.618948,-0.316589,0.216725,0.929112,0.107065,-0.136395,0.326626,0.890697,-0.022744,0.075253,0.447748,0.892063,-0.036647,0.029081,0.449482,0.672956,0.245869,0.073245,0.693768,0.461485,0.028979,0.590788,0.661182,0.325999,-0.072533,0.658356,0.674560,0.425760,0.032595,0.539481,0.725690,0.446356,0.623151,-0.343054,0.542921,0.511232,0.046115,-0.264193,0.816528,0.404448,0.015862,-0.500474,0.765308
0.846420,0.385133,-0.058695,0.363045,0.575862,0.607812,-0.528023,0.141915,0.688099,0.607230,-0.304336,0.255287,0.641311,0.634155,-0.399058,0.165288,0.919255,0.095979,-0.130830,0.358667,0.888988,-0.025260,0.075149,0.451015,0.889896,-0.042263,0.033464,0.452966,0.664437,0.239343,0.056665,0.705710,0.456709,-0.006837,0.585652,0.669614,0.305776,-0.112080,0.655845,0.681034,0.404138,-0.009693,0.535818,0.741267,0.463529,0.594138,-0.351412,0.555562,0.483327,0.058704,-0.329750,0.808835,0.374275,0.033123,-0.555727,0.741612
0.838358,0.387638,-0.067356,0.377300,0.569707,0.611443,-0.528685,0.148539,0.652538,0.623437,-0.374409,0.212928,0.604603,0.641457,-0.453795,0.130607,0.909924,0.086845,-0.126170,0.385458,0.887511,-0.027684,0.075036,0.453793,0.888042,-0.047542,0.035457,0.455921,0.660892,0.230473,0.042328,0.712960,0.458219,-0.035515,0.577455,0.674774,0.294242,-0.148943,0.653112,0.681676,0.390411,-0.050828,0.529832,0.751181,0.489590,0.555726,-0.366133,0.563398,0.445542,0.077054,-0.399413,0.797511,0.336595,0.063679,-0.608190,0.716068
0.835039,0.384351,-0.072643,0.386919,0.563391,0.611100,-0.534412,0.153462,0.640203,0.627097,-0.393077,0.205864,0.600069,0.639486,-0.462473,0.130740,0.903620,0.083463,-0.121549,0.402158,0.886167,-0.027456,0.077279,0.456051,0.886693,-0.049596,0.035073,0.458352,0.667079,0.216349,0.032148,0.712156,0.471671,-0.050621,0.563742,0.676135,0.299860,-0.181035,0.650162,0.674240,0.392518,-0.090127,0.520051,0.753229,0.531917,0.498510,-0.390982,0.561858,0.390723,0.105862,-0.476685,0.780321,0.284531,0.118275,-0.654658,0.690273
0.835787,0.378281,-0.073483,0.391107,0.553165,0.609448,-0.547082,0.152586,0.653057,0.623071,-0.361779,0.233269,0.614033,0.641621,-0.429155,0.164658,0.902128,0.086163,-0.121753,0.404867,0.885635,-0.027126,0.082670,0.456159,0.886566,-0.050171,0.033203,0.458673,0.681820,0.201453,0.027604,0.702692,0.488572,-0.061668,0.555192,0.670266,0.323151,-0.202567,0.650502,0.656801,0.414775,-0.121045,0.515394,0.740053,0.579929,0.432112,-0.413753,0.552964,0.347383,0.143333,-0.525293,0.763445,0.245557,0.175063,-0.673636,0.674736
0.838559,0.370817,-0.072100,0.392575,0.540688,0.606943,-0.563075,0.149075,0.673935,0.612643,-0.304426,0.278935,0.632806,0.643849,-0.372103,0.215765,0.902961,0.092058,-0.124586,0.400830,0.885343,-0.026607,0.089375,0.455491,0.886943,-0.049872,0.030330,0.458176,0.700416,0.185589,0.025992,0.688694,0.506957,-0.071404,0.549346,0.660390,0.354608,-0.219120,0.651958,0.633396,0.446291,-0.148295,0.513243,0.717924,0.626814,0.358205,-0.433654,0.539201,0.309028,0.182493,-0.562470,0.744866,-0.210114,-0.229095,0.681412,-0.662605
0.845830,0.362258,-0.063497,0.386406,0.536717,0.597410,-0.580048,0.136309,0.708163,0.582072,-0.202307,0.344630,0.663607,0.635256,-0.282771,0.275891,0.909114,0.100194,-0.130503,0.382677,0.887190,-0.027133,0.098577,0.449935,0.889665,-0.050144,0.029761,0.452876,0.727248,0.167191,0.030009,0.665024,0.529971,-0.073488,0.555185,0.636789,0.398100,-0.216084,0.659472,0.599933,0.493298,-0.155311,0.519187,0.680427,0.674993,0.275986,-0.441466,0.522805,0.316107,0.187513,-0.572104,0.733220,-0.215690,-0.232858,0.676930,-0.664094
0.853792,0.352549,-0.056009,0.378960,-0.534736,-0.586881,0.594424,-0.127625,0.728413,0.539858,-0.098101,0.410298,0.685425,0.617940,-0.192113,0.333818,0.915019,0.108396,-0.136549,0.363793,0.888840,-0.028010,0.108168,0.444385,0.892233,-0.051829,0.029240,0.447638,0.753425,0.147758,0.035418,0.639738,0.554476,-0.070176,0.561858,0.609875,0.440307,-0.207556,0.666825,0.564265,0.538984,-0.156890,0.525575,0.639260,0.717163,0.186445,-0.443676,0.504050,0.328322,0.177389,-0.578461,0.725341,0.225231,0.222616,-0.669980,0.671446
0.863269,0.340603,-0.050762,0.369025,-0.537381,-0.575136,0.603680,-0.126535,0.738172,0.480238,0.006885,0.473736,0.703498,0.586138,-0.104764,0.388017,0.920831,0.117208,-0.142524,0.343540,0.890150,-0.029143,0.118900,0.438914,0.894492,-0.055772,0.029205,0.442629,0.779552,0.127994,0.042996,0.611611,0.583276,-0.054339,0.568837,0.577288,0.482322,-0.185629,0.675049,0.526513,0.585573,-0.144516,0.533175,0.593249,0.753511,0.087260,-0.438047,0.482413,0.354870,0.141879,-0.574072,0.724140,0.249035,0.189041,-0.654055,0.688808
0.870280,0.328874,-0.049306,0.363350,-0.550293,-0.564457,0.600261,-0.135103,0.739490,0.412096,0.105149,0.521799,0.720797,0.539602,-0.017252,0.434722,0.923255,0.126776,-0.148229,0.330993,0.890005,-0.028752,0.128138,0.436630,0.894911,-0.063124,0.027792,0.440883,0.801481,0.111773,0.051483,0.585222,0.611325,-0.027875,0.574504,0.543553,0.517766,-0.153195,0.683156,0.491678,0.625140,-0.119839,0.542099,0.548605,0.779204,-0.010979,-0.421774,0.463495,0.388180,0.096384,-0.559748,0.725747,0.281499,0.146246,-0.630321,0.708566
0.876030,0.317246,-0.049744,0.359794,-0.568159,-0.554083,0.590140,-0.148062,0.731348,0.339064,0.200175,0.556863,0.732967,0.483587,0.071349,0.473088,0.923866,0.136826,-0.153914,0.322584,0.888982,-0.027649,0.136391,0.436284,0.894194,-0.072151,0.025435,0.441094,0.820990,0.097249,0.060205,0.559368,0.638480,0.003729,0.577599,0.508634,0.549655,-0.115542,0.689393,0.457456,0.660510,-0.088806,0.549719,0.503636,0.794199,-0.108124,-0.398030,0.446239,0.420611,0.044821,-0.539416,0.728085,0.314815,0.098344,-0.600722,0.728253
0.878026,0.307252,-0.053196,0.363092,0.601502,0.538694,-0.566657,0.164023,0.726317,0.260765,0.287335,0.567366,0.752756,0.402610,0.156339,0.496811,0.921228,0.145295,-0.160596,0.323169,0.888012,-0.025649,0.142553,0.436413,0.893072,-0.081849,0.023351,0.441789,0.835382,0.088684,0.069132,0.538045,0.660064,0.042295,0.579356,0.476313,0.570504,-0.068601,0.694070,0.433688,0.684171,-0.044765,0.555985,0.469879,0.801743,-0.182993,-0.359281,0.441180,0.463047,-0.003092,-0.503323,0.729550,0.359630,0.051528,-0.561524,0.743439
0.880150,0.295285,-0.056496,0.367356,0.634896,0.519630,-0.541892,0.182333,0.715403,0.179954,0.367734,0.566204,0.764385,0.314078,0.234986,0.511715,0.918001,0.153149,-0.167430,0.325249,0.887416,-0.022851,0.147548,0.436119,0.892218,-0.090047,0.021878,0.441995,0.848206,0.080316,0.079435,0.517480,0.679362,0.081223,0.578420,0.444185,0.588349,-0.020978,0.695750,0.411507,0.703632,0.000318,0.559388,0.438164,0.803298,-0.249445,-0.316373,0.438631,0.501835,-0.049200,-0.464444,0.728033,0.401337,0.007319,-0.519279,0.754469
0.882535,0.279376,-0.059494,0.373552,0.669069,0.495227,-0.514824,0.205067,0.704953,0.096427,0.434602,0.552144,0.771956,0.215749,0.299369,0.517605,0.913853,0.159771,-0.174428,0.330032,0.887785,-0.018301,0.150463,0.434586,0.892250,-0.095172,0.021949,0.440851,0.858688,0.072680,0.092475,0.498819,0.695673,0.121306,0.574870,0.413339,0.601292,0.028432,0.694592,0.393932,0.717680,0.048349,0.559305,0.412038,0.801767,-0.301043,-0.269400,0.440417,0.540657,-0.090567,-0.422051,0.722053,0.443398,-0.031396,-0.474768,0.759610
0.886961,0.257381,-0.059040,0.378905,0.698953,0.470736,-0.484698,0.234393,0.691995,0.014033,0.484787,0.534722,0.770727,0.119087,0.347539,0.520590,0.910131,0.164982,-0.179761,0.334855,0.888871,-0.012358,0.151683,0.432143,0.893363,-0.094528,0.024352,0.438605,0.868484,0.069926,0.101562,0.480136,0.709109,0.162422,0.567761,0.385267,0.611138,0.076432,0.691072,0.378268,0.727632,0.095018,0.557377,0.388400,0.799508,-0.342128,-0.222386,0.440773,0.577659,-0.130187,-0.378072,0.711633,0.483586,-0.069351,-0.431106,0.758605
0.891991,0.232228,-0.056834,0.383657,0.726068,0.445291,-0.451847,0.265284,0.674747,-0.066876,0.524751,0.514665,0.760706,0.024225,0.386342,0.521037,0.906387,0.169479,-0.184276,0.340268,0.890034,-0.005906,0.151992,0.429772,0.894718,-0.091085,0.027809,0.436359,0.878330,0.069254,0.107383,0.460661,0.721171,0.203994,0.556790,0.358167,0.619992,0.123834,0.684235,0.363452,0.735933,0.141308,0.551920,0.365813,0.796247,-0.377215,-0.175530,0.439190,0.611966,-0.169539,-0.332930,0.697074,0.521272,-0.107757,-0.387116,0.752864
0.897778,0.205808,-0.048499,0.386376,0.751828,0.422883,-0.410295,0.295943,0.661520,-0.129629,0.542908,0.500838,0.751392,-0.042759,0.401989,0.521523,0.903868,0.172661,-0.187682,0.343491,0.891886,0.000526,0.151670,0.426070,0.896933,-0.086393,0.030396,0.432579,0.885872,0.070982,0.110299,0.445002,0.729977,0.240352,0.543172,0.338126,0.625127,0.163224,0.675986,0.354426,0.739894,0.180714,0.544973,0.350576,0.793551,-0.399653,-0.129539,0.440198,0.643496,-0.204030,-0.281461,0.681956,0.558455,-0.137934,-0.337519,0.745106
0.902291,0.180046,-0.039571,0.389729,0.776094,0.398299,-0.367467,0.322497,0.647907,-0.181894,0.554563,0.489480,0.740809,-0.096206,0.411979,0.521747,0.900831,0.175187,-0.190988,0.348334,0.893106,0.005851,0.151331,0.423588,0.898436,-0.082461,0.032529,0.430063,0.893527,0.071612,0.111887,0.428909,0.738562,0.273782,0.527346,0.318553,0.631148,0.199531,0.665312,0.345253,0.744309,0.216717,0.535055,0.335788,0.791007,-0.417562,-0.086152,0.438780,0.671198,-0.236431,-0.231437,0.663348,0.592056,-0.166734,-0.289693,0.733313
0.905030,0.155798,-0.029507,0.394687,0.798731,0.370941,-0.324769,0.344900,0.640623,-0.215881,0.556750,0.482729,0.736433,-0.125585,0.412739,0.521096,0.897257,0.176500,-0.193856,0.355243,0.893602,0.009420,0.151308,0.422484,0.899131,-0.079778,0.034196,0.428986,0.900831,0.070567,0.112589,0.413337,0.746991,0.301549,0.510549,0.300687,0.638198,0.229670,0.653543,0.335912,0.749641,0.245882,0.523316,0.322058,0.790666,-0.428398,-0.048313,0.434728,0.695780,-0.263923,-0.185654,0.641691,0.622880,-0.191679,-0.247329,0.717014
0.906012,0.135678,-0.020745,0.400378,0.818735,0.344288,-0.279691,0.364572,0.638259,-0.236875,0.549428,0.484402,0.734978,-0.138141,0.407624,0.523991,0.893491,0.176724,-0.197143,0.362736,0.893853,0.011026,0.153125,0.421258,0.899559,-0.078712,0.037010,0.428051,0.906602,0.069370,0.112551,0.400740,0.754171,0.326328,0.492486,0.286696,0.647397,0.255597,0.639948,0.325598,0.756550,0.270756,0.509522,0.307751,0.791232,-0.433105,-0.012683,0.431522,0.717778,-0.287088,-0.139335,0.618838,0.648870,-0.216124,-0.206791,0.699640
0.906011,0.117612,-0.012634,0.406388,0.836203,0.317121,-0.233174,0.381876,0.637475,-0.250397,0.537734,0.491700,0.734221,-0.141019,0.400239,0.529945,0.889544,0.176482,-0.200527,0.370614,0.893886,0.011717,0.155948,0.420132,0.899741,-0.078456,0.040668,0.427385,0.911652,0.067959,0.111903,0.389551,0.760561,0.349334,0.473292,0.274786,0.657415,0.279273,0.625080,0.314782,0.763932,0.293359,0.494349,0.293202,0.792172,-0.434602,0.021692,0.427918,0.737211,-0.307913,-0.092205,0.594312,0.671658,-0.240096,-0.166181,0.680892
0.905876,0.102751,-0.006105,0.410845,0.850198,0.293459,-0.185898,0.395585,0.643088,-0.251248,0.513122,0.509919,0.737289,-0.126560,0.381527,0.542978,0.886134,0.176514,-0.203773,0.376943,0.893232,0.011069,0.157939,0.420796,0.899146,-0.078986,0.042589,0.428349,0.914742,0.066327,0.111388,0.382676,0.766487,0.368123,0.452444,0.268844,0.669659,0.295983,0.610599,0.301863,0.772871,0.308952,0.479709,0.277668,0.795532,-0.428713,0.049960,0.425251,0.752700,-0.323641,-0.043081,0.571703,0.694024,-0.253723,-0.122735,0.662489
0.905213,0.088238,-0.000277,0.415696,0.861362,0.268829,-0.142101,0.406931,0.648829,-0.246842,0.487764,0.529317,0.738870,-0.109621,0.362495,0.557361,0.882347,0.176556,-0.206803,0.384089,0.892280,0.010428,0.158985,0.422436,0.898045,-0.079658,0.044585,0.430327,0.917721,0.064140,0.110463,0.376127,0.772507,0.384333,0.431048,0.264043,0.681812,0.310372,0.595886,0.289346,0.781474,0.322749,0.465029,0.262449,0.799365,-0.422199,0.074490,0.420970,0.764807,-0.337574,0.003307,0.548729,0.712379,-0.267092,-0.082603,0.643704
0.903775,0.074458,0.004146,0.421461,0.869341,0.243712,-0.106085,0.416650,0.657838,-0.236701,0.459504,0.547794,0.740928,-0.093262,0.340151,0.571512,0.877987,0.176542,-0.209531,0.392515,0.890931,0.009843,0.158075,0.425626,0.896318,-0.080130,0.045591,0.433721,0.920363,0.061128,0.109233,0.370490,0.779140,0.395970,0.409713,0.261311,0.694395,0.320259,0.581529,0.277623,0.790086,0.333070,0.451043,0.247766,0.804410,-0.414744,0.091761,0.415322,0.773607,-0.348564,0.042964,0.527436,0.725386,-0.280076,-0.050493,0.626756
0.901139,0.062502,0.008559,0.428916,0.875073,0.216497,-0.077771,0.425827,0.669189,-0.224708,0.430184,0.562702,0.743823,-0.082222,0.314663,0.583912,0.873363,0.174788,-0.213176,0.401551,0.890509,0.008858,0.156565,0.427085,0.895398,-0.080606,0.047057,0.435373,0.921674,0.057804,0.107759,0.368191,0.785707,0.402672,0.389076,0.262943,0.707673,0.325337,0.566632,0.268857,0.798689,0.340069,0.436866,0.235790,0.809599,-0.405411,0.104884,0.411329,0.778918,-0.357179,0.081196,0.509036,0.731046,-0.296095,-0.020507,0.614394
0.897812,0.051452,0.012967,0.437171,0.879010,0.187918,-0.053558,0.434925,0.680655,-0.212003,0.399821,0.576114,0.746413,-0.074359,0.287086,0.595752,0.868511,0.172279,-0.217222,0.410880,0.890509,0.007810,0.154771,0.427760,0.894866,-0.080938,0.048766,0.436217,0.922323,0.054313,0.106137,0.367566,0.792100,0.406824,0.368720,0.266677,0.721145,0.328145,0.551296,0.261425,0.807117,0.345632,0.422404,0.225111,0.814799,-0.395156,0.115893,0.408072,0.781547,-0.364280,0.118845,0.492300,0.731915,-0.312994,0.009068,0.605189
0.893603,0.042484,0.016919,0.446523,0.879153,0.167963,-0.031710,0.444829,0.683353,-0.200470,0.369107,0.597160,0.743442,-0.057281,0.254823,0.615692,0.863260,0.169532,-0.222362,0.420234,0.890815,0.006866,0.151766,0.428216,0.894490,-0.081178,0.050272,0.436773,0.921318,0.049254,0.104860,0.371148,0.798038,0.404855,0.352148,0.274263,0.733905,0.323979,0.539599,0.255448,0.815381,0.343721,0.411764,0.217852,0.818837,-0.385429,0.121297,0.407721,0.777892,-0.371053,0.154248,0.483128,0.735388,-0.316166,0.043756,0.597770
0.888918,0.033844,0.020243,0.456365,0.877672,0.150246,-0.011561,0.454955,0.681448,-0.188789,0.340703,0.619604,0.735821,-0.041949,0.226167,0.636911,0.857596,0.166934,-0.227306,0.430110,0.890882,0.006161,0.148180,0.429341,0.893867,-0.081296,0.051192,0.437918,0.919870,0.043741,0.103566,0.375765,0.803590,0.400996,0.336932,0.282706,0.745872,0.317980,0.529068,0.250301,0.823152,0.340113,0.402338,0.211821,0.822261,-0.376543,0.124530,0.408159,0.771784,-0.378010,0.186769,0.475999,0.736726,-0.318240,0.076803,0.591657
0.883454,0.025872,0.022314,0.467270,0.874043,0.137607,0.005497,0.465922,0.672935,-0.179164,0.316222,0.644253,0.721881,-0.031982,0.203925,0.660515,0.851271,0.164416,-0.231983,0.441009,0.890574,0.005685,0.143370,0.431613,0.892808,-0.081445,0.050894,0.440080,0.917642,0.036251,0.101885,0.382411,0.809272,0.392593,0.324209,0.292981,0.757299,0.307155,0.520808,0.246807,0.830887,0.331777,0.395190,0.208267,0.824336,-0.370355,0.123172,0.410044,0.762609,-0.386888,0.213439,0.472429,0.735436,-0.319703,0.106376,0.587884
0.876954,0.018916,0.023765,0.479614,0.868602,0.128760,0.015411,0.478241,0.663793,-0.173387,0.298091,0.663670,0.706143,-0.040543,0.196547,0.679034,0.844350,0.161514,-0.236505,0.452827,0.890290,0.005546,0.137821,0.434003,0.891697,-0.081540,0.050576,0.442346,0.914178,0.028455,0.100917,0.391515,0.813998,0.382011,0.313386,0.305391,0.766722,0.293238,0.515616,0.245539,0.837375,0.320540,0.391151,0.207505,0.825925,-0.363130,0.119405,0.414399,0.751898,-0.395985,0.237656,0.470494,0.726056,-0.328130,0.132295,0.589637
0.869806,0.012468,0.024903,0.492607,0.862199,0.121776,0.021865,0.491229,0.654249,-0.169704,0.283191,0.680413,0.689342,-0.058963,0.195887,0.694952,0.837007,0.158528,-0.240947,0.465009,0.889975,0.005739,0.131882,0.436484,0.890576,-0.081280,0.050320,0.444674,0.910031,0.019972,0.100033,0.401793,0.818256,0.369936,0.303159,0.318904,0.775413,0.277550,0.511439,0.245214,0.843482,0.307630,0.388116,0.208007,0.827006,-0.355771,0.114367,0.420011,0.739817,-0.405907,0.260226,0.469247,0.711735,-0.340319,0.156110,0.594345
0.861122,0.006354,0.024470,0.507769,0.853966,0.116243,0.023677,0.506625,0.644537,-0.167071,0.266318,0.696947,0.676187,-0.068650,0.161512,0.715523,0.828124,0.154639,-0.247718,0.478470,0.890413,0.006298,0.125719,0.437402,0.890297,-0.082368,0.047538,0.445339,0.904129,0.010455,0.100377,0.415170,0.821134,0.354177,0.297114,0.334696,0.781462,0.257198,0.511391,0.248284,0.848147,0.289771,0.389220,0.212572,0.825937,-0.348825,0.109855,0.429047,0.726897,-0.416381,0.280057,0.468846,0.697453,-0.352799,0.177287,0.598048
0.852259,0.000215,0.023688,0.522583,0.845391,0.111746,0.024010,0.521776,0.635150,-0.164280,0.250403,0.711965,0.664798,-0.069857,0.126870,0.732849,0.819059,0.150789,-0.254319,0.491658,0.890755,0.007104,0.119124,0.438538,0.890018,-0.082728,0.044544,0.446139,0.897603,0.000871,0.100655,0.429157,0.823178,0.337600,0.291771,0.351104,0.786509,0.235847,0.511927,0.252411,0.852180,0.270862,0.391050,0.217951,0.823964,-0.342364,0.105204,0.439093,0.713156,-0.427543,0.298139,0.468751,0.683153,-0.364908,0.197259,0.601027
0.843348,-0.005969,0.022218,0.536875,0.836381,0.109606,0.021199,0.536660,0.627445,-0.162003,0.235585,0.724270,0.657695,-0.055610,0.092172,0.745553,0.809938,0.146680,-0.260598,0.504554,0.890998,0.007897,0.111698,0.439982,0.889696,-0.082691,0.040892,0.447137,0.890347,-0.008801,0.100934,0.443865,0.824316,0.319454,0.287907,0.368187,0.789856,0.212458,0.514114,0.258219,0.854925,0.250224,0.394393,0.225709,0.820730,-0.336991,0.100265,0.450317,0.699164,-0.439564,0.313527,0.468672,0.670661,-0.376291,0.215349,0.601867
0.835578,-0.011545,0.021110,0.548845,0.828177,0.109647,0.015067,0.549431,0.624868,-0.161065,0.224716,0.730137,0.655200,-0.045767,0.065608,0.751208,0.801867,0.143572,-0.265959,0.515425,0.890443,0.008425,0.102829,0.443245,0.888664,-0.080006,0.038940,0.449842,0.881885,-0.018987,0.101169,0.460091,0.824573,0.299397,0.283877,0.387110,0.791117,0.186092,0.518022,0.266753,0.856148,0.226626,0.400081,0.235767,0.815978,-0.332635,0.093138,0.463528,0.682873,-0.453734,0.326023,0.470658,0.655746,-0.388843,0.231852,0.604188
0.828332,-0.016816,0.020182,0.559621,0.820235,0.110913,0.007373,0.561122,0.624892,-0.160636,0.215794,0.732898,0.655007,-0.038099,0.043023,0.753434,0.794278,0.141012,-0.270840,0.525246,0.889400,0.008904,0.093268,0.447425,0.887240,-0.075972,0.037894,0.453429,0.872752,-0.029445,0.101313,0.476627,0.824071,0.278501,0.279333,0.406593,0.791215,0.158409,0.522234,0.275964,0.856439,0.201693,0.406307,0.246469,0.810365,-0.328630,0.085241,0.477540,0.665260,-0.469117,0.336864,0.473161,0.639320,-0.402404,0.247296,0.606783
0.822712,-0.019663,0.019108,0.567797,0.813990,0.111850,-0.001269,0.570008,0.628165,-0.159909,0.207784,0.732573,0.657115,-0.034535,0.029708,0.752413,0.788701,0.139278,-0.273814,0.532521,0.887542,0.009062,0.082035,0.453274,0.885317,-0.066487,0.040295,0.458443,0.862078,-0.040717,0.101149,0.494906,0.822745,0.252590,0.274858,0.428650,0.787673,0.124098,0.528489,0.291324,0.853051,0.171168,0.415526,0.265224,0.803739,-0.323423,0.075063,0.493728,0.644089,-0.486772,0.346506,0.477637,0.621028,-0.415908,0.263734,0.609746
0.817000,-0.022097,0.017716,0.575942,0.807609,0.112776,-0.009468,0.578757,0.630698,-0.158790,0.199463,0.732953,0.658285,-0.030092,0.018761,0.751933,0.783237,0.137584,-0.275507,0.540098,0.884944,0.009028,0.070490,0.460243,0.882898,-0.055255,0.042217,0.464388,0.850989,-0.051824,0.100477,0.512870,0.820051,0.226107,0.271367,0.450279,0.782833,0.089000,0.534159,0.306474,0.848846,0.137936,0.423821,0.284271,0.796394,-0.318398,0.066335,0.509882,0.623020,-0.503920,0.354502,0.481911,0.602767,-0.429386,0.278008,0.612382
0.811196,-0.023703,0.015692,0.584083,0.801159,0.113494,-0.016875,0.587349,0.631853,-0.157301,0.190542,0.734651,0.657697,-0.025128,0.013297,0.752746,0.778078,0.135841,-0.274652,0.548369,0.880991,0.008453,0.058320,0.469450,0.879451,-0.040560,0.043176,0.472289,0.839532,-0.062544,0.099035,0.530534,0.815694,0.198290,0.270691,0.471223,0.776254,0.052319,0.540093,0.320924,0.842858,0.100528,0.431037,0.306090,0.788265,-0.314199,0.060001,0.525659,0.603103,-0.519393,0.360387,0.486436,0.584709,-0.441355,0.289579,0.616008
0.804345,-0.025194,0.012736,0.593491,0.793508,0.114724,-0.023382,0.597191,0.632114,-0.154846,0.181928,0.737128,0.656128,-0.021288,0.009374,0.754291,0.771416,0.137552,-0.269555,0.559765,0.869371,0.002572,0.046823,0.491930,0.868020,-0.035547,0.039074,0.493711,0.827608,-0.072073,0.096565,0.548220,0.809292,0.171975,0.271482,0.491699,0.767442,0.016381,0.547041,0.333933,0.834717,0.061039,0.438911,0.326922,0.779116,-0.311418,0.055178,0.541250,0.584217,-0.532994,0.362635,0.493055,0.568385,-0.450598,0.297478,0.620812
0.796888,-0.026625,0.009315,0.603468,0.785125,0.116399,-0.029273,0.607596,0.631800,-0.151634,0.173585,0.740070,0.653984,-0.018160,0.006715,0.756261,0.763894,0.140799,-0.262238,0.572601,0.852947,-0.005336,0.035685,0.520749,0.851780,-0.034943,0.032824,0.521702,0.815260,-0.081056,0.093459,0.565727,0.801517,0.146262,0.272535,0.511764,0.757519,-0.019370,0.553885,0.344966,0.824811,0.020512,0.446245,0.346599,0.769313,-0.309473,0.051154,0.556568,0.565733,-0.545787,0.362908,0.500360,0.552621,-0.458481,0.303553,0.626307
0.787082,-0.028523,0.006155,0.616158,0.774416,0.117734,-0.034639,0.620659,0.630292,-0.148153,0.165202,0.743970,0.650547,-0.017368,0.004868,0.759252,0.755592,0.138482,-0.254986,0.587270,0.836728,-0.022501,0.035696,0.545990,0.835627,-0.048131,0.020014,0.546818,0.802493,-0.087325,0.088254,0.583601,0.791894,0.121873,0.272893,0.532522,0.743399,-0.055986,0.562657,0.357269,0.811058,-0.017497,0.456762,0.365030,0.758795,-0.308990,0.048553,0.571312,-0.553852,0.553925,-0.358841,-0.507590,0.543577,-0.460642,0.305651,0.631593
0.776165,-0.030614,0.003213,0.629778,0.762514,0.119286,-0.040223,0.634606,0.628578,-0.144579,0.156984,0.747892,0.647001,-0.016881,0.003165,0.762296,0.746505,0.134667,-0.248079,0.602538,0.820504,-0.041666,0.039026,0.568783,0.819435,-0.060399,0.010006,0.569893,0.789032,-0.092796,0.082414,0.601685,0.780941,0.097498,0.272313,0.553598,0.727777,-0.093079,0.569291,0.370924,0.795106,-0.055397,0.464996,0.385378,0.747696,-0.308727,0.045806,0.586123,-0.542866,0.561773,-0.353940,-0.514232,0.534635,-0.463638,0.306226,0.636734
0.763162,-0.033095,0.000711,0.645359,0.748399,0.121236,-0.046295,0.650428,0.626590,-0.140988,0.149054,0.751858,0.643283,-0.017112,0.001700,0.765435,0.735992,0.128151,-0.241918,0.619168,0.805405,-0.065237,0.048995,0.587083,0.804626,-0.072711,0.005097,0.589291,0.774547,-0.096625,0.075531,0.620513,0.768090,0.073339,0.270773,0.575623,0.709444,-0.130892,0.573170,0.388630,0.775933,-0.092215,0.469591,0.410985,0.735696,-0.308700,0.042682,0.601360,-0.533849,0.568856,-0.347535,-0.520218,0.526751,-0.468192,0.303125,0.641440
0.748325,-0.035522,-0.001784,0.662378,0.732324,0.123673,-0.052823,0.667545,0.624537,-0.137608,0.141919,0.755564,0.639724,-0.017731,0.000295,0.768400,0.723942,0.120833,-0.233461,0.637811,0.788374,-0.091000,0.061950,0.605266,0.788166,-0.085862,0.004143,0.609430,0.759274,-0.099072,0.067975,0.639583,0.753529,0.050261,0.269439,0.597554,0.688856,-0.167854,0.574079,0.409555,0.753175,-0.128736,0.472248,0.439473,0.723223,-0.308180,0.038993,0.616809,-0.526941,0.575693,-0.341007,-0.524046,0.521453,-0.473735,0.299320,0.643482
0.732321,-0.037911,-0.004273,0.679890,0.714989,0.126542,-0.059445,0.685014,0.622366,-0.133998,0.135340,0.759202,0.636215,-0.018374,-0.001122,0.771292,0.710727,0.112787,-0.224075,0.657219,0.769804,-0.118310,0.075708,0.622634,0.770452,-0.099901,0.004640,0.629605,0.743319,-0.100528,0.060288,0.658587,0.737629,0.027865,0.267908,0.619155,0.666304,-0.204500,0.572874,0.431316,0.728021,-0.165310,0.472772,0.468129,0.710327,-0.307264,0.035243,0.632284,-0.521026,0.582214,-0.334553,-0.526909,0.517854,-0.479638,0.294866,0.644072
0.715768,-0.040154,-0.005738,0.697159,0.697357,0.129016,-0.065968,0.701923,0.620368,-0.130607,0.129307,0.762473,0.633071,-0.018345,-0.002673,0.773872,0.697128,0.104101,-0.211864,0.676971,0.750439,-0.145033,0.090843,0.638400,0.752436,-0.113742,0.010932,0.648679,0.726957,-0.100979,0.052612,0.677178,0.720886,0.008859,0.266750,0.639602,0.642721,-0.237705,0.570701,0.452445,0.702946,-0.195100,0.475598,0.491538,0.696931,-0.306555,0.030728,0.647586,-0.516440,0.588681,-0.327358,-0.528755,0.514551,-0.486179,0.289851,0.644092
0.699436,-0.042307,-0.006677,0.713411,0.680131,0.131335,-0.071857,0.717641,0.618279,-0.126523,0.123337,0.765840,0.629898,-0.018079,-0.004599,0.776454,0.683559,0.094600,-0.200272,0.695477,0.731922,-0.170913,0.104766,0.651232,0.735392,-0.128421,0.017923,0.665121,0.710281,-0.101235,0.045367,0.695121,0.703736,-0.008831,0.265199,0.659050,0.618264,-0.269834,0.567786,0.471760,0.677838,-0.223313,0.478443,0.511625,0.683124,-0.305950,0.025662,0.662630,-0.510936,0.595496,-0.319509,-0.531265,0.509450,-0.493435,0.284232,0.645131
0.684025,-0.044305,-0.006570,0.728082,0.664246,0.132951,-0.076744,0.731581,0.616174,-0.121745,0.117165,0.769272,0.626734,-0.017295,-0.006721,0.779013,0.670807,0.084170,-0.189529,0.712048,0.716298,-0.194299,0.117590,0.659801,0.720969,-0.145131,0.026067,0.677097,0.693543,-0.101377,0.038842,0.712188,0.686624,-0.023894,0.263723,0.677072,0.593262,-0.299502,0.564915,0.489091,0.653766,-0.247498,0.482951,0.527346,0.668852,-0.305495,0.019335,0.677449,-0.503624,0.603117,-0.310246,-0.535127,0.500279,-0.502048,0.277659,0.648516
0.670477,-0.046049,-0.004661,0.740485,0.650886,0.133426,-0.080621,0.742998,0.615107,-0.116051,0.110728,0.771955,0.624590,-0.016647,-0.009469,0.780718,0.659928,0.072678,-0.179728,0.725886,0.704152,-0.213413,0.126720,0.665257,0.709609,-0.160057,0.031842,0.685436,0.676901,-0.101497,0.033254,0.728284,0.669819,-0.036329,0.262441,0.693648,0.568827,-0.326306,0.562164,0.503916,0.630159,-0.269446,0.487368,0.541083,0.654326,-0.304347,0.011780,0.692164,-0.493537,0.611437,-0.299717,-0.541050,0.487889,-0.512218,0.268844,0.653697
0.657801,-0.047661,-0.001852,0.751680,0.638770,0.133451,-0.084009,0.753065,0.614550,-0.109746,0.104137,0.774234,0.622996,-0.015473,-0.011992,0.781980,0.649717,0.060614,-0.170567,0.738309,0.693682,-0.230415,0.133762,0.669195,0.699579,-0.174412,0.035881,0.692014,0.660126,-0.101385,0.028186,0.743747,0.652961,-0.047304,0.261186,0.709356,0.544457,-0.351621,0.559048,0.517102,0.606811,-0.290575,0.491274,0.553169,0.639498,-0.302517,0.003655,0.706762,-0.482219,0.619789,-0.288407,-0.547858,0.473716,-0.522811,0.258746,0.659782
0.648438,-0.049776,0.001822,0.759636,0.630095,0.133302,-0.085633,0.760183,0.614316,-0.103035,0.098470,0.776082,0.621930,-0.014272,-0.015302,0.782793,0.642370,0.048362,-0.160503,0.747837,0.686949,-0.237997,0.133763,0.673473,0.692227,-0.182695,0.033875,0.697349,0.645229,-0.100823,0.023888,0.756930,0.638177,-0.054969,0.259205,0.722856,0.521123,-0.373894,0.556859,0.527771,0.584030,-0.309441,0.495469,0.563619,0.626477,-0.298453,-0.004616,0.720021,-0.471297,0.626653,-0.277764,-0.555007,0.460165,-0.532352,0.247608,0.665987
0.640199,-0.051758,0.005348,0.766445,0.622595,0.133052,-0.086556,0.766277,0.614307,-0.096027,0.093177,0.777640,0.621195,-0.013005,-0.018744,0.783324,0.635700,0.036844,-0.150459,0.756234,0.680590,-0.243009,0.131873,0.678493,0.685212,-0.189308,0.033920,0.702493,0.630918,-0.099920,0.020044,0.769127,0.623910,-0.061925,0.256808,0.735494,0.497772,-0.395540,0.553900,0.537556,0.561040,-0.327978,0.498965,0.573322,0.613918,-0.293682,-0.012508,0.732597,-0.461092,0.632234,-0.267086,-0.562441,0.447141,-0.540511,0.236190,0.672404
0.634359,-0.053483,0.008576,0.771138,0.617519,0.132369,-0.086135,0.770539,0.614795,-0.088738,0.088541,0.778661,0.621095,-0.011897,-0.022525,0.783321,0.630967,0.026984,-0.140120,0.762574,0.675151,-0.242678,0.126760,0.684990,0.679210,-0.192574,0.038575,0.707178,0.618151,-0.098767,0.016939,0.779645,0.611123,-0.067748,0.253692,0.746712,0.474893,-0.415978,0.550298,0.546453,0.538025,-0.345535,0.501860,0.582470,0.602651,-0.287992,-0.019923,0.743959,-0.452595,0.635594,-0.256510,-0.570421,0.435469,-0.546366,0.224518,0.679296
0.630000,-0.054719,0.013127,0.774554,0.614089,0.132523,-0.086405,0.773218,0.616408,-0.082041,0.084780,0.778539,0.622301,-0.009721,-0.025323,0.782308,0.627671,0.018473,-0.127728,0.767706,0.668223,-0.237473,0.118706,0.694977,0.672588,-0.188982,0.047142,0.713925,0.606446,-0.097717,0.014530,0.788963,0.599391,-0.072908,0.250177,0.756853,0.452762,-0.435052,0.545418,0.555207,0.514738,-0.363329,0.501325,0.593051,0.592117,-0.282035,-0.026921,0.754407,-0.444348,0.637511,-0.245583,-0.579502,0.423107,-0.550892,0.211427,0.687602
0.626368,-0.055708,0.018338,0.777318,0.611515,0.133118,-0.087015,0.775085,0.618598,-0.075617,0.081459,0.777807,0.624180,-0.006989,-0.027616,0.780761,0.625004,0.010617,-0.114297,0.772136,0.659910,-0.229539,0.109425,0.707006,0.665056,-0.182014,0.057931,0.721952,0.595217,-0.096551,0.012482,0.797646,0.588011,-0.077923,0.246711,0.766358,0.430690,-0.453677,0.539721,0.563369,0.491039,-0.381309,0.498767,0.603917,0.581879,-0.275724,-0.033632,0.764371,-0.436537,0.638383,-0.234542,-0.588975,0.410823,-0.554016,0.197276,0.696687
0.623580,-0.055522,0.023995,0.779416,0.609832,0.135140,-0.087922,0.775959,0.620266,-0.070098,0.079205,0.777228,0.625661,-0.005443,-0.029638,0.779513,0.623113,0.004247,-0.105393,0.774987,0.657997,-0.220108,0.101456,0.712951,0.664989,-0.160114,0.055890,0.727344,0.586593,-0.096021,0.011401,0.804089,0.579346,-0.081760,0.243407,0.773581,0.413968,-0.467401,0.533465,0.570598,0.471899,-0.396523,0.491796,0.614994,0.573742,-0.270474,-0.039050,0.772100,-0.431405,0.635935,-0.223517,-0.599597,0.400683,-0.553835,0.182120,0.706790
0.621057,-0.055031,0.029451,0.781276,0.608338,0.137917,-0.088698,0.776554,0.621278,-0.064787,0.077418,0.777060,0.626569,-0.004030,-0.031676,0.778712,0.621338,-0.001299,-0.097501,0.777451,0.657015,-0.210903,0.094455,0.717586,0.665052,-0.138940,0.051528,0.731947,0.578654,-0.095638,0.010529,0.809878,0.571331,-0.085476,0.240420,0.780046,0.399018,-0.479829,0.527335,0.576599,0.454680,-0.410271,0.484530,0.624639,0.566213,-0.265212,-0.043917,0.779189,-0.426271,0.632588,-0.212776,-0.610616,0.390980,-0.552032,0.166960,0.717301
0.619098,-0.053932,0.034506,0.782699,0.607165,0.142160,-0.089226,0.776646,0.620953,-0.059947,0.076536,0.777795,0.626279,-0.002926,-0.033799,0.778861,0.620022,-0.005167,-0.091594,0.779203,0.659190,-0.202022,0.089525,0.718778,0.667355,-0.119145,0.042241,0.733933,0.572191,-0.095831,0.010059,0.814440,0.564857,-0.088989,0.237933,0.785115,0.387974,-0.489592,0.521948,0.580815,0.440702,-0.421047,0.478129,0.632372,0.559743,-0.260908,-0.048646,0.785015,-0.421429,0.628416,-0.201769,-0.621916,0.382159,-0.548872,0.151645,0.727803
0.617903,-0.052450,0.039390,0.783513,0.606597,0.147503,-0.090027,0.776001,0.620530,-0.055741,0.076645,0.778435,0.625997,-0.002183,-0.035071,0.779034,0.619408,-0.008149,-0.086319,0.780267,0.663544,-0.192682,0.085483,0.717827,0.671263,-0.101071,0.031311,0.733628,0.567744,-0.095624,0.010080,0.817570,0.560391,-0.090582,0.235216,0.788943,0.381419,-0.495681,0.517616,0.583861,0.432116,-0.428485,0.472520,0.637496,0.555306,-0.256152,-0.052106,0.789497,0.417394,-0.623134,0.192741,0.632722,0.375702,-0.543722,0.139000,0.737491
0.617083,-0.050776,0.044189,0.784014,0.606355,0.153387,-0.090965,0.774940,0.620301,-0.051774,0.077358,0.778820,0.625977,-0.001580,-0.035826,0.779017,0.619122,-0.010686,-0.081356,0.780996,0.668967,-0.183226,0.081757,0.715700,0.675959,-0.083786,0.019625,0.731898,0.564308,-0.095209,0.010338,0.819991,0.556850,-0.091640,0.232681,0.792073,0.376906,-0.500269,0.514018,0.586053,0.425506,-0.433765,0.467845,0.641805,0.551750,-0.251454,-0.055355,0.793271,0.413784,-0.617517,0.184299,0.643032,0.370420,-0.537827,0.127321,0.746539
0.617290,-0.048578,0.048226,0.783752,0.606939,0.159542,-0.091985,0.773117,0.620786,-0.048044,0.078757,0.778534,0.626743,-0.001791,-0.037058,0.778342,0.619811,-0.011515,-0.077055,0.780874,0.674963,-0.173843,0.079119,0.712701,0.681330,-0.066318,0.010774,0.728886,0.563176,-0.094073,0.011577,0.820883,0.555520,-0.090364,0.230105,0.793904,0.377080,-0.500769,0.511957,0.587317,0.425308,-0.434907,0.465288,0.643022,0.550614,-0.246529,-0.056326,0.795535,0.411858,-0.611295,0.179572,0.651495,0.367797,-0.531375,0.120754,0.753515
0.617755,-0.046320,0.051534,0.783312,0.607616,0.165390,-0.092447,0.771299,0.621588,-0.043988,0.080480,0.777956,0.627829,-0.002456,-0.037479,0.777444,0.620675,-0.011637,-0.072766,0.780598,0.680163,-0.164706,0.076741,0.710184,0.685820,-0.050187,0.003266,0.726032,0.562244,-0.092669,0.012919,0.821661,0.554424,-0.088373,0.227126,0.795750,0.377274,-0.500522,0.509273,0.589731,0.425311,-0.434424,0.462580,0.645295,0.549732,-0.241892,-0.056767,0.797534,0.410429,-0.605052,0.175639,0.659251,0.365470,-0.525504,0.114889,0.759656
0.618753,-0.043943,0.053388,0.782537,0.608422,0.170648,-0.091796,0.769595,0.622681,-0.038272,0.081694,0.777258,0.629136,-0.002943,-0.037412,0.776389,0.621936,-0.010341,-0.068506,0.779997,0.683834,-0.155849,0.075109,0.708831,0.688868,-0.036752,-0.001527,0.723953,0.561741,-0.090723,0.015125,0.822185,0.553745,-0.084941,0.223983,0.797485,0.377098,-0.498729,0.505836,0.594304,0.425938,-0.431251,0.459743,0.649027,0.549410,-0.237703,-0.055287,0.799118,0.409713,-0.598697,0.174064,0.665882,0.363628,-0.519575,0.110559,0.765240
0.620472,-0.041776,0.053905,0.781258,0.609651,0.174226,-0.089136,0.768131,0.623894,-0.031126,0.082323,0.776538,0.630449,-0.003611,-0.036840,0.775347,0.623790,-0.007657,-0.064325,0.778903,0.685885,-0.147139,0.074085,0.708818,0.690422,-0.027467,-0.004750,0.722870,0.561861,-0.088616,0.017673,0.822282,0.553792,-0.080645,0.219927,0.799026,0.377062,-0.496332,0.501687,0.599824,0.425923,-0.427449,0.456298,0.653965,0.549772,-0.234012,-0.052758,0.800129,0.409322,-0.593300,0.174496,0.670822,0.362918,-0.514933,0.108328,0.769025
0.622547,-0.039715,0.053755,0.779723,0.611082,0.176984,-0.085473,0.766779,0.625159,-0.022703,0.082137,0.775831,0.631740,-0.003799,-0.036521,0.774311,0.625927,-0.004262,-0.060191,0.777544,0.687134,-0.138454,0.073362,0.709433,0.691282,-0.020099,-0.007285,0.722269,0.562290,-0.086275,0.020618,0.822169,0.554194,-0.075770,0.215623,0.800397,0.377044,-0.493416,0.497276,0.605884,0.425388,-0.423294,0.452783,0.659435,0.550578,-0.230172,-0.049122,0.800919,0.408938,-0.588222,0.176593,0.674967,0.362536,-0.510477,0.107415,0.772298
0.625086,-0.038472,0.051371,0.777913,0.612302,0.178335,-0.079937,0.766089,0.625817,-0.012782,0.080941,0.775654,0.632525,-0.002986,-0.038992,0.773552,0.628263,0.000741,-0.056408,0.775953,0.686329,-0.130209,0.073506,0.711754,0.690357,-0.015815,-0.007704,0.723255,0.564264,-0.083380,0.024423,0.821010,0.555907,-0.070778,0.211421,0.800786,0.379732,-0.488812,0.493594,0.610927,0.427652,-0.418188,0.448794,0.663940,0.552575,-0.227001,-0.045384,0.800669,0.408454,-0.585172,0.180284,0.676932,0.363576,-0.507149,0.110257,0.773600
0.627646,-0.037498,0.048714,0.776068,0.613504,0.179348,-0.074042,0.765483,0.626052,-0.002894,0.079492,0.775714,0.633198,0.000833,-0.042587,0.772817,0.630562,0.006086,-0.053299,0.774283,0.685620,-0.122568,0.074040,0.713736,0.689613,-0.011999,-0.007964,0.724035,0.566826,-0.080291,0.028487,0.819420,0.558168,-0.065940,0.207451,0.800665,0.383659,-0.483671,0.490585,0.614975,0.430546,-0.412490,0.445911,0.667567,0.555153,-0.223535,-0.041392,0.800077,0.407843,-0.582523,0.184783,0.678371,0.364098,-0.504852,0.113711,0.774356
0.630257,-0.037062,0.045513,0.774165,0.614676,0.179651,-0.067429,0.765083,0.625250,0.006878,0.077490,0.776538,0.633431,0.010656,-0.048495,0.772204,0.632812,0.012072,-0.051526,0.772495,0.685085,-0.116257,0.075383,0.715164,0.689182,-0.009224,-0.007857,0.724487,0.570613,-0.076800,0.033064,0.816951,0.561474,-0.061374,0.203968,0.799611,0.390000,-0.477457,0.488953,0.617139,0.436385,-0.405266,0.444559,0.669100,0.558983,-0.220470,-0.036192,0.798512,0.406905,-0.580654,0.191274,0.678737,0.363202,-0.503798,0.119857,0.774536
0.632551,-0.036140,0.042622,0.772500,0.615687,0.180537,-0.061527,0.764559,0.622479,0.014506,0.075785,0.778824,0.631974,0.023829,-0.054830,0.772680,0.634760,0.018159,-0.050746,0.770827,0.684481,-0.111347,0.077248,0.716324,0.688765,-0.007581,-0.008107,0.724899,0.575574,-0.073317,0.037422,0.813596,0.565858,-0.057268,0.201721,0.797392,0.398245,-0.470159,0.489169,0.617304,0.444539,-0.396945,0.445523,0.668079,0.563717,-0.217439,-0.032333,0.796177,0.407264,-0.578942,0.197119,0.678311,0.364479,-0.503262,0.124655,0.773527
0.634684,-0.034975,0.039886,0.770949,0.616619,0.181726,-0.055979,0.763952,0.618712,0.021158,0.074266,0.781813,0.629573,0.038805,-0.061270,0.773549,0.636521,0.024299,-0.050473,0.769222,0.683806,-0.107144,0.079339,0.717380,0.688325,-0.006527,-0.008547,0.725322,0.581079,-0.069764,0.041656,0.809781,0.570752,-0.053362,0.200081,0.794583,0.407409,-0.462280,0.490245,0.616421,0.454018,-0.387660,0.447329,0.665947,0.568980,-0.214850,-0.028430,0.793280,0.408017,-0.577525,0.203376,0.677218,0.366151,-0.503116,0.129908,0.771966
0.636737,-0.032322,0.038652,0.769433,0.618297,0.183267,-0.055713,0.762246,0.615952,0.017571,0.076504,0.783863,0.627809,0.037359,-0.070516,0.774266,0.638434,0.029808,-0.051082,0.767401,0.683206,-0.103793,0.080734,0.718289,0.687883,-0.005342,-0.009461,0.725740,0.588556,-0.066929,0.045050,0.804421,0.577748,-0.049323,0.200052,0.789781,0.419609,-0.452851,0.495060,0.611367,0.467280,-0.377161,0.452737,0.659112,0.576398,-0.211240,-0.024794,0.789005,0.411741,-0.575043,0.210803,0.674802,0.373183,-0.501430,0.137087,0.768446
0.639140,-0.029289,0.037325,0.767626,0.620857,0.182936,-0.056600,0.760176,0.616480,0.011385,0.080052,0.783207,0.629206,0.035297,-0.077764,0.772533,0.640686,0.034735,-0.051633,0.765277,0.682854,-0.100581,0.081755,0.718964,0.687660,-0.004543,-0.010073,0.725948,0.596627,-0.063702,0.048152,0.798536,0.585310,-0.044849,0.200038,0.784465,0.432042,-0.443094,0.500504,0.605396,0.481037,-0.366201,0.458581,0.651309,0.584386,-0.207777,-0.021620,0.784127,0.417002,-0.572292,0.218317,0.671512,0.381687,-0.499787,0.144352,0.763996
0.642247,-0.025498,0.035810,0.765236,0.625167,0.178834,-0.059757,0.757373,0.623507,0.000131,0.086407,0.777028,0.636855,0.031905,-0.080986,0.766055,0.643670,0.038499,-0.052043,0.762561,0.683042,-0.097635,0.082106,0.719152,0.687899,-0.004059,-0.010428,0.725720,0.605953,-0.059789,0.050666,0.791631,0.594046,-0.039531,0.200057,0.778154,0.444261,-0.433591,0.507997,0.597134,0.494918,-0.355815,0.466559,0.640917,0.593871,-0.203808,-0.018138,0.778107,0.425156,-0.568187,0.227158,0.666937,0.393150,-0.497285,0.152893,0.758133
0.646775,-0.022456,0.034421,0.761573,0.631006,0.173365,-0.062770,0.753549,0.630241,-0.013755,0.093662,0.770607,0.644000,0.028611,-0.080946,0.760193,0.648044,0.041528,-0.052398,0.758663,0.683857,-0.094533,0.081695,0.718839,0.688668,-0.003324,-0.010823,0.724989,0.615238,-0.055129,0.052556,0.784653,0.602680,-0.033722,0.199472,0.771914,0.454938,-0.424406,0.514708,0.589904,0.508259,-0.345762,0.474160,0.630313,0.603368,-0.200768,-0.014741,0.771636,0.434744,-0.563569,0.235882,0.661625,0.404850,-0.495080,0.161114,0.751688
0.651991,-0.019787,0.033093,0.757245,0.637557,0.167200,-0.065639,0.749171,0.636705,-0.028862,0.101533,0.763849,0.650874,0.025421,-0.079244,0.754610,0.653086,0.044322,-0.052833,0.754138,0.684999,-0.091218,0.080786,0.718282,0.689704,-0.002328,-0.011350,0.723999,0.624448,-0.050123,0.054135,0.777575,0.611230,-0.027722,0.198581,0.765634,0.464386,-0.415777,0.521369,0.582795,0.520645,-0.336248,0.482081,0.619244,0.612898,-0.197916,-0.010984,0.764895,0.444997,-0.558050,0.244674,0.656271,0.416512,-0.492273,0.169439,0.745302
0.658959,-0.019176,0.032631,0.751226,0.645846,0.159702,-0.067846,0.743489,0.642397,-0.042874,0.107007,0.757652,0.656619,0.019179,-0.080190,0.749702,0.659836,0.046938,-0.053821,0.748009,0.687124,-0.087805,0.079265,0.716846,0.691639,0.000121,-0.012410,0.722137,0.633516,-0.044939,0.054875,0.770472,0.619519,-0.022383,0.197230,0.759470,0.472854,-0.407779,0.526687,0.576824,0.532281,-0.327501,0.488075,0.609264,0.622244,-0.196420,-0.007576,0.757743,0.455606,-0.552866,0.252892,0.650237,0.427741,-0.489518,0.178784,0.738543
0.666137,-0.019167,0.032269,0.744885,0.654180,0.152125,-0.068836,0.737678,0.646388,-0.055128,0.110928,0.752887,0.660433,0.012283,-0.080943,0.746408,0.666754,0.049382,-0.054804,0.741618,0.689384,-0.084304,0.077467,0.715291,0.693679,0.002478,-0.013343,0.720156,0.642436,-0.039904,0.055377,0.763293,0.627739,-0.017213,0.195606,0.753250,0.481644,-0.399341,0.531189,0.571301,0.543224,-0.318817,0.492960,0.600211,0.631361,-0.195167,-0.004633,0.750514,0.465627,-0.547513,0.260006,0.644840,0.438439,-0.486329,0.187606,0.732161
0.673781,-0.020363,0.032106,0.737952,0.662729,0.144462,-0.067539,0.731683,0.647193,-0.063989,0.111468,0.751413,0.660495,0.004158,-0.081346,0.746399,0.674067,0.051483,-0.055755,0.734762,0.691916,-0.080618,0.075178,0.713513,0.695939,0.004287,-0.014357,0.717945,0.651155,-0.035210,0.055491,0.756094,0.635658,-0.013133,0.194156,0.747041,0.490719,-0.390866,0.534463,0.566364,0.552841,-0.310985,0.495918,0.593061,0.640124,-0.194501,-0.002614,0.743238,0.474256,-0.542935,0.265639,0.640108,0.447924,-0.483458,0.196143,0.726058
0.680945,-0.022526,0.031508,0.731309,0.670315,0.137826,-0.062716,0.726463,0.643201,-0.067038,0.108007,0.755071,0.655654,0.009564,-0.075743,0.751192,0.680783,0.053040,-0.056309,0.728389,0.694311,-0.076823,0.072576,0.711873,0.698030,0.006770,-0.014155,0.715897,0.659853,-0.030965,0.055340,0.748714,0.643655,-0.009382,0.192638,0.740616,0.500517,-0.382145,0.537717,0.560632,0.562064,-0.303687,0.499310,0.585276,0.648786,-0.193850,-0.001377,0.735865,0.482166,-0.538737,0.270314,0.635774,0.455999,-0.482199,0.202763,0.720025
0.687838,-0.025171,0.030691,0.724778,0.677447,0.131810,-0.056114,0.721487,0.636708,-0.066754,0.102832,0.761296,0.648163,0.021950,-0.066646,0.758262,0.687158,0.054484,-0.056843,0.722229,0.696639,-0.072822,0.069630,0.710312,0.700021,0.009415,-0.013883,0.713925,0.668510,-0.026934,0.054966,0.741180,0.651674,-0.005794,0.191008,0.734033,0.510448,-0.373482,0.541056,0.554267,0.570887,-0.296932,0.502988,0.576995,0.657377,-0.193203,-0.000587,0.728373,0.489536,-0.534773,0.274401,0.631725,0.463252,-0.481772,0.208352,0.714061
0.692764,-0.026312,0.031452,0.719997,0.683233,0.125737,-0.050668,0.717506,0.635562,-0.061263,0.096409,0.763553,0.645698,0.026014,-0.059488,0.760827,0.692072,0.053430,-0.055918,0.717673,0.697783,-0.069018,0.065388,0.709972,0.700687,0.012483,-0.014178,0.713219,0.676557,-0.023826,0.054625,0.733974,0.659783,-0.001044,0.188183,0.727511,0.521964,-0.363823,0.545288,0.545753,0.581882,-0.288406,0.511639,0.562548,0.665308,-0.192846,0.000124,0.721232,0.497700,-0.530177,0.277800,0.627721,0.469881,-0.483678,0.211635,0.707445
0.697358,-0.027355,0.032163,0.715478,0.688542,0.120542,-0.045647,0.713650,0.635038,-0.055888,0.091239,0.765035,0.644193,0.027983,-0.054294,0.762420,0.696641,0.052711,-0.055098,0.713356,0.698873,-0.064988,0.061189,0.709654,0.701328,0.015197,-0.014189,0.712536,0.684074,-0.020805,0.054052,0.727109,0.667526,0.003917,0.184781,0.721284,0.532358,-0.354817,0.549377,0.537481,0.592724,-0.279749,0.520943,0.546843,0.672780,-0.192446,0.000851,0.714375,0.505616,-0.525806,0.281200,0.623544,0.476644,-0.485198,0.215116,0.700799
0.701326,-0.028201,0.032778,0.711528,0.693143,0.116010,-0.042604,0.710127,0.636333,-0.052148,0.087315,0.764681,0.644837,0.024455,-0.054341,0.761994,0.700645,0.051378,-0.054930,0.709534,0.700047,-0.061776,0.056645,0.709161,0.702066,0.015912,-0.014076,0.711795,0.690612,-0.017929,0.053133,0.721048,0.674584,0.009367,0.180355,0.715766,0.541313,-0.346569,0.552756,0.530407,0.604172,-0.270550,0.530933,0.529045,0.679636,-0.191114,0.002505,0.708212,0.513535,-0.520885,0.285618,0.619180,0.484327,-0.484933,0.219815,0.694225
0.704636,-0.028124,0.032601,0.708261,0.696897,0.112551,-0.039600,0.707177,0.637536,-0.048618,0.084608,0.764216,0.645694,0.021587,-0.055901,0.761241,0.703975,0.049992,-0.053856,0.706413,0.700899,-0.058830,0.053232,0.708835,0.702626,0.016349,-0.013356,0.711246,0.696419,-0.015346,0.051928,0.715589,0.680994,0.014668,0.175734,0.710738,0.549576,-0.338578,0.555142,0.524546,0.616183,-0.260215,0.540334,0.510535,0.685862,-0.189329,0.003728,0.702662,0.520946,-0.516601,0.290065,0.614492,0.492013,-0.483726,0.225287,0.687879
0.707614,-0.027586,0.032029,0.705334,0.700304,0.109143,-0.037108,0.704475,0.638872,-0.045699,0.082075,0.763556,0.646733,0.018519,-0.058661,0.760232,0.706980,0.048425,-0.053136,0.703570,0.701724,-0.056160,0.049591,0.708499,0.703156,0.016499,-0.013134,0.710723,0.701846,-0.012712,0.050775,0.710403,0.687021,0.020073,0.171188,0.705899,0.557310,-0.330531,0.557175,0.519336,0.627938,-0.248989,0.549572,0.491598,0.691874,-0.186801,0.005443,0.697414,0.527883,-0.512087,0.295160,0.609907,0.499535,-0.481570,0.231550,0.681864
0.710436,-0.027107,0.032058,0.702509,0.703621,0.105827,-0.035829,0.701737,0.640385,-0.044103,0.079537,0.762651,0.647796,0.018693,-0.057586,0.759405,0.709861,0.047434,-0.053452,0.700707,0.702542,-0.054660,0.046659,0.708004,0.703705,0.017680,-0.013100,0.710152,0.706580,-0.010703,0.049145,0.705843,0.692325,0.024382,0.166599,0.701667,0.564709,-0.323366,0.557889,0.515072,0.638135,-0.237329,0.555496,0.477371,0.697389,-0.183412,0.006693,0.692794,0.534882,-0.507573,0.300307,0.605051,0.505982,-0.478999,0.238155,0.676627
0.713201,-0.026698,0.032146,0.699713,0.706876,0.102459,-0.034701,0.699016,0.641881,-0.042629,0.076906,0.761746,0.648821,0.019367,-0.055965,0.758633,0.712669,0.046743,-0.054287,0.697833,0.703492,-0.053634,0.044033,0.707307,0.704405,0.018969,-0.012809,0.709429,0.711153,-0.008459,0.047950,0.701349,0.697374,0.028702,0.162477,0.697457,0.571502,-0.316220,0.558553,0.511282,0.647124,-0.225598,0.561004,0.464338,0.702730,-0.179827,0.008450,0.688303,0.541706,-0.502561,0.305657,0.600466,0.511120,-0.476493,0.244691,0.672188
0.715864,-0.026429,0.032349,0.696989,0.710036,0.098976,-0.033904,0.696350,0.643374,-0.041413,0.074057,0.760835,0.649780,0.021013,-0.053293,0.757960,0.715343,0.046646,-0.056178,0.694948,0.704718,-0.053745,0.042182,0.706190,0.705428,0.020284,-0.011847,0.708392,0.715432,-0.006299,0.047062,0.697067,0.702050,0.032517,0.158775,0.693440,0.577597,-0.309631,0.558689,0.508308,0.655059,-0.213337,0.564575,0.454577,0.707745,-0.176135,0.010373,0.684080,0.548625,-0.496944,0.310659,0.596279,0.514440,-0.474289,0.250681,0.669000
0.718047,-0.025794,0.031995,0.694780,0.712563,0.096261,-0.033615,0.694160,0.644597,-0.040825,0.071800,0.760048,0.650599,0.022183,-0.051989,0.757315,0.717492,0.046760,-0.058198,0.692554,0.705588,-0.054202,0.040680,0.705374,0.706136,0.020972,-0.011754,0.707668,0.719106,-0.004413,0.046231,0.693347,0.706181,0.035896,0.154900,0.689946,0.582985,-0.303932,0.558118,0.506219,0.660666,-0.203900,0.566618,0.448207,0.712105,-0.172727,0.012223,0.680384,0.555539,-0.491147,0.314977,0.592403,0.516471,-0.472213,0.255455,0.667095
0.719988,-0.024976,0.031363,0.692828,0.714773,0.093931,-0.033575,0.692206,0.645682,-0.040549,0.069844,0.759323,0.651342,0.022999,-0.051265,0.756701,0.719374,0.047032,-0.060334,0.690398,0.706283,-0.054877,0.039391,0.704699,0.706693,0.021290,-0.012047,0.707097,0.722455,-0.002944,0.045591,0.689907,0.710038,0.038763,0.151099,0.686668,0.587677,-0.299136,0.557407,0.504431,0.664936,-0.195918,0.567896,0.443812,0.716057,-0.169672,0.014129,0.676959,0.562316,-0.485416,0.318996,0.588569,0.517754,-0.470371,0.259706,0.665759
0.721397,-0.023563,0.030266,0.691459,0.716329,0.092524,-0.033999,0.690764,0.646295,-0.040940,0.068589,0.758895,0.651745,0.023195,-0.051801,0.756312,0.720705,0.047592,-0.062209,0.688802,0.705885,-0.056157,0.038875,0.705026,0.706254,0.020690,-0.011862,0.707557,0.724738,-0.001520,0.044395,0.687592,0.712818,0.041307,0.146951,0.684536,0.590619,-0.296066,0.555514,0.504894,0.667037,-0.191173,0.566574,0.444419,0.719035,-0.166452,0.015300,0.674573,0.568287,-0.480249,0.322091,0.585379,0.518456,-0.468617,0.261971,0.665562
0.722551,-0.021929,0.029026,0.690360,0.717618,0.091249,-0.034574,0.689567,0.646852,-0.041412,0.067366,0.758504,0.652082,0.023357,-0.051966,0.756005,0.721762,0.048558,-0.064592,0.687408,0.705660,-0.057625,0.038520,0.705152,0.705969,0.020618,-0.011972,0.707841,0.726785,-0.000691,0.043442,0.685490,0.715389,0.043208,0.143158,0.682537,0.593255,-0.293675,0.553706,0.505186,0.668425,-0.187980,0.565392,0.445201,0.721677,-0.163386,0.016218,0.672476,0.573847,-0.475427,0.324830,0.582369,0.519450,-0.467169,0.263652,0.665141
0.723198,-0.019852,0.027498,0.689807,0.718380,0.090236,-0.035467,0.688861,0.647308,-0.042051,0.066190,0.758184,0.652308,0.023878,-0.051777,0.755807,0.722325,0.049526,-0.067146,0.686502,0.705701,-0.060243,0.039357,0.704846,0.706073,0.019141,-0.012297,0.707773,0.728421,-0.000197,0.042490,0.683811,0.717539,0.044698,0.139597,0.680920,0.595472,-0.291907,0.551767,0.505724,0.669091,-0.186632,0.563568,0.447076,0.723872,-0.160199,0.016597,0.670873,0.578726,-0.471170,0.327150,0.579697,0.521372,-0.465529,0.263804,0.664727
0.723573,-0.017626,0.025695,0.689544,0.718774,0.089875,-0.036620,0.688437,0.647372,-0.043056,0.065445,0.758137,0.652184,0.024398,-0.051047,0.755947,0.722554,0.051260,-0.070529,0.685795,0.706161,-0.062930,0.040403,0.704091,0.706584,0.018588,-0.011883,0.707285,0.729650,0.000057,0.041529,0.682559,0.719247,0.045855,0.136346,0.679699,0.597088,-0.290800,0.549770,0.506630,0.668934,-0.187119,0.561606,0.449570,0.725608,-0.156938,0.016351,0.669773,0.582608,-0.467649,0.328872,0.577681,0.523863,-0.464558,0.263499,0.663567
0.723808,-0.015324,0.023755,0.689422,0.718987,0.089840,-0.037904,0.688150,0.647139,-0.044268,0.064885,0.758315,0.651778,0.024867,-0.050035,0.756349,0.722634,0.053050,-0.073981,0.685210,0.706714,-0.065980,0.041892,0.703169,0.707234,0.017800,-0.011125,0.706668,0.730679,0.000196,0.040570,0.681515,0.720752,0.046557,0.132977,0.678724,0.598595,-0.290267,0.547496,0.507619,0.668540,-0.188723,0.559306,0.452343,0.727108,-0.153638,0.015796,0.668925,0.585980,-0.464485,0.330309,0.576001,0.526739,-0.463450,0.262391,0.662504
0.724008,-0.013142,0.022008,0.689315,0.719143,0.090114,-0.039195,0.687878,0.647433,-0.045368,0.064723,0.758013,0.651980,0.025039,-0.049733,0.756189,0.722654,0.055373,-0.077568,0.684608,0.707026,-0.069262,0.043913,0.702416,0.707708,0.016270,-0.010959,0.706232,0.731781,0.000381,0.039460,0.680396,0.722234,0.048137,0.130450,0.677528,0.599159,-0.289426,0.546905,0.508071,0.667805,-0.189586,0.558535,0.454017,0.728681,-0.149922,0.014723,0.668079,0.589131,-0.461426,0.331550,0.574530,0.531727,-0.461301,0.262416,0.660004
0.724293,-0.011030,0.020456,0.689100,0.719436,0.090144,-0.040323,0.687503,0.647425,-0.046304,0.064235,0.758004,0.651847,0.025236,-0.049583,0.756307,0.722771,0.057740,-0.081137,0.683875,0.707154,-0.072532,0.045869,0.701832,0.707987,0.015184,-0.010528,0.705984,0.732871,0.000558,0.038355,0.679285,0.723731,0.049457,0.127596,0.676378,0.600334,-0.288551,0.546445,0.507676,0.668028,-0.190585,0.557868,0.454092,0.730198,-0.146279,0.013518,0.667256,0.592024,-0.458512,0.332573,0.573297,0.536395,-0.459099,0.262528,0.657715
0.724759,-0.009060,0.019294,0.688673,0.720000,0.089687,-0.041123,0.686924,0.648164,-0.046738,0.063602,0.757399,0.652448,0.025479,-0.049384,0.755793,0.723089,0.060196,-0.084674,0.682898,0.707790,-0.075519,0.047923,0.700737,0.708772,0.014659,-0.009970,0.705215,0.733934,0.000708,0.037245,0.678198,0.725202,0.051136,0.124906,0.675178,0.601497,-0.287321,0.546500,0.506937,0.668800,-0.189855,0.557360,0.453885,0.731623,-0.142794,0.012041,0.666478,0.594444,-0.455923,0.333134,0.572532,0.540745,-0.456477,0.262884,0.655832
0.725229,-0.007281,0.018411,0.688223,0.720599,0.089107,-0.041644,0.686340,0.648410,-0.046859,0.062659,0.757260,0.652533,0.025902,-0.049247,0.755715,0.723431,0.062559,-0.087994,0.681902,0.707832,-0.078451,0.049700,0.700250,0.708942,0.014330,-0.009302,0.705060,0.734752,0.000893,0.036060,0.677376,0.726369,0.052770,0.122427,0.674252,0.603220,-0.285609,0.546646,0.505698,0.670343,-0.189180,0.557395,0.451843,0.732775,-0.139580,0.010503,0.665919,0.596391,-0.453687,0.333357,0.572154,0.543845,-0.454341,0.262991,0.654708
0.725701,-0.005599,0.017667,0.687761,0.721254,0.088128,-0.041667,0.685777,0.648308,-0.047076,0.061877,0.757398,0.652291,0.026292,-0.048919,0.755932,0.723785,0.064874,-0.091207,0.680887,0.707909,-0.081255,0.051427,0.699727,0.709147,0.014169,-0.008535,0.704867,0.735126,0.001094,0.034843,0.677033,0.727035,0.054644,0.120364,0.673756,0.604445,-0.283879,0.546714,0.505136,0.671870,-0.187913,0.557036,0.450544,0.733468,-0.136491,0.008875,0.665819,0.597681,-0.451833,0.333157,0.572390,0.546037,-0.452605,0.262623,0.654233
0.725854,-0.004499,0.017368,0.687615,0.721426,0.088544,-0.042618,0.685484,0.648675,-0.046713,0.060937,0.757182,0.652526,0.027118,-0.049304,0.755674,0.723842,0.066928,-0.093732,0.680285,0.708216,-0.083161,0.052929,0.699080,0.709552,0.014605,-0.007881,0.704457,0.735280,0.001084,0.033530,0.676933,0.727463,0.055548,0.118070,0.673625,0.606403,-0.282475,0.545454,0.504939,0.674077,-0.186923,0.555447,0.449621,0.733899,-0.133975,0.007284,0.665876,0.598391,-0.450587,0.332663,0.572918,0.546800,-0.451423,0.261983,0.654669
0.725890,-0.003455,0.017057,0.687590,0.721499,0.088776,-0.043274,0.685336,0.648507,-0.046745,0.060301,0.757375,0.652259,0.027586,-0.049384,0.755883,0.723788,0.068845,-0.096098,0.679821,0.708137,-0.085050,0.054213,0.698835,0.709558,0.014920,-0.007359,0.704451,0.734791,0.001033,0.032313,0.677522,0.727161,0.056725,0.116611,0.674107,0.607613,-0.281077,0.544409,0.505392,0.675863,-0.185566,0.553803,0.449529,0.733661,-0.131483,0.005543,0.666650,0.598110,-0.449959,0.331713,0.574254,0.547233,-0.450745,0.260862,0.655223
0.725695,-0.002523,0.016721,0.687808,0.721301,0.089271,-0.044012,0.685433,0.648375,-0.047139,0.060172,0.757474,0.652082,0.027599,-0.049053,0.756057,0.723515,0.070492,-0.098147,0.679650,0.708080,-0.086620,0.055308,0.698614,0.709574,0.015211,-0.006966,0.704432,0.734605,0.001027,0.031126,0.677780,0.727112,0.057108,0.114996,0.674406,0.609254,-0.280007,0.542205,0.506378,0.678002,-0.184177,0.550945,0.450392,0.733681,-0.128976,0.003656,0.667132,0.597716,-0.449569,0.330904,0.575435,0.547208,-0.449844,0.260389,0.656049
0.725329,-0.001835,0.016319,0.688206,0.720856,0.090180,-0.045118,0.685710,0.648377,-0.047405,0.059948,0.757473,0.652032,0.028293,-0.049317,0.756057,0.723077,0.071698,-0.099635,0.679773,0.708009,-0.087645,0.056033,0.698500,0.709544,0.015634,-0.006635,0.704456,0.733596,0.000850,0.030089,0.678918,0.726189,0.057517,0.114118,0.675513,0.610557,-0.278914,0.540213,0.507540,0.679493,-0.182670,0.548425,0.451831,0.732829,-0.126705,0.001631,0.668509,0.595998,-0.450124,0.329489,0.577591,0.545818,-0.450283,0.259402,0.657296
0.724878,-0.001269,0.015885,0.688693,0.720302,0.091169,-0.046147,0.686093,0.648794,-0.047620,0.060063,0.757094,0.652440,0.028749,-0.049353,0.755685,0.722561,0.072643,-0.100645,0.680073,0.708024,-0.088386,0.056813,0.698328,0.709600,0.016347,-0.006193,0.704388,0.732630,0.000935,0.028743,0.680020,0.725259,0.057738,0.112904,0.676697,0.612072,-0.277933,0.537676,0.508946,0.680510,-0.181476,0.545516,0.454296,0.732043,-0.124219,-0.000750,0.669838,0.594242,-0.450673,0.327735,0.579965,0.543711,-0.450662,0.258247,0.659235
0.724437,-0.000976,0.015491,0.689166,0.719753,0.092009,-0.047019,0.686498,0.648304,-0.047966,0.059900,0.757504,0.651924,0.028476,-0.049466,0.756133,0.722081,0.073010,-0.100986,0.680493,0.707624,-0.088128,0.056360,0.698803,0.709139,0.016645,-0.006582,0.704841,0.731335,0.000610,0.027783,0.681453,0.724019,0.057248,0.112062,0.678204,0.612458,-0.278416,0.535481,0.510529,0.680824,-0.181776,0.543484,0.456138,0.730823,-0.122522,-0.002820,0.671475,0.591468,-0.452303,0.326018,0.582494,0.540593,-0.451958,0.256557,0.661567
0.723913,-0.000766,0.014914,0.689730,0.719037,0.093282,-0.047889,0.687016,0.648253,-0.047619,0.059720,0.757584,0.651857,0.029198,-0.049698,0.756148,0.721501,0.073187,-0.101027,0.681082,0.707315,-0.087623,0.055885,0.699217,0.708759,0.017481,-0.006453,0.705205,0.729951,0.000647,0.026278,0.682994,0.722676,0.056844,0.110509,0.679923,0.612802,-0.279213,0.533152,0.512116,0.680499,-0.182398,0.541737,0.458446,0.729580,-0.120459,-0.005417,0.673181,0.589034,-0.453734,0.323927,0.585009,0.536911,-0.453612,0.254761,0.664123
0.723913,-0.000766,0.014914,0.689730,0.719037,0.093282,-0.047889,0.687016,0.648207,-0.048203,0.060220,0.757547,0.651856,0.028614,-0.049198,0.756204,0.721551,0.072653,-0.100469,0.681169,0.707324,-0.087018,0.055311,0.699329,0.708681,0.018094,-0.007023,0.705262,0.729047,0.000734,0.025311,0.683995,0.721787,0.056814,0.109624,0.681012,0.612233,-0.280196,0.532494,0.512944,0.679231,-0.183054,0.542465,0.459204,0.728773,-0.118385,-0.007349,0.674404,0.586901,-0.454981,0.322931,0.586732,0.532798,-0.455739,0.253589,0.666423
0.723460,-0.000645,0.014194,0.690220,0.718404,0.094234,-0.048438,0.687510,0.648122,-0.047814,0.060083,0.757655,0.651763,0.029145,-0.049212,0.756263,0.721066,0.072244,-0.099749,0.681832,0.707243,-0.085648,0.054313,0.699659,0.708483,0.019133,-0.006839,0.705435,0.727909,0.000931,0.023714,0.685263,0.720747,0.056507,0.107476,0.682480,0.611795,-0.281987,0.531501,0.513514,0.678329,-0.184455,0.543047,0.459289,0.727777,-0.116154,-0.009917,0.675833,0.585263,-0.456125,0.321441,0.588297,0.528839,-0.458374,0.251526,0.668548
0.723128,-0.000487,0.013587,0.690580,0.717911,0.095109,-0.048612,0.687891,0.648201,-0.047545,0.060481,0.757573,0.651909,0.029081,-0.048943,0.756157,0.720736,0.071639,-0.098681,0.682400,0.707063,-0.084217,0.053328,0.700090,0.708189,0.020098,-0.006859,0.705703,0.726834,0.001296,0.022214,0.686452,0.719751,0.056288,0.105373,0.683876,0.611040,-0.283979,0.530915,0.513921,0.677159,-0.186245,0.544290,0.458821,0.726845,-0.113742,-0.012359,0.677205,0.583679,-0.457100,0.320112,0.589836,0.524947,-0.461158,0.249311,0.670528
0.722732,-0.000378,0.012900,0.691007,0.717438,0.095252,-0.049239,0.688320,0.647812,-0.047532,0.059761,0.757963,0.651433,0.029159,-0.049620,0.756520,0.720401,0.070279,-0.097718,0.683034,0.707162,-0.082873,0.051740,0.700269,0.708142,0.020350,-0.007339,0.705738,0.726444,0.001403,0.021529,0.686887,0.719366,0.056345,0.104724,0.684376,0.609826,-0.285487,0.532328,0.513065,0.676380,-0.187509,0.545971,0.457456,0.726516,-0.111767,-0.013708,0.677861,0.583204,-0.457396,0.320195,0.590032,0.523156,-0.462965,0.248731,0.670898
0.722343,-0.000294,0.012206,0.691427,0.716895,0.095947,-0.049565,0.688766,0.647890,-0.047480,0.060047,0.757878,0.651559,0.028721,-0.049427,0.756441,0.720032,0.069265,-0.096306,0.683726,0.707186,-0.081060,0.050472,0.700550,0.708045,0.021252,-0.007067,0.705812,0.725833,0.001913,0.020214,0.687571,0.718708,0.055941,0.103266,0.685322,0.609100,-0.287368,0.532737,0.512453,0.676023,-0.188826,0.546685,0.456589,0.726050,-0.109554,-0.015544,0.678681,0.583074,-0.457331,0.319588,0.590539,0.521705,-0.464343,0.247824,0.671411
0.721967,-0.000259,0.011495,0.691832,0.716380,0.096460,-0.049790,0.689214,0.647393,-0.047071,0.059679,0.758357,0.651035,0.029206,-0.049742,0.756853,0.719724,0.067666,-0.095210,0.684364,0.707435,-0.079557,0.048714,0.700595,0.708158,0.021276,-0.007361,0.705694,0.725461,0.001946,0.019505,0.687984,0.718212,0.055351,0.103198,0.685900,0.608114,-0.288977,0.534007,0.511396,0.675339,-0.189589,0.547420,0.456403,0.725761,-0.108184,-0.016398,0.679190,0.582739,-0.457401,0.319528,0.590848,0.520835,-0.464861,0.247238,0.671944
0.721450,-0.000403,0.010903,0.692381,0.715697,0.097161,-0.050227,0.689793,0.647384,-0.047083,0.059888,0.758348,0.651063,0.028743,-0.049689,0.756850,0.719242,0.066385,-0.093552,0.685224,0.707468,-0.077496,0.047212,0.700895,0.708071,0.022009,-0.007016,0.705763,0.724919,0.002355,0.018279,0.688588,0.717511,0.054463,0.102388,0.686825,0.607762,-0.290646,0.534310,0.510553,0.675580,-0.189497,0.547131,0.456432,0.725383,-0.106852,-0.017513,0.679776,0.583086,-0.456968,0.318980,0.591137,0.521567,-0.464996,0.246737,0.671467
