body_0_vel_x,body_0_vel_y,body_0_vel_z,body_1_vel_x,body_1_vel_y,body_1_vel_z,body_2_vel_x,body_2_vel_y,body_2_vel_z,body_3_vel_x,body_3_vel_y,body_3_vel_z,body_4_vel_x,body_4_vel_y,body_4_vel_z,body_5_vel_x,body_5_vel_y,body_5_vel_z,body_6_vel_x,body_6_vel_y,body_6_vel_z,body_7_vel_x,body_7_vel_y,body_7_vel_z,body_8_vel_x,body_8_vel_y,body_8_vel_z,body_9_vel_x,body_9_vel_y,body_9_vel_z,body_10_vel_x,body_10_vel_y,body_10_vel_z,body_11_vel_x,body_11_vel_y,body_11_vel_z,body_12_vel_x,body_12_vel_y,body_12_vel_z,body_13_vel_x,body_13_vel_y,body_13_vel_z
0.005105,-0.007764,-0.012485,0.013849,-0.036549,-0.018626,-0.007236,0.081719,-0.020216,0.001933,0.000737,-0.002506,0.014284,-0.005051,-0.004710,0.016630,0.001107,-0.005038,0.023669,0.003687,-0.005131,0.002467,0.002441,-0.012204,-0.009875,-0.016923,-0.018363,-0.000842,-0.001695,-0.021108,0.001344,0.007126,-0.017592,-0.009605,0.031720,-0.005743,0.001375,0.022329,-0.003252,-0.005288,0.019575,-0.004101
0.003573,-0.007103,-0.015050,0.013450,-0.039547,-0.021764,-0.009360,0.093252,-0.022699,0.002645,0.000340,-0.001851,0.013804,0.000878,-0.006577,0.012578,0.002926,-0.006704,0.017103,0.000989,-0.006031,0.000804,0.002985,-0.014790,-0.011331,-0.023303,-0.020645,-0.002276,-0.007945,-0.023379,-0.002966,0.005422,-0.018130,-0.011499,0.039080,-0.008580,0.001944,0.019537,-0.005154,-0.006174,0.013343,-0.007407
0.000924,-0.005070,-0.018579,0.012324,-0.043021,-0.025993,-0.012397,0.106135,-0.025896,0.003429,-0.000130,-0.001274,0.012442,0.011718,-0.009305,0.007706,0.005314,-0.008971,0.010620,-0.001605,-0.007435,-0.002027,0.004411,-0.018351,-0.014531,-0.032835,-0.024167,-0.004733,-0.017199,-0.027060,-0.009448,0.003115,-0.019109,-0.015559,0.051436,-0.012054,0.002772,0.018083,-0.006948,-0.006919,0.007005,-0.011147
-0.003056,-0.000870,-0.022819,0.010119,-0.046234,-0.030924,-0.016306,0.116802,-0.029432,0.003832,-0.000602,-0.001192,0.009689,0.028771,-0.012845,0.002303,0.008624,-0.011710,0.005433,-0.003471,-0.009249,-0.006203,0.007261,-0.022634,-0.019846,-0.045332,-0.028852,-0.008403,-0.029312,-0.032113,-0.018208,0.000489,-0.020348,-0.022438,0.069541,-0.015716,0.003781,0.020108,-0.008018,-0.007152,0.002520,-0.014723
-0.008346,0.005815,-0.027455,0.006707,-0.048713,-0.036085,-0.020950,0.122463,-0.032925,0.003452,-0.001012,-0.001916,0.005210,0.051946,-0.017059,-0.003320,0.014202,-0.014840,0.002309,-0.004398,-0.011176,-0.011660,0.011873,-0.027316,-0.027191,-0.059927,-0.034487,-0.013449,-0.043919,-0.038252,-0.029254,-0.001979,-0.021355,-0.032412,0.093104,-0.019130,0.004798,0.027503,-0.007878,-0.006484,0.001434,-0.017717
-0.014703,0.014392,-0.032282,0.002261,-0.050679,-0.041163,-0.026095,0.123153,-0.036140,0.002417,-0.001271,-0.003314,-0.001036,0.079208,-0.021806,-0.008826,0.024830,-0.018499,0.001399,-0.004603,-0.012766,-0.018135,0.018063,-0.032187,-0.036065,-0.075223,-0.040876,-0.020098,-0.061021,-0.045062,-0.042784,-0.003418,-0.021053,-0.045349,0.120854,-0.022125,0.005732,0.041395,-0.006395,-0.004248,0.004550,-0.020037
-0.021768,0.023347,-0.037300,-0.002850,-0.052927,-0.046118,-0.031520,0.121760,-0.039005,0.001381,-0.001233,-0.004770,-0.008826,0.106937,-0.027018,-0.013919,0.044685,-0.023115,0.002226,-0.004384,-0.013466,-0.025292,0.024967,-0.037237,-0.045840,-0.089581,-0.047976,-0.028743,-0.081474,-0.052164,-0.059432,-0.001752,-0.017205,-0.060892,0.150852,-0.024851,0.006817,0.062116,-0.003776,0.000912,0.012695,-0.021593
-0.029131,0.030637,-0.042713,-0.008270,-0.056272,-0.051135,-0.037249,0.121854,-0.041581,0.000881,-0.000736,-0.005597,-0.017799,0.130987,-0.032834,-0.018397,0.078837,-0.029389,0.003913,-0.003829,-0.012597,-0.032776,0.031103,-0.042666,-0.056186,-0.101373,-0.056040,-0.040030,-0.106805,-0.059419,-0.080326,0.007478,-0.005797,-0.078695,0.180658,-0.027657,0.008784,0.089243,-0.000321,0.011342,0.027967,-0.021637
-0.036301,0.034207,-0.048938,-0.013896,-0.061044,-0.056474,-0.043630,0.125024,-0.044045,0.000833,0.000244,-0.005625,-0.027600,0.147687,-0.039805,-0.022165,0.132307,-0.038182,0.005503,-0.002765,-0.009260,-0.040126,0.034609,-0.048892,-0.067253,-0.108776,-0.065693,-0.054905,-0.137684,-0.067047,-0.106626,0.031627,0.018963,-0.098324,0.207214,-0.031011,0.013030,0.121232,0.003753,0.030349,0.054197,-0.018296
-0.042736,0.032436,-0.056560,-0.020133,-0.066840,-0.062279,-0.051118,0.129682,-0.046676,0.000735,0.001442,-0.005456,-0.038082,0.154258,-0.048987,-0.025286,0.208346,-0.050150,0.006115,-0.000788,-0.002191,-0.046717,0.033669,-0.056503,-0.079384,-0.109146,-0.077745,-0.074670,-0.170963,-0.075434,-0.138535,0.079624,0.063363,-0.118693,0.226651,-0.035597,0.021663,0.154828,0.008214,0.061517,0.095982,-0.008758
-0.048035,0.024702,-0.066090,-0.027994,-0.072221,-0.068403,-0.059936,0.132113,-0.049789,0.000154,0.002302,-0.006206,-0.049382,0.149031,-0.061574,-0.027951,0.305972,-0.064949,0.005002,0.002848,0.010378,-0.051907,0.027202,-0.066020,-0.092545,-0.098747,-0.092615,-0.101127,-0.196902,-0.084574,-0.174301,0.158798,0.131765,-0.137426,0.234479,-0.042351,0.037091,0.185093,0.012582,0.107189,0.156984,0.010153
-0.052120,0.012157,-0.077377,-0.038645,-0.074126,-0.074296,-0.069664,0.128903,-0.053629,-0.001043,0.002220,-0.008916,-0.061572,0.132081,-0.077799,-0.030132,0.417925,-0.080149,0.001642,0.009362,0.030737,-0.055310,0.015759,-0.077302,-0.105677,-0.073496,-0.109426,-0.136461,-0.199370,-0.093194,-0.209747,0.271627,0.224405,-0.150661,0.226491,-0.052019,0.061109,0.206898,0.016123,0.166534,0.238862,0.041546
-0.055096,-0.001665,-0.088805,-0.052305,-0.067488,-0.078847,-0.078645,0.118947,-0.058097,-0.002600,0.000953,-0.013938,-0.073811,0.106133,-0.095496,-0.030991,0.530897,-0.090587,-0.004379,0.020444,0.061333,-0.056847,0.002203,-0.088739,-0.116157,-0.030325,-0.125104,-0.182144,-0.160090,-0.097838,-0.238141,0.414679,0.336948,-0.153497,0.200282,-0.064204,0.093861,0.217638,0.018283,0.234164,0.341145,0.088343
-0.056854,-0.011231,-0.096833,-0.067236,-0.046194,-0.080197,-0.083684,0.103543,-0.062306,-0.003882,-0.001097,-0.020572,-0.083741,0.076620,-0.109437,-0.028595,0.629007,-0.089056,-0.013864,0.038267,0.103842,-0.056547,-0.008521,-0.096797,-0.119834,0.031673,-0.134195,-0.236646,-0.065059,-0.092606,-0.250046,0.580132,0.461910,-0.141259,0.156740,-0.076511,0.133087,0.219520,0.019310,0.299836,0.460963,0.152883
-0.056910,-0.010843,-0.096695,-0.079916,-0.005764,-0.075853,-0.080891,0.084662,-0.064272,-0.004193,-0.003081,-0.027099,-0.088050,0.050028,-0.112613,-0.020566,0.699530,-0.068672,-0.028642,0.065802,0.157783,-0.054385,-0.010900,-0.096707,-0.112124,0.110487,-0.130188,-0.293023,0.089851,-0.070399,-0.233658,0.757849,0.590771,-0.111503,0.100692,-0.084757,0.173738,0.219469,0.020466,0.349102,0.591841,0.235634
-0.054653,0.002929,-0.084464,-0.086539,0.053744,-0.063545,-0.067613,0.063167,-0.061296,-0.003346,-0.004291,-0.031290,-0.084163,0.031201,-0.099432,-0.005663,0.737731,-0.026118,-0.051715,0.107557,0.218962,-0.050329,-0.001026,-0.084538,-0.089798,0.200796,-0.108298,-0.338235,0.296313,-0.025768,-0.176674,0.936176,0.715558,-0.065806,0.040188,-0.084710,0.208262,0.226203,0.023292,0.364915,0.722893,0.333487
-0.049666,0.029903,-0.059609,-0.084799,0.127226,-0.042760,-0.044048,0.038755,-0.051289,-0.001879,-0.004572,-0.031356,-0.071767,0.021560,-0.069237,0.014760,0.747263,0.035773,-0.086249,0.170197,0.278124,-0.044324,0.021927,-0.059751,-0.052241,0.294656,-0.068410,-0.355571,0.535405,0.041920,-0.069552,1.102251,0.829444,-0.009744,-0.015517,-0.074705,0.228256,0.246085,0.028089,0.330782,0.840514,0.439373
-0.041846,0.066956,-0.026450,-0.074770,0.207109,-0.016101,-0.013279,0.011548,-0.034394,-0.000551,-0.004163,-0.026968,-0.053127,0.019416,-0.027931,0.036829,0.735837,0.107541,-0.133494,0.261632,0.321064,-0.036199,0.055831,-0.026667,-0.001455,0.383798,-0.016394,-0.329788,0.783452,0.126966,0.091325,1.243329,0.926596,0.049252,-0.058571,-0.057540,0.227413,0.280230,0.032691,0.235317,0.932226,0.544563
-0.031624,0.109812,0.006699,-0.058769,0.286695,0.010773,0.020008,-0.016415,-0.013595,0.000328,-0.003289,-0.019591,-0.032380,0.021792,0.013576,0.056250,0.710137,0.175401,-0.190837,0.387545,0.332238,-0.025933,0.096875,0.006395,0.058572,0.462240,0.037294,-0.252659,1.018387,0.218682,0.301850,1.348476,1.001938,0.104389,-0.084552,-0.040113,0.204146,0.324432,0.032934,0.076724,0.989380,0.642923
-0.020289,0.154572,0.030601,-0.040520,0.361734,0.031075,0.050946,-0.041131,0.006465,0.000938,-0.002044,-0.011614,-0.014437,0.026428,0.043510,0.071286,0.674215,0.225707,-0.251395,0.546748,0.301902,-0.014285,0.140976,0.030188,0.122368,0.527380,0.081179,-0.125974,1.223141,0.304929,0.549966,1.409145,1.051408,0.150481,-0.093128,-0.030492,0.162222,0.371561,0.025225,-0.134356,1.006186,0.734293
-0.009707,0.198483,0.038653,-0.023760,0.430097,0.039645,0.075494,-0.057631,0.021620,0.001372,-0.000564,-0.004856,-0.003546,0.033125,0.053628,0.084121,0.631352,0.249379,-0.305572,0.728889,0.232456,-0.002858,0.184792,0.038101,0.183654,0.579253,0.106577,0.039633,1.385857,0.375682,0.817045,1.419083,1.072692,0.183714,-0.087544,-0.034071,0.109485,0.414453,0.009542,-0.374165,0.976638,0.824079
-0.001038,0.240161,0.028759,-0.010496,0.490948,0.034617,0.091235,-0.060868,0.029509,0.001278,0.000952,0.000238,-0.001527,0.043936,0.041345,0.098685,0.586001,0.243747,-0.343954,0.916804,0.138264,0.007052,0.226263,0.028037,0.236925,0.619200,0.109622,0.229281,1.498985,0.424622,1.081303,1.374928,1.065699,0.201706,-0.073625,-0.051422,0.055814,0.447058,-0.009953,-0.607919,0.893191,0.918361
0.006596,0.279432,0.002827,0.000127,0.544203,0.017179,0.098008,-0.046196,0.029318,0.000209,0.002502,0.004165,-0.006591,0.062081,0.009024,0.116245,0.543547,0.211284,-0.360271,1.091793,0.038390,0.015880,0.264741,0.001913,0.279558,0.649023,0.091084,0.429022,1.558785,0.448748,1.322618,1.277548,1.032245,0.204208,-0.058705,-0.079054,0.011395,0.463035,-0.027712,-0.794999,0.749207,1.017184
0.015910,0.316883,-0.034804,0.011225,0.590188,-0.009611,0.097777,-0.010066,0.020979,-0.001807,0.004473,0.007587,-0.013995,0.090203,-0.037967,0.132915,0.508666,0.157332,-0.352773,1.237740,-0.051897,0.025860,0.300733,-0.035915,0.312882,0.670780,0.055196,0.628339,1.565369,0.447591,1.526333,1.132782,0.975328,0.193244,-0.050312,-0.111870,-0.013931,0.452946,-0.040780,-0.896038,0.543311,1.110518
0.029515,0.353258,-0.078564,0.025951,0.629297,-0.041735,0.093480,0.048668,0.005024,-0.004233,0.007492,0.011198,-0.018547,0.128997,-0.092683,0.141901,0.484173,0.088959,-0.323372,1.341759,-0.124843,0.039302,0.335304,-0.079854,0.341270,0.686822,0.008591,0.818797,1.522781,0.423107,1.683859,0.950377,0.898505,0.171828,-0.054498,-0.145355,-0.010076,0.402055,-0.050688,-0.880140,0.281875,1.179424
0.047807,0.388868,-0.122376,0.045341,0.661703,-0.074783,0.087541,0.127682,-0.017114,-0.006571,0.012107,0.016102,-0.017166,0.176780,-0.147420,0.138780,0.471078,0.014985,-0.275869,1.392574,-0.178453,0.056571,0.369307,-0.123804,0.370062,0.699503,-0.040761,0.990718,1.438795,0.379675,1.790383,0.741225,0.805323,0.142071,-0.074382,-0.176632,0.033527,0.290567,-0.061822,-0.732024,-0.022498,1.201629
0.068560,0.423129,-0.160716,0.067923,0.687169,-0.104878,0.081100,0.222003,-0.043491,-0.008790,0.018636,0.023993,-0.009630,0.229954,-0.194880,0.125709,0.469375,-0.054456,-0.215363,1.379309,-0.212576,0.075617,0.402648,-0.162233,0.403822,0.710220,-0.085292,1.131068,1.324355,0.323204,1.841642,0.514543,0.698571,0.104305,-0.109720,-0.204774,0.124189,0.098185,-0.077078,-0.459640,-0.354211,1.159459
0.088531,0.454391,-0.190075,0.091225,0.705095,-0.129840,0.074223,0.327513,-0.072936,-0.011318,0.027414,0.037218,0.002723,0.284047,-0.229958,0.111798,0.478579,-0.109915,-0.149168,1.292966,-0.226200,0.093443,0.433844,-0.191639,0.445476,0.717923,-0.119913,1.224206,1.192484,0.259519,1.831360,0.277204,0.579535,0.058181,-0.157337,-0.230645,0.256573,-0.185066,-0.093067,-0.100555,-0.694194,1.048121
0.105745,0.479995,-0.209421,0.113860,0.714729,-0.149270,0.066560,0.445775,-0.105647,-0.015005,0.039746,0.060028,0.018922,0.334621,-0.250766,0.109044,0.496634,-0.145556,-0.086991,1.131895,-0.217706,0.108301,0.459950,-0.211026,0.495719,0.718114,-0.142894,1.254850,1.056304,0.193443,1.750369,0.036295,0.448108,0.005458,-0.211112,-0.255711,0.403954,-0.543990,-0.098177,0.279272,-1.014343,0.881217
0.120924,0.496381,-0.218206,0.136830,0.715341,-0.162230,0.058082,0.587203,-0.140871,-0.021555,0.060025,0.102003,0.039354,0.377284,-0.257224,0.125147,0.516809,-0.160978,-0.038219,0.909822,-0.187845,0.121094,0.476758,-0.219907,0.552096,0.703714,-0.154153,1.211620,0.926250,0.129790,1.588714,-0.196410,0.304802,-0.047034,-0.261220,-0.279003,0.522674,-0.929078,-0.075918,0.601677,-1.274620,0.689923
0.137126,0.499321,-0.212876,0.163157,0.706550,-0.163416,0.049977,0.769211,-0.171489,-0.034291,0.098666,0.181914,0.064960,0.407143,-0.247874,0.157065,0.525395,-0.160255,-0.007628,0.659805,-0.142770,0.135050,0.479308,-0.214796,0.608049,0.668083,-0.151907,1.089889,0.807326,0.075610,1.341553,-0.401493,0.154492,-0.086984,-0.294847,-0.293321,0.574088,-1.264041,-0.012256,0.804587,-1.431696,0.514856
0.157245,0.484658,-0.186003,0.195457,0.689175,-0.141866,0.045674,1.007183,-0.179552,-0.058747,0.173395,0.326370,0.094559,0.419033,-0.218799,0.190702,0.505054,-0.148717,0.006405,0.425962,-0.093507,0.153287,0.462835,-0.188336,0.652828,0.608360,-0.131328,0.892833,0.697273,0.040663,1.016592,-0.554073,0.008779,-0.101103,-0.300825,-0.284954,0.549375,-1.470576,0.097191,0.865547,-1.456425,0.393146
0.180213,0.449491,-0.131378,0.232451,0.666056,-0.086020,0.051569,1.300552,-0.139022,-0.102373,0.305590,0.557925,0.121705,0.408936,-0.167673,0.208404,0.444467,-0.130032,0.009445,0.244437,-0.051262,0.175016,0.423948,-0.134419,0.672939,0.526569,-0.088303,0.630044,0.586161,0.033348,0.637795,-0.631737,-0.117213,-0.083110,-0.276435,-0.240598,0.475620,-1.497923,0.242859,0.803544,-1.347395,0.344729
0.198708,0.393333,-0.051797,0.267389,0.641565,0.007295,0.077152,1.622896,-0.027048,-0.172302,0.511193,0.876780,0.134135,0.375579,-0.099814,0.198778,0.347096,-0.105775,0.007044,0.127823,-0.022386,0.193118,0.361732,-0.056000,0.655153,0.427984,-0.025667,0.315071,0.458169,0.054668,0.241232,-0.624228,-0.212901,-0.039024,-0.230111,-0.158074,0.397504,-1.340849,0.401003,0.660028,-1.131346,0.363270
0.201441,0.319334,0.039184,0.290877,0.619959,0.128778,0.134054,1.926417,0.164188,-0.271157,0.791132,1.251403,0.118246,0.321942,-0.028507,0.161099,0.230685,-0.076957,0.002776,0.065487,-0.007014,0.196188,0.279021,0.033105,0.590383,0.318617,0.045739,-0.035324,0.296093,0.097709,-0.136198,-0.538988,-0.277679,0.015860,-0.175971,-0.050838,0.350437,-1.036655,0.540220,0.476930,-0.850996,0.418578
0.179526,0.235337,0.125114,0.296574,0.603899,0.262605,0.232808,2.161067,0.424999,-0.393100,1.128555,1.629526,0.066740,0.256867,0.032823,0.102256,0.117643,-0.045298,-0.001570,0.036703,-0.001438,0.174793,0.183534,0.116074,0.476887,0.203588,0.114277,-0.399628,0.087062,0.155030,-0.470154,-0.399471,-0.317889,0.066493,-0.124151,0.059187,0.345048,-0.644406,0.635131,0.286599,-0.547591,0.472600
0.132175,0.153029,0.196362,0.284750,0.593462,0.396016,0.376504,2.294996,0.735498,-0.523180,1.495732,1.961535,-0.016172,0.194871,0.078922,0.031081,0.024787,-0.013388,-0.005362,0.023733,-0.001448,0.127415,0.087075,0.182828,0.321115,0.085996,0.175448,-0.750916,-0.174064,0.225222,-0.758262,-0.238308,-0.339369,0.105985,-0.075502,0.153541,0.369052,-0.219313,0.678847,0.112180,-0.247234,0.499775
0.067522,0.084259,0.251897,0.260956,0.585357,0.522454,0.553854,2.322177,1.074225,-0.640659,1.865546,2.216788,-0.115783,0.152056,0.112927,-0.044598,-0.040363,0.015512,-0.008783,0.016855,-0.004423,0.061801,0.001896,0.231908,0.136423,-0.034237,0.231492,-1.059129,-0.484984,0.309557,-1.020051,-0.090297,-0.343700,0.136446,-0.024246,0.222861,0.398237,0.204331,0.683259,-0.031345,0.043815,0.497303
-0.000814,0.037033,0.293674,0.232274,0.573637,0.637443,0.737555,2.256117,1.422143,-0.723999,2.219310,2.384451,-0.212464,0.140067,0.139954,-0.117624,-0.077173,0.037661,-0.012354,0.012575,-0.009678,-0.008001,-0.063177,0.265016,-0.057989,-0.160023,0.284237,-1.293661,-0.836794,0.402644,-1.284332,0.011134,-0.329686,0.164875,0.035850,0.264203,0.405859,0.615279,0.667033,-0.139458,0.335418,0.479582
-0.058120,0.014508,0.321870,0.205047,0.553008,0.734717,0.891842,2.119023,1.763030,-0.754715,2.547746,2.466739,-0.287727,0.162503,0.162092,-0.180888,-0.088253,0.049678,-0.016304,0.010035,-0.017521,-0.065940,-0.103662,0.282407,-0.236943,-0.293843,0.330211,-1.424157,-1.212111,0.488593,-1.568016,0.034625,-0.295950,0.199145,0.107865,0.276698,0.366430,1.014137,0.642574,-0.220859,0.643869,0.464120
-0.092199,0.016745,0.335393,0.184510,0.522693,0.807204,0.985554,1.933972,2.082640,-0.719050,2.848737,2.474137,-0.328761,0.215416,0.178741,-0.228606,-0.077751,0.050148,-0.020351,0.008787,-0.027877,-0.097911,-0.117652,0.283528,-0.370763,-0.433368,0.362450,-1.423156,-1.582145,0.547062,-1.858480,-0.047144,-0.242330,0.245874,0.191977,0.260551,0.257155,1.396237,0.611781,-0.296367,0.978834,0.460239
-0.096578,0.042416,0.335080,0.173814,0.487286,0.850613,1.001746,1.720578,2.366230,-0.607814,3.125962,2.423464,-0.331455,0.290021,0.189727,-0.258943,-0.051424,0.041016,-0.023970,0.008182,-0.039342,-0.095558,-0.104244,0.270265,-0.431651,-0.569645,0.375729,-1.274743,-1.907850,0.563505,-2.111477,-0.250575,-0.170605,0.308793,0.287172,0.218526,0.062830,1.738648,0.570573,-0.389914,1.332358,0.465966
-0.073294,0.088737,0.325528,0.171366,0.453679,0.865487,0.938398,1.492654,2.593793,-0.414465,3.387302,2.335799,-0.301664,0.375297,0.197442,-0.275814,-0.016982,0.027763,-0.026613,0.007434,-0.049059,-0.059785,-0.063978,0.248682,-0.403665,-0.689377,0.370242,-0.986220,-2.147821,0.536021,-2.266572,-0.570560,-0.084980,0.386513,0.391765,0.156875,-0.213573,1.998693,0.515682,-0.512103,1.675355,0.470486
-0.033693,0.149964,0.313795,0.168657,0.426404,0.855992,0.803306,1.258534,2.735720,-0.131859,3.637865,2.235026,-0.253620,0.459397,0.206358,-0.287822,0.016428,0.018061,-0.027699,0.005893,-0.053285,-0.002285,-0.000912,0.227443,-0.290542,-0.779360,0.351287,-0.594010,-2.270285,0.475187,-2.271456,-0.973169,0.007447,0.470263,0.501458,0.084300,-0.540566,2.125462,0.448463,-0.647284,1.961852,0.457285
0.004609,0.216029,0.305537,0.151991,0.404475,0.826385,0.610229,1.024843,2.754757,0.248202,3.865394,2.149086,-0.204758,0.530280,0.220157,-0.303772,0.040135,0.018898,-0.026683,0.003426,-0.048621,0.056981,0.075305,0.213507,-0.116994,-0.830173,0.325215,-0.158162,-2.263541,0.397490,-2.103369,-1.398942,0.095725,0.543299,0.605887,0.009711,-0.858780,2.081576,0.374145,-0.758670,2.138786,0.407258
0.024743,0.273318,0.300849,0.109185,0.381798,0.777710,0.379418,0.801318,2.618534,0.725620,4.024808,2.110025,-0.168184,0.577034,0.238220,-0.326607,0.048991,0.032974,-0.023339,0.000647,-0.033791,0.096839,0.149714,0.207550,0.075865,-0.837842,0.294347,0.251566,-2.139795,0.316166,-1.780034,-1.777203,0.164192,0.583710,0.687446,-0.058855,-1.097000,1.867342,0.296652,-0.811377,2.160638,0.304981
0.019034,0.308934,0.293171,0.038299,0.351254,0.707449,0.139318,0.602047,2.319499,1.271281,4.037143,2.143326,-0.146187,0.592764,0.254313,-0.349572,0.044176,0.056460,-0.017898,-0.001285,-0.011070,0.104357,0.206424,0.202802,0.238906,-0.803407,0.255173,0.571143,-1.929434,0.235293,-1.357367,-2.043922,0.193907,0.571266,0.726061,-0.112562,-1.196144,1.531878,0.212177,-0.793820,2.006000,0.150293
-0.005805,0.316601,0.272884,-0.047357,0.309729,0.612701,-0.075625,0.440659,1.890574,1.806656,3.816480,2.243848,-0.129023,0.577121,0.259007,-0.357885,0.033424,0.080084,-0.010855,-0.001163,0.013829,0.081984,0.235557,0.189135,0.327391,-0.730340,0.202362,0.755309,-1.666963,0.151246,-0.914001,-2.154502,0.167847,0.496644,0.708571,-0.139338,-1.129426,1.158029,0.110160,-0.719037,1.687954,-0.029204
-0.031371,0.299351,0.233529,-0.122850,0.259941,0.494557,-0.232560,0.322357,1.403162,2.206097,3.321014,2.354021,-0.101231,0.535217,0.244430,-0.336249,0.026947,0.093379,-0.002850,0.001644,0.033685,0.046800,0.237514,0.159971,0.316499,-0.621175,0.135873,0.787338,-1.376270,0.060052,-0.526111,-2.088877,0.078495,0.368375,0.635909,-0.126126,-0.910809,0.825635,-0.014073,-0.608677,1.250269,-0.179312
-0.038599,0.266168,0.176318,-0.163518,0.207804,0.360562,-0.309948,0.239538,0.943895,2.336842,2.598675,2.368869,-0.052842,0.473021,0.208273,-0.278432,0.030804,0.089627,0.004928,0.006547,0.042601,0.020156,0.220594,0.116854,0.213284,-0.477131,0.064755,0.683272,-1.065957,-0.035308,-0.242171,-1.852428,-0.065516,0.212042,0.522187,-0.068444,-0.587289,0.575724,-0.148589,-0.475591,0.750726,-0.248099
-0.020136,0.225791,0.109903,-0.157799,0.158560,0.223791,-0.303958,0.175649,0.582295,2.121431,1.786172,2.177198,0.012228,0.393997,0.154794,-0.192218,0.043202,0.068625,0.010450,0.011658,0.038385,0.014118,0.194417,0.068399,0.055484,-0.302154,0.003683,0.486686,-0.737988,-0.122891,-0.070501,-1.475219,-0.237709,0.060420,0.387130,0.019861,-0.217400,0.398658,-0.272729,-0.316059,0.243996,-0.228150
0.016001,0.183577,0.045822,-0.111762,0.115535,0.098932,-0.227616,0.114918,0.348447,1.579883,1.045120,1.718843,0.077765,0.300795,0.092521,-0.095186,0.057736,0.035869,0.011641,0.014992,0.023298,0.025607,0.165545,0.024904,-0.105735,-0.106104,-0.035187,0.253036,-0.399592,-0.185919,0.013613,-1.006302,-0.399964,-0.060215,0.248817,0.109200,0.149473,0.251100,-0.375041,-0.115578,-0.224189,-0.168769
0.054152,0.143289,-0.007007,-0.042912,0.081699,-0.002811,-0.103763,0.051263,0.229983,0.820871,0.471848,1.020763,0.125794,0.199759,0.030405,-0.004498,0.070380,-0.000789,0.007810,0.016234,0.002815,0.042359,0.138373,-0.006993,-0.229286,0.098328,-0.048527,0.029629,-0.065245,-0.210260,0.046760,-0.500055,-0.515324,-0.139377,0.121471,0.171082,0.478647,0.086488,-0.457701,0.133389,-0.613309,-0.138309
0.081980,0.109934,-0.045114,0.030062,0.061101,-0.077523,0.042128,-0.008587,0.183232,-0.005729,0.049231,0.188234,0.147181,0.102381,-0.024891,0.070478,0.082545,-0.034413,0.000165,0.017010,-0.016709,0.053359,0.117903,-0.026109,-0.298125,0.301320,-0.042291,-0.157896,0.251793,-0.191670,0.056490,-0.000403,-0.561287,-0.182369,0.016733,0.194497,0.744014,-0.121585,-0.524624,0.413668,-0.887484,-0.174130
0.095250,0.088942,-0.069765,0.093515,0.057332,-0.129324,0.184174,-0.048872,0.149717,-0.758123,-0.321806,-0.639676,0.144734,0.021027,-0.069408,0.127983,0.097478,-0.060406,-0.009054,0.019219,-0.030179,0.054170,0.109253,-0.035203,-0.316541,0.495964,-0.027646,-0.305327,0.546295,-0.139722,0.053031,0.466125,-0.537065,-0.202761,-0.056444,0.187099,0.924432,-0.373317,-0.571769,0.682151,-1.026474,-0.268084
0.095388,0.081536,-0.084733,0.139026,0.069133,-0.167922,0.295336,-0.054222,0.073450,-1.331815,-0.740780,-1.340218,0.129000,-0.037853,-0.101198,0.169515,0.115094,-0.076414,-0.017738,0.023456,-0.034936,0.045405,0.113189,-0.038662,-0.298052,0.671685,-0.016049,-0.418683,0.817120,-0.075646,0.035420,0.884776,-0.461635,-0.213430,-0.095525,0.163277,1.007094,-0.650533,-0.589883,0.888707,-1.040938,-0.388265
0.085070,0.081020,-0.094283,0.160944,0.086923,-0.203967,0.350655,-0.020943,-0.084025,-1.670990,-1.242032,-1.838925,0.111347,-0.077339,-0.119876,0.196534,0.130744,-0.081790,-0.024539,0.029000,-0.030891,0.029078,0.122410,-0.040853,-0.255606,0.809480,-0.015467,-0.502150,1.057203,-0.023183,0.003365,1.242320,-0.363122,-0.221450,-0.108350,0.132699,0.990753,-0.928167,-0.572848,1.000528,-0.974044,-0.504791
0.065986,0.074854,-0.101611,0.155340,0.094911,-0.244271,0.336612,0.036362,-0.334953,-1.769884,-1.785824,-2.117765,0.098548,-0.107578,-0.126449,0.209727,0.137924,-0.077111,-0.029036,0.034598,-0.019803,0.006717,0.123767,-0.044763,-0.198739,0.886955,-0.028024,-0.553395,1.250085,0.003227,-0.035659,1.523480,-0.264695,-0.228057,-0.111446,0.097965,0.884395,-1.180836,-0.522807,1.014389,-0.881225,-0.600389
0.039364,0.052425,-0.107837,0.121835,0.079260,-0.289793,0.258983,0.088442,-0.665035,-1.665166,-2.295325,-2.203856,0.091388,-0.139233,-0.122854,0.209908,0.131647,-0.063782,-0.031490,0.038995,-0.004184,-0.020270,0.106471,-0.050845,-0.134707,0.891433,-0.049691,-0.566662,1.378776,0.004575,-0.067477,1.717485,-0.175851,-0.231419,-0.121175,0.059169,0.704984,-1.383819,-0.449890,0.952165,-0.802439,-0.669453
0.007763,0.012762,-0.112162,0.066535,0.036592,-0.337687,0.140002,0.104243,-1.039620,-1.419244,-2.700994,-2.147503,0.087449,-0.177864,-0.111383,0.199382,0.110128,-0.043842,-0.032105,0.041171,0.013496,-0.049283,0.070272,-0.056996,-0.069326,0.830531,-0.072709,-0.538291,1.439199,-0.006774,-0.076569,1.827173,-0.094435,-0.229335,-0.143894,0.018583,0.477446,-1.514756,-0.367899,0.847454,-0.749418,-0.713914
-0.023728,-0.034070,-0.113202,0.002618,-0.024027,-0.385123,0.005723,0.064765,-1.413622,-1.100568,-2.964086,-2.001978,0.085132,-0.222706,-0.094400,0.182424,0.074560,-0.019993,-0.030440,0.040518,0.030978,-0.075656,0.026885,-0.060045,-0.006520,0.730526,-0.089582,-0.469904,1.445096,-0.017065,-0.051021,1.870103,-0.015562,-0.220605,-0.173653,-0.018594,0.233707,-1.560501,-0.288545,0.732820,-0.714587,-0.739185
-0.048236,-0.072796,-0.110496,-0.053564,-0.086962,-0.431085,-0.126150,-0.030814,-1.743149,-0.769373,-3.076828,-1.814038,0.085247,-0.268955,-0.074416,0.164084,0.028241,0.004431,-0.025642,0.036865,0.046088,-0.093242,-0.006480,-0.057924,0.051796,0.623011,-0.096287,-0.368476,1.419492,-0.018985,0.014186,1.869037,0.061086,-0.205470,-0.199004,-0.046815,0.006297,-1.524518,-0.217919,0.631558,-0.688296,-0.751242
-0.059699,-0.091197,-0.105169,-0.089337,-0.138657,-0.474927,-0.249567,-0.169124,-1.996127,-0.472002,-3.052298,-1.623967,0.089380,-0.310277,-0.054161,0.148173,-0.023637,0.025858,-0.017325,0.030423,0.056849,-0.096578,-0.016474,-0.051151,0.104446,0.530419,-0.093304,-0.244918,1.380856,-0.013379,0.115245,1.839891,0.130027,-0.185685,-0.211690,-0.063151,-0.181471,-1.426133,-0.157368,0.554018,-0.667877,-0.755500
-0.055804,-0.085249,-0.099543,-0.101205,-0.173012,-0.513984,-0.365271,-0.332130,-2.157609,-0.240683,-2.915803,-1.466723,0.097366,-0.340000,-0.036372,0.136072,-0.073741,0.041248,-0.006231,0.021861,0.061981,-0.083658,0.000442,-0.042815,0.149407,0.461010,-0.084788,-0.112391,1.336231,-0.006492,0.239925,1.787478,0.182850,-0.164146,-0.209399,-0.068330,-0.321385,-1.290210,-0.106914,0.498322,-0.654693,-0.756458
-0.039347,-0.059018,-0.096032,-0.095443,-0.191252,-0.543127,-0.474341,-0.505058,-2.227644,-0.093938,-2.700702,-1.368389,0.106563,-0.351945,-0.023176,0.127104,-0.113318,0.048976,0.005847,0.012408,0.061478,-0.057565,0.038186,-0.037028,0.183492,0.413865,-0.076609,0.015552,1.284990,-0.005911,0.371355,1.710852,0.211657,-0.144124,-0.192698,-0.065593,-0.418172,-1.135745,-0.067350,0.454872,-0.647517,-0.756561
-0.017068,-0.020907,-0.095903,-0.083657,-0.198175,-0.556765,-0.575398,-0.678335,-2.214856,-0.035438,-2.445125,-1.340167,0.113364,-0.341877,-0.015338,0.119818,-0.134489,0.049399,0.016728,0.003715,0.056833,-0.025698,0.085719,-0.036746,0.203399,0.385638,-0.073780,0.126945,1.226179,-0.016991,0.493566,1.610867,0.211797,-0.128464,-0.162175,-0.058653,-0.482525,-0.972326,-0.039759,0.412360,-0.640834,-0.755161
0.003327,0.020515,-0.098638,-0.076446,-0.198279,-0.551493,-0.665881,-0.844700,-2.130997,-0.053052,-2.185783,-1.376121,0.115174,-0.309319,-0.011987,0.113031,-0.133199,0.044691,0.024610,-0.002641,0.050574,0.003182,0.132310,-0.042305,0.207084,0.372493,-0.078230,0.213199,1.161208,-0.040705,0.595371,1.492332,0.183733,-0.118920,-0.119136,-0.050313,-0.524945,-0.804469,-0.024359,0.362389,-0.628496,-0.750073
0.015967,0.058653,-0.102315,-0.079130,-0.194336,-0.527582,-0.743869,-0.996307,-1.988891,-0.121368,-1.949455,-1.457281,0.110983,-0.258841,-0.011186,0.105881,-0.111310,0.037867,0.028646,-0.005864,0.045114,0.022191,0.170407,-0.051573,0.194402,0.368573,-0.088237,0.270068,1.091327,-0.073817,0.670703,1.360709,0.133116,-0.115765,-0.067582,-0.042207,-0.552851,-0.637000,-0.020363,0.301159,-0.607525,-0.740988
0.017793,0.088825,-0.104776,-0.091647,-0.188475,-0.488840,-0.807145,-1.125134,-1.802540,-0.208723,-1.747099,-1.558388,0.100518,-0.199737,-0.010923,0.097109,-0.076562,0.031604,0.029178,-0.006449,0.041561,0.027769,0.195767,-0.061392,0.166685,0.365901,-0.099959,0.297285,1.015264,-0.111268,0.716519,1.219015,0.068496,-0.118316,-0.014230,-0.035057,-0.570384,-0.476614,-0.026192,0.228520,-0.578592,-0.730283
0.007852,0.107644,-0.104670,-0.111534,-0.183654,-0.441192,-0.850429,-1.225587,-1.587240,-0.286214,-1.574878,-1.652705,0.083402,-0.143304,-0.009778,0.084688,-0.039805,0.027542,0.027441,-0.005923,0.039425,0.019105,0.206540,-0.069143,0.125731,0.357231,-0.109849,0.297027,0.930371,-0.148992,0.730859,1.068567,-0.001875,-0.126278,0.033709,-0.028775,-0.579472,-0.330232,-0.039052,0.146065,-0.543952,-0.719601
-0.013592,0.113218,-0.101680,-0.136934,-0.183495,-0.390573,-0.865419,-1.296028,-1.358784,-0.334517,-1.421408,-1.715120,0.059300,-0.098515,-0.007020,0.066646,-0.010522,0.026263,0.024759,-0.005746,0.037445,-0.002928,0.202784,-0.073434,0.073180,0.338959,-0.116077,0.272284,0.835277,-0.185049,0.712548,0.911625,-0.071758,-0.140292,0.071243,-0.022501,-0.580964,-0.202798,-0.054697,0.056061,-0.505161,-0.706752
-0.045187,0.105758,-0.096027,-0.167424,-0.190696,-0.341019,-0.846093,-1.337760,-1.131850,-0.345847,-1.276301,-1.726389,0.028579,-0.068851,-0.002479,0.042528,0.006716,0.027629,0.021776,-0.006282,0.034812,-0.036166,0.186308,-0.073882,0.010694,0.311345,-0.118356,0.226079,0.730724,-0.218791,0.661991,0.752131,-0.136837,-0.160699,0.097156,-0.014970,-0.575146,-0.095980,-0.068534,-0.038402,-0.462138,-0.687534
-0.084269,0.087281,-0.088035,-0.202781,-0.205908,-0.294149,-0.795365,-1.352688,-0.918208,-0.321759,-1.135130,-1.678101,-0.007295,-0.052693,0.003505,0.014053,0.012541,0.031122,0.018439,-0.006905,0.031683,-0.077161,0.159919,-0.070687,-0.059477,0.276451,-0.117181,0.161601,0.618352,-0.249699,0.581705,0.593931,-0.194564,-0.185853,0.113578,-0.005192,-0.561706,-0.008299,-0.077417,-0.133011,-0.413879,-0.660296
-0.127030,0.060195,-0.078251,-0.241370,-0.228289,-0.250350,-0.726267,-1.341698,-0.725766,-0.269760,-0.999417,-1.574280,-0.045770,-0.046590,0.010098,-0.015745,0.010150,0.035980,0.014684,-0.007076,0.028666,-0.121616,0.126089,-0.064578,-0.134251,0.236136,-0.113612,0.082733,0.499633,-0.277297,0.476108,0.439111,-0.244778,-0.212148,0.123926,0.006975,-0.539790,0.063219,-0.080391,-0.222368,-0.360175,-0.627304
-0.169362,0.026125,-0.067786,-0.279757,-0.256776,-0.210438,-0.655267,-1.304906,-0.559088,-0.200824,-0.873859,-1.427598,-0.083559,-0.048197,0.016165,-0.044137,0.002362,0.041242,0.010973,-0.007077,0.025962,-0.165398,0.086161,-0.056937,-0.210064,0.191550,-0.109440,-0.005643,0.376199,-0.301784,0.351033,0.288480,-0.289784,-0.235943,0.130735,0.020733,-0.508702,0.121002,-0.077969,-0.300674,-0.302852,-0.591593
-0.208054,-0.013928,-0.058195,-0.314005,-0.290536,-0.176151,-0.593013,-1.243415,-0.420765,-0.127414,-0.763565,-1.253690,-0.117490,-0.056576,0.020691,-0.069827,-0.009387,0.045867,0.007996,-0.007660,0.023082,-0.205642,0.040861,-0.049534,-0.283660,0.143645,-0.106856,-0.098015,0.250588,-0.324178,0.213293,0.143263,-0.332824,-0.255472,0.134975,0.034637,-0.469159,0.166360,-0.071357,-0.362960,-0.245425,-0.554046
-0.241795,-0.058700,-0.050964,-0.341725,-0.328557,-0.149342,-0.540464,-1.161183,-0.312278,-0.060765,-0.672035,-1.068247,-0.145821,-0.070785,0.023003,-0.092940,-0.024257,0.048905,0.005854,-0.009144,0.019240,-0.241421,-0.008718,-0.044008,-0.352911,0.093456,-0.107632,-0.189333,0.125932,-0.345656,0.069826,0.005623,-0.375985,-0.271195,0.136816,0.046865,-0.424311,0.200488,-0.062593,-0.406817,-0.191715,-0.514447
-0.271481,-0.106376,-0.047271,-0.363293,-0.369426,-0.131177,-0.492891,-1.065646,-0.233891,-0.007871,-0.599255,-0.887482,-0.169171,-0.089122,0.022560,-0.114299,-0.041106,0.049594,0.003690,-0.011037,0.013830,-0.273750,-0.060873,-0.041651,-0.417274,0.041734,-0.112712,-0.276299,0.004607,-0.366936,-0.073752,-0.122620,-0.419481,-0.284958,0.136491,0.055256,-0.379662,0.225263,-0.054854,-0.433811,-0.144847,-0.474385
-0.299436,-0.154908,-0.048021,-0.381178,-0.411416,-0.122017,-0.446737,-0.966282,-0.184039,0.029508,-0.540361,-0.728106,-0.190140,-0.109686,0.018763,-0.134727,-0.058521,0.047427,0.000259,-0.012507,0.006593,-0.304785,-0.113641,-0.043464,-0.477562,-0.011199,-0.122385,-0.357772,-0.112483,-0.388203,-0.214026,-0.241227,-0.462470,-0.299108,0.134530,0.057622,-0.341584,0.242817,-0.051535,-0.449043,-0.106964,-0.437526
-0.327562,-0.201967,-0.053309,-0.397641,-0.452009,-0.121108,-0.402734,-0.871032,-0.158549,0.052590,-0.486659,-0.603016,-0.211498,-0.130999,0.011568,-0.154714,-0.075468,0.042544,-0.004867,-0.013237,-0.002198,-0.336141,-0.164731,-0.049622,-0.534749,-0.064665,-0.136109,-0.433412,-0.224832,-0.409016,-0.348659,-0.350898,-0.503697,-0.315641,0.131874,0.052995,-0.314697,0.255011,-0.054070,-0.458301,-0.078778,-0.406510
-0.355338,-0.244554,-0.061267,-0.412434,-0.487081,-0.125541,-0.363840,-0.782338,-0.149972,0.062100,-0.429578,-0.514489,-0.234113,-0.151899,0.002618,-0.174257,-0.091824,0.036311,-0.010325,-0.013965,-0.011342,-0.367002,-0.211103,-0.058309,-0.588265,-0.116683,-0.151629,-0.501247,-0.330688,-0.427755,-0.473978,-0.451624,-0.541135,-0.334972,0.130173,0.043225,-0.299312,0.264019,-0.060290,-0.464589,-0.058651,-0.380088
-0.379302,-0.279391,-0.067738,-0.422500,-0.511403,-0.129859,-0.331674,-0.696773,-0.148228,0.057241,-0.365319,-0.452006,-0.256212,-0.171305,-0.004605,-0.192738,-0.108411,0.031254,-0.013084,-0.016412,-0.018710,-0.393598,-0.249444,-0.065399,-0.635267,-0.164336,-0.164759,-0.556566,-0.427177,-0.441531,-0.584109,-0.542468,-0.571823,-0.355085,0.131638,0.033151,-0.291006,0.273106,-0.065149,-0.467035,-0.042498,-0.353715
-0.394712,-0.304419,-0.067948,-0.424016,-0.521066,-0.127803,-0.305101,-0.609957,-0.143341,0.038315,-0.296688,-0.398960,-0.274431,-0.188392,-0.006393,-0.209044,-0.126589,0.029797,-0.009801,-0.022711,-0.022192,-0.410904,-0.277755,-0.066137,-0.671887,-0.205551,-0.170965,-0.593743,-0.512576,-0.447332,-0.673143,-0.623529,-0.592998,-0.372320,0.137951,0.028474,-0.283433,0.285855,-0.063573,-0.463202,-0.025577,-0.322850
-0.398043,-0.319866,-0.059042,-0.414833,-0.515919,-0.115297,-0.281251,-0.522554,-0.128919,0.010101,-0.230651,-0.343247,-0.285467,-0.202608,-0.000884,-0.222071,-0.147490,0.032662,0.001455,-0.034809,-0.021016,-0.415261,-0.296489,-0.057679,-0.695323,-0.240593,-0.167650,-0.609505,-0.588207,-0.443317,-0.738103,-0.697789,-0.603268,-0.383459,0.148865,0.032826,-0.272534,0.303789,-0.053102,-0.452446,-0.005201,-0.285533
-0.388299,-0.327577,-0.041333,-0.395195,-0.499695,-0.092298,-0.257215,-0.441314,-0.103870,-0.018129,-0.173704,-0.282801,-0.286954,-0.213040,0.011306,-0.231310,-0.171168,0.038391,0.020414,-0.054491,-0.016173,-0.405806,-0.307788,-0.040355,-0.704787,-0.271763,-0.155038,-0.604682,-0.657519,-0.428748,-0.779567,-0.770368,-0.602230,-0.387323,0.161780,0.046353,-0.258755,0.324362,-0.034302,-0.437090,0.017921,-0.242181
-0.366651,-0.329300,-0.017555,-0.366727,-0.477950,-0.062262,-0.231260,-0.374461,-0.071404,-0.036801,-0.128662,-0.222960,-0.277489,-0.217765,0.028136,-0.236916,-0.196098,0.044408,0.045186,-0.084330,-0.009495,-0.384079,-0.313572,-0.016915,-0.700943,-0.301753,-0.135185,-0.583303,-0.723101,-0.403022,-0.799862,-0.845566,-0.589188,-0.384682,0.172756,0.066476,-0.245580,0.341330,-0.009270,-0.420586,0.040879,-0.193732
-0.335465,-0.325615,0.008870,-0.331317,-0.455655,-0.030001,-0.203360,-0.326302,-0.036417,-0.041177,-0.094663,-0.170061,-0.256710,-0.214150,0.047581,-0.238958,-0.219488,0.048697,0.073445,-0.128954,-0.002091,-0.352841,-0.314319,0.009200,-0.685080,-0.332279,-0.110383,-0.550205,-0.784627,-0.365531,-0.801348,-0.924294,-0.562969,-0.377098,0.178343,0.089746,-0.236007,0.347825,0.019940,-0.404703,0.061297,-0.140640
-0.297734,-0.316188,0.035139,-0.291014,-0.435901,0.000455,-0.175095,-0.295530,-0.003065,-0.033298,-0.069168,-0.127055,-0.225897,-0.199990,0.068194,-0.236289,-0.238402,0.050733,0.102935,-0.195066,0.006634,-0.315285,-0.309321,0.035181,-0.659033,-0.363875,-0.082303,-0.509048,-0.839464,-0.316914,-0.786343,-1.003751,-0.523314,-0.366047,0.177057,0.113309,-0.230141,0.340283,0.051674,-0.388263,0.079355,-0.083594
-0.256974,-0.300688,0.059309,-0.248550,-0.419894,0.026749,-0.148892,-0.277262,0.026201,-0.019520,-0.049801,-0.093285,-0.188464,-0.174599,0.088668,-0.226308,-0.250993,0.051073,0.131093,-0.288875,0.018685,-0.274834,-0.297752,0.059083,-0.625496,-0.396436,-0.052246,-0.461815,-0.884981,-0.260347,-0.757799,-1.079030,-0.472215,-0.352873,0.169699,0.135238,-0.225623,0.320435,0.084028,-0.368231,0.097513,-0.024806
-0.216821,-0.279591,0.079789,-0.207172,-0.407691,0.047767,-0.126844,-0.266065,0.050196,-0.006116,-0.035005,-0.066698,-0.149304,-0.139228,0.107183,-0.206630,-0.257028,0.050162,0.154923,-0.411503,0.036197,-0.234844,-0.279669,0.079331,-0.587664,-0.429717,-0.021929,-0.409485,-0.920379,-0.201305,-0.719079,-1.145163,-0.413654,-0.338906,0.158511,0.153996,-0.219687,0.294114,0.114240,-0.341882,0.118250,0.031561
-0.180005,-0.254517,0.094989,-0.169413,-0.398943,0.062834,-0.109693,-0.257761,0.068214,0.003564,-0.023855,-0.045766,-0.112964,-0.096878,0.121393,-0.177860,-0.257657,0.047477,0.172159,-0.555405,0.060149,-0.197785,-0.256516,0.094349,-0.547953,-0.463468,0.006159,-0.352850,-0.946809,-0.145734,-0.672798,-1.198494,-0.352103,-0.324987,0.145893,0.167920,-0.210510,0.268158,0.138871,-0.308202,0.141845,0.080269
-0.147461,-0.227919,0.103552,-0.135909,-0.393123,0.071462,-0.096603,-0.249848,0.079774,0.009079,-0.015719,-0.029931,-0.081988,-0.051696,0.129129,-0.144781,-0.255129,0.041610,0.182898,-0.705240,0.089820,-0.164489,-0.230859,0.102789,-0.506870,-0.497138,0.029249,-0.292906,-0.965948,-0.098010,-0.620116,-1.237159,-0.291318,-0.310838,0.133509,0.175361,-0.197187,0.247669,0.154786,-0.267865,0.166120,0.116675
-0.118503,-0.202258,0.104915,-0.105590,-0.389281,0.073679,-0.085793,-0.241413,0.084886,0.011386,-0.010108,-0.019092,-0.056752,-0.008188,0.129192,-0.114167,-0.252731,0.031113,0.189906,-0.843244,0.123050,-0.134317,-0.205443,0.104089,-0.463193,-0.529353,0.045239,-0.230954,-0.978145,-0.060012,-0.561276,-1.260900,-0.234246,-0.295210,0.122165,0.175294,-0.179357,0.234866,0.160306,-0.222628,0.188228,0.138346
-0.091916,-0.179261,0.099656,-0.077073,-0.385947,0.070439,-0.075443,-0.233070,0.084354,0.011667,-0.006655,-0.013049,-0.036581,0.029396,0.121704,-0.090644,-0.254331,0.015605,0.197166,-0.955038,0.156902,-0.106140,-0.182231,0.098823,-0.415348,-0.557670,0.053390,-0.168640,-0.981595,-0.031591,-0.496641,-1.270462,-0.183408,-0.276864,0.112229,0.167843,-0.157211,0.229533,0.155828,-0.175047,0.206764,0.145755
-0.066940,-0.159838,0.089434,-0.049894,-0.381563,0.063676,-0.064255,-0.226676,0.079782,0.010934,-0.005074,-0.011229,-0.020811,0.057352,0.107993,-0.073959,-0.263145,-0.003469,0.207896,-1.032033,0.188236,-0.079242,-0.162162,0.088653,-0.362785,-0.579081,0.054434,-0.107826,-0.973274,-0.011567,-0.427190,-1.266892,-0.140763,-0.255426,0.104037,0.154361,-0.131601,0.230348,0.143547,-0.128520,0.222506,0.141643
-0.043462,-0.144450,0.076558,-0.024650,-0.375121,0.055882,-0.051575,-0.224502,0.073243,0.009893,-0.005080,-0.012632,-0.008970,0.072799,0.090180,-0.059642,-0.280566,-0.023065,0.223436,-1.070562,0.213693,-0.053517,-0.145542,0.075888,-0.306386,-0.591131,0.050233,-0.050270,-0.950932,0.001576,-0.354483,-1.251110,-0.107030,-0.231435,0.097875,0.137030,-0.103941,0.236038,0.126430,-0.086987,0.237548,0.129537
-0.021582,-0.133282,0.063284,-0.002239,-0.366336,0.049287,-0.037275,-0.227963,0.066645,0.008804,-0.006337,-0.015972,-0.000291,0.074233,0.070565,-0.042224,-0.306140,-0.039883,0.243186,-1.070243,0.229136,-0.029098,-0.132384,0.062779,-0.247882,-0.592784,0.043157,0.002763,-0.914497,0.009438,-0.280457,-1.223820,-0.081351,-0.205701,0.093616,0.118143,-0.075976,0.245642,0.106983,-0.053994,0.253809,0.112362
-0.001106,-0.126043,0.051122,0.017061,-0.355187,0.045022,-0.021559,-0.236533,0.061055,0.007504,-0.008459,-0.020011,0.006750,0.062109,0.051052,-0.018598,-0.338434,-0.051914,0.264991,-1.033030,0.229459,-0.005918,-0.122382,0.050814,-0.188956,-0.584446,0.035357,0.050788,-0.865896,0.013476,-0.207055,-1.185559,-0.061871,-0.178590,0.090415,0.099398,-0.049487,0.257908,0.086509,-0.031505,0.271902,0.091877
0.018608,-0.121820,0.040549,0.033998,-0.341401,0.042800,-0.004825,-0.247573,0.056436,0.005664,-0.011024,-0.023860,0.014364,0.038947,0.032913,0.010548,-0.375619,-0.058981,0.285634,-0.962945,0.209845,0.016438,-0.114844,0.040438,-0.130760,-0.567338,0.028228,0.094184,-0.807918,0.014712,-0.135732,-1.136875,-0.046792,-0.149798,0.086806,0.081613,-0.025886,0.270612,0.065258,-0.019247,0.290848,0.069062
0.038403,-0.119422,0.031243,0.049944,-0.324560,0.041362,0.012371,-0.257324,0.052019,0.003080,-0.013607,-0.027049,0.024731,0.008644,0.016791,0.041588,-0.415293,-0.062174,0.301473,-0.866200,0.168226,0.038556,-0.109009,0.031289,-0.074021,-0.542988,0.022240,0.133963,-0.743463,0.013605,-0.067137,-1.078770,-0.035079,-0.118712,0.081207,0.064896,-0.005744,0.280597,0.043210,-0.015028,0.308624,0.044859
0.058921,-0.118085,0.022427,0.065978,-0.304883,0.039309,0.029281,-0.262415,0.047009,-0.000155,-0.015834,-0.029402,0.038997,-0.024784,0.002530,0.069997,-0.454365,-0.063204,0.309204,-0.751443,0.107050,0.060955,-0.104588,0.022563,-0.019400,-0.513210,0.016989,0.171265,-0.675699,0.010127,-0.001274,-1.013125,-0.026557,-0.084992,0.072550,0.048865,0.011522,0.284680,0.020629,-0.015773,0.323159,0.020469
0.080433,-0.117961,0.013022,0.082246,-0.283936,0.035677,0.044999,-0.260893,0.041048,-0.003633,-0.017444,-0.030878,0.056749,-0.058357,-0.011124,0.092294,-0.489548,-0.064264,0.306431,-0.629251,0.032753,0.084010,-0.102050,0.013174,0.032365,-0.480230,0.011307,0.206803,-0.608319,0.003906,0.061968,-0.942481,-0.021685,-0.048872,0.060596,0.032709,0.027521,0.280695,-0.002036,-0.018586,0.333044,-0.003021
0.102946,-0.119905,0.001925,0.098185,-0.264374,0.030106,0.058609,-0.252313,0.034309,-0.006778,-0.018336,-0.031444,0.076456,-0.090435,-0.026125,0.107261,-0.517659,-0.067694,0.291829,-0.510231,-0.046272,0.108001,-0.102334,0.002040,0.080552,-0.446365,0.003698,0.240487,-0.544918,-0.005475,0.122251,-0.868962,-0.021139,-0.011036,0.045698,0.015474,0.044272,0.267835,-0.024409,-0.021321,0.337453,-0.024961
0.126370,-0.124694,-0.011285,0.113355,-0.248637,0.022890,0.069447,-0.237321,0.027436,-0.009089,-0.018589,-0.030897,0.096527,-0.120046,-0.043733,0.116095,-0.535135,-0.074866,0.265115,-0.402690,-0.121289,0.133072,-0.106161,-0.011240,0.124596,-0.413297,-0.006725,0.271432,-0.487766,-0.017855,0.178547,-0.793243,-0.025133,0.027704,0.028345,-0.003172,0.063414,0.246294,-0.045945,-0.022591,0.335626,-0.044785
0.150576,-0.132276,-0.025750,0.128061,-0.237567,0.014931,0.077401,-0.217182,0.021406,-0.010335,-0.018379,-0.028817,0.116205,-0.146110,-0.063236,0.121387,-0.538158,-0.085199,0.227289,-0.311615,-0.184225,0.159127,-0.113460,-0.025792,0.164186,-0.381630,-0.019404,0.298435,-0.437106,-0.031988,0.229445,-0.714740,-0.032853,0.066711,0.008953,-0.022305,0.085741,0.216917,-0.065545,-0.021393,0.326599,-0.061517
0.175422,-0.141642,-0.039650,0.143300,-0.230083,0.007358,0.083096,-0.193367,0.017141,-0.010543,-0.017808,-0.024813,0.135768,-0.167484,-0.082187,0.125496,-0.524857,-0.096557,0.181153,-0.239248,-0.229382,0.185861,-0.123269,-0.039781,0.199499,-0.351162,-0.032444,0.320756,-0.391551,-0.045815,0.273771,-0.632869,-0.042588,0.105798,-0.012053,-0.040108,0.111316,0.181167,-0.081885,-0.016610,0.309348,-0.074104
0.200748,-0.151343,-0.051242,0.160124,-0.224054,0.000982,0.087797,-0.167274,0.015071,-0.009846,-0.016809,-0.018889,0.156040,-0.183693,-0.097947,0.129517,-0.497773,-0.106731,0.131358,-0.185835,-0.255402,0.212909,-0.134130,-0.051457,0.231421,-0.321533,-0.043558,0.338614,-0.349030,-0.057358,0.310948,-0.547952,-0.052398,0.145426,-0.034164,-0.055012,0.139875,0.141003,-0.094343,-0.006754,0.283061,-0.082389
0.226267,-0.160127,-0.059567,0.179003,-0.217517,-0.003902,0.093018,-0.140371,0.015031,-0.008376,-0.015257,-0.011524,0.177656,-0.195256,-0.108918,0.133505,-0.463243,-0.114375,0.083456,-0.149493,-0.265240,0.239872,-0.144646,-0.059848,0.261391,-0.292613,-0.050870,0.352995,-0.307575,-0.065290,0.340806,-0.460964,-0.060560,0.186491,-0.056798,-0.066423,0.171058,0.098367,-0.103388,0.009767,0.247374,-0.087456
0.251451,-0.167243,-0.064232,0.199690,-0.209338,-0.007211,0.100082,-0.114745,0.016544,-0.006303,-0.013176,-0.003475,0.200659,-0.203119,-0.114451,0.137411,-0.427663,-0.118665,0.042521,-0.126034,-0.263566,0.266216,-0.153873,-0.064541,0.290789,-0.264591,-0.053048,0.365073,-0.265903,-0.068769,0.363251,-0.373106,-0.065455,0.229608,-0.079217,-0.074413,0.204293,0.054774,-0.109871,0.033940,0.202707,-0.090789
0.275618,-0.172388,-0.064812,0.221657,-0.199208,-0.008744,0.109917,-0.093552,0.019098,-0.003886,-0.010830,0.004422,0.224698,-0.207861,-0.114026,0.141754,-0.394216,-0.118530,0.012165,-0.109958,-0.253754,0.291266,-0.161397,-0.065093,0.320336,-0.237987,-0.049132,0.375831,-0.223887,-0.067051,0.378316,-0.286119,-0.065397,0.274371,-0.100364,-0.078948,0.238623,0.011440,-0.113988,0.065521,0.150620,-0.093088
0.298165,-0.175591,-0.060696,0.244588,-0.187428,-0.008209,0.123048,-0.080762,0.022163,-0.001385,-0.008662,0.011276,0.249468,-0.209533,-0.106882,0.147551,-0.362690,-0.112548,-0.005897,-0.096371,-0.236901,0.314359,-0.167257,-0.060880,0.349892,-0.213573,-0.038601,0.386025,-0.182572,-0.059513,0.386589,-0.202671,-0.058938,0.319225,-0.119007,-0.079577,0.272767,-0.030386,-0.114994,0.102982,0.093696,-0.093933
0.318600,-0.177229,-0.051574,0.268318,-0.174797,-0.005594,0.139536,-0.080034,0.025027,0.001151,-0.007240,0.016150,0.274737,-0.208233,-0.092553,0.155675,-0.331579,-0.099717,-0.012059,-0.082459,-0.213027,0.334877,-0.171849,-0.051591,0.378565,-0.192019,-0.021740,0.396096,-0.143539,-0.046115,0.389524,-0.125829,-0.045573,0.362041,-0.134373,-0.075919,0.305344,-0.069572,-0.111984,0.144035,0.034685,-0.092567
0.336233,-0.178036,-0.038135,0.292233,-0.162523,-0.001565,0.158736,-0.093138,0.026704,0.004023,-0.007198,0.018194,0.299859,-0.204660,-0.071751,0.166133,-0.299959,-0.080426,-0.008730,-0.067662,-0.182857,0.352004,-0.175821,-0.037929,0.404867,-0.173400,0.000011,0.405863,-0.108075,-0.027840,0.389240,-0.057869,-0.026318,0.400811,-0.146805,-0.068465,0.335034,-0.105591,-0.105010,0.186308,-0.024503,-0.089062
0.349857,-0.178862,-0.022357,0.314744,-0.151906,0.002463,0.179069,-0.118658,0.026094,0.007826,-0.009065,0.016908,0.323253,-0.199998,-0.046831,0.177730,-0.267783,-0.056879,0.000340,-0.052850,-0.148656,0.364502,-0.179805,-0.021900,0.426891,-0.156995,0.024064,0.414285,-0.076809,-0.006734,0.387833,0.000452,-0.003672,0.433962,-0.157726,-0.058983,0.360599,-0.138698,-0.095627,0.227664,-0.082986,-0.084839
0.357828,-0.180208,-0.007121,0.333281,-0.143837,0.004754,0.198127,-0.151764,0.022399,0.013279,-0.013121,0.012412,0.342359,-0.195258,-0.021475,0.188318,-0.235176,-0.032704,0.011218,-0.039286,-0.113905,0.370835,-0.184032,-0.006422,0.442585,-0.141571,0.047114,0.419569,-0.049873,0.014465,0.386486,0.049590,0.019023,0.460203,-0.168829,-0.050136,0.380792,-0.169489,-0.086454,0.265974,-0.140092,-0.082139
0.358526,-0.181911,0.004715,0.344775,-0.138408,0.004103,0.213245,-0.185210,0.015662,0.021305,-0.019625,0.005644,0.354077,-0.190768,0.000231,0.195376,-0.202061,-0.011955,0.020770,-0.027968,-0.082374,0.369650,-0.188115,0.005611,0.450099,-0.125971,0.065877,0.419510,-0.027216,0.032937,0.384823,0.090311,0.038498,0.478245,-0.181204,-0.044428,0.394262,-0.198325,-0.080014,0.298813,-0.194409,-0.082778
0.350976,-0.183273,0.011442,0.346416,-0.134903,0.000697,0.222462,-0.211087,0.007170,0.033581,-0.029573,-0.001563,0.355580,-0.186293,0.015055,0.196676,-0.168646,0.002200,0.027076,-0.019419,-0.057090,0.360360,-0.191276,0.012455,0.448113,-0.109627,0.078024,0.411936,-0.008723,0.046562,0.380964,0.122998,0.052477,0.486822,-0.195162,-0.042976,0.399700,-0.225164,-0.077458,0.323765,-0.243592,-0.086906
0.335303,-0.183529,0.013294,0.336532,-0.132067,-0.003583,0.225597,-0.222715,-0.000642,0.053226,-0.045605,-0.006702,0.345270,-0.181543,0.021807,0.190965,-0.136215,0.008681,0.029474,-0.013667,-0.039445,0.343482,-0.192839,0.014331,0.436218,-0.092709,0.083048,0.395266,0.005928,0.054716,0.372408,0.147689,0.060410,0.485186,-0.210701,-0.044775,0.396297,-0.249846,-0.077848,0.339348,-0.285100,-0.092512
0.312765,-0.182135,0.012317,0.315265,-0.128387,-0.005917,0.224790,-0.216525,-0.005169,0.084525,-0.072119,-0.007389,0.323501,-0.176527,0.021762,0.178477,-0.107276,0.008883,0.028436,-0.010284,-0.028858,0.320528,-0.192482,0.013288,0.415245,-0.075862,0.082507,0.369165,0.017597,0.058500,0.357319,0.164668,0.063543,0.473731,-0.227884,-0.047121,0.384206,-0.272484,-0.078633,0.345713,-0.317346,-0.096235
0.285249,-0.178670,0.011127,0.284629,-0.122234,-0.004203,0.223806,-0.193696,-0.005275,0.130727,-0.113603,-0.002649,0.292599,-0.171509,0.017856,0.160917,-0.084724,0.005810,0.025185,-0.008546,-0.023340,0.293371,-0.190008,0.011965,0.387263,-0.059771,0.079210,0.334952,0.027867,0.059997,0.335402,0.174991,0.064087,0.454119,-0.246660,-0.047216,0.364628,-0.293521,-0.077210,0.344401,-0.340430,-0.095233
0.254520,-0.172620,0.011327,0.247878,-0.112109,0.001421,0.226119,-0.160475,-0.002413,0.190821,-0.171400,0.006221,0.256120,-0.166827,0.013144,0.140798,-0.070599,0.002465,0.021040,-0.007722,-0.020634,0.263487,-0.184984,0.011996,0.355037,-0.044960,0.075756,0.295422,0.038626,0.060974,0.307820,0.180422,0.063932,0.428666,-0.266343,-0.043914,0.339498,-0.313385,-0.072519,0.337451,-0.355898,-0.088805
0.221810,-0.163568,0.012791,0.208580,-0.097223,0.008504,0.232967,-0.126031,-0.000008,0.258206,-0.240969,0.016127,0.217808,-0.162997,0.009570,0.120525,-0.065308,0.000615,0.016826,-0.007308,-0.019160,0.231630,-0.176823,0.013283,0.321137,-0.031929,0.073391,0.254032,0.051034,0.061980,0.276443,0.182847,0.063822,0.399355,-0.285418,-0.038241,0.310918,-0.332038,-0.065414,0.326493,-0.365803,-0.078545
0.188014,-0.151731,0.014192,0.169879,-0.078208,0.013752,0.242840,-0.098645,-0.001372,0.323094,-0.311902,0.023691,0.180766,-0.160969,0.007672,0.101788,-0.067720,0.000536,0.012788,-0.007054,-0.018288,0.198209,-0.165329,0.014519,0.287190,-0.021241,0.071789,0.213870,0.064706,0.062364,0.243176,0.183776,0.063368,0.367210,-0.301943,-0.032397,0.280586,-0.348812,-0.057721,0.312278,-0.371816,-0.067077
0.154153,-0.138181,0.014143,0.134175,-0.057236,0.014823,0.252574,-0.083041,-0.007887,0.376654,-0.370948,0.026410,0.147105,-0.161910,0.007066,0.085473,-0.075784,0.001585,0.008940,-0.006862,-0.017987,0.163919,-0.151101,0.014329,0.253737,-0.013222,0.069680,0.176942,0.077961,0.060980,0.209851,0.184403,0.061635,0.332474,-0.314252,-0.028230,0.249561,-0.362541,-0.050958,0.294836,-0.374782,-0.056571
0.121508,-0.124371,0.012061,0.103059,-0.037220,0.011200,0.258778,-0.080503,-0.018709,0.413324,-0.406278,0.022795,0.117929,-0.166266,0.007193,0.071843,-0.087214,0.003050,0.005407,-0.006691,-0.018229,0.129955,-0.135340,0.012138,0.220688,-0.007482,0.065849,0.144055,0.089080,0.057036,0.178337,0.185909,0.057853,0.295305,-0.321417,-0.026337,0.218417,-0.371805,-0.045679,0.274036,-0.374650,-0.048005
0.091270,-0.111376,0.008437,0.077236,-0.020626,0.004032,0.258440,-0.090415,-0.031560,0.430110,-0.410861,0.012212,0.093390,-0.172887,0.007905,0.060656,-0.100018,0.004762,0.002433,-0.006504,-0.018564,0.097653,-0.119295,0.008442,0.187894,-0.002833,0.059968,0.115052,0.097506,0.050668,0.150330,0.189388,0.051933,0.256287,-0.323289,-0.026046,0.187484,-0.375282,-0.041513,0.250010,-0.370764,-0.041214
0.064106,-0.099539,0.004588,0.056386,-0.008760,-0.004449,0.248946,-0.110939,-0.043566,0.424815,-0.383814,-0.004694,0.072739,-0.179175,0.009538,0.051213,-0.112831,0.007145,0.000203,-0.006219,-0.018166,0.067998,-0.103870,0.004556,0.155491,0.002157,0.052851,0.089219,0.104169,0.042976,0.126874,0.195318,0.044572,0.216458,-0.320280,-0.025913,0.156931,-0.372224,-0.037521,0.223219,-0.362459,-0.035301
0.040096,-0.088717,0.002134,0.039201,-0.001787,-0.011495,0.228493,-0.138416,-0.051728,0.395584,-0.330056,-0.025189,0.054520,-0.182241,0.012504,0.042510,-0.125006,0.010732,-0.001231,-0.005745,-0.016313,0.041503,-0.089600,0.002089,0.123985,0.008354,0.046071,0.065770,0.110907,0.035559,0.108116,0.203216,0.036928,0.177069,-0.313090,-0.024332,0.126815,-0.362871,-0.032591,0.194449,-0.349665,-0.029075
0.019027,-0.078723,0.002393,0.023812,0.000921,-0.014479,0.197123,-0.166906,-0.053435,0.342587,-0.259200,-0.044350,0.037045,-0.180179,0.016783,0.033566,-0.136346,0.015595,-0.001892,-0.005105,-0.012847,0.018424,-0.076842,0.002344,0.094193,0.015507,0.041236,0.044313,0.119395,0.029845,0.093442,0.211877,0.030175,0.139384,-0.302522,-0.020084,0.097199,-0.348448,-0.025828,0.164756,-0.333121,-0.021474
0.000723,-0.069576,0.005805,0.008645,0.000566,-0.011900,0.157538,-0.189233,-0.047460,0.270623,-0.183781,-0.056671,0.019154,-0.172643,0.021753,0.023845,-0.146418,0.021150,-0.001869,-0.004457,-0.008233,-0.001054,-0.065907,0.005750,0.067039,0.022238,0.039221,0.025018,0.130024,0.026518,0.081747,0.219862,0.025129,0.104526,-0.289419,-0.012826,0.068190,-0.330680,-0.017054,0.135125,-0.314176,-0.012141
-0.014842,-0.061445,0.011526,-0.006732,-0.001213,-0.004441,0.114751,-0.199483,-0.035057,0.190071,-0.116206,-0.058906,0.000908,-0.160593,0.026372,0.013505,-0.153918,0.026339,-0.001427,-0.003938,-0.003300,-0.016892,-0.057056,0.011460,0.043232,0.026619,0.039627,0.008374,0.141304,0.025203,0.071671,0.225813,0.021970,0.073302,-0.274714,-0.003470,0.039845,-0.311150,-0.007268,0.105999,-0.294406,-0.001996
-0.027711,-0.054475,0.017599,-0.021545,-0.002717,0.005035,0.074455,-0.195518,-0.019914,0.114210,-0.064960,-0.051968,-0.016515,-0.145645,0.029511,0.003240,-0.156861,0.029989,-0.001053,-0.003568,0.001057,-0.029390,-0.050390,0.017524,0.022966,0.027137,0.040870,-0.005313,0.150406,0.024629,0.061949,0.228732,0.020193,0.046035,-0.259433,0.005992,0.012143,-0.290895,0.001480,0.077199,-0.275173,0.006858
-0.038223,-0.048714,0.021921,-0.034760,-0.002865,0.013085,0.040966,-0.179769,-0.006349,0.054019,-0.032237,-0.040109,-0.031856,-0.129557,0.030327,-0.006270,-0.153622,0.031206,-0.001256,-0.003303,0.004104,-0.039286,-0.045771,0.021845,0.005838,0.023555,0.041065,-0.016279,0.154690,0.023386,0.051857,0.228333,0.018979,0.022517,-0.244498,0.013393,-0.014856,-0.270400,0.007084,0.048392,-0.257165,0.012220
-0.047129,-0.044165,0.023370,-0.046117,-0.001671,0.017687,0.016057,-0.157705,0.002933,0.014311,-0.014737,-0.028093,-0.044820,-0.114016,0.028612,-0.014769,-0.143790,0.029739,-0.002203,-0.003055,0.005511,-0.047618,-0.042834,0.023305,-0.008932,0.017070,0.039167,-0.025251,0.153085,0.020812,0.041411,0.225102,0.017802,0.002161,-0.230458,0.017477,-0.040827,-0.249899,0.008560,0.019648,-0.240214,0.013133
-0.055340,-0.040867,0.022196,-0.056199,-0.000040,0.018888,-0.000828,-0.135007,0.007658,-0.006335,-0.006882,-0.018840,-0.056069,-0.100460,0.024922,-0.022342,-0.128123,0.026124,-0.003538,-0.002686,0.005531,-0.055379,-0.041142,0.022146,-0.022054,0.009572,0.035429,-0.033004,0.146307,0.017288,0.031096,0.219794,0.016729,-0.015645,-0.217424,0.018278,-0.065089,-0.229788,0.006425,-0.008349,-0.223638,0.010331
-0.063414,-0.038884,0.019475,-0.065598,0.000966,0.017911,-0.011593,-0.115243,0.009099,-0.013100,-0.003887,-0.012970,-0.066307,-0.089660,0.020305,-0.029051,-0.108056,0.021412,-0.004662,-0.002115,0.004862,-0.063103,-0.040411,0.019438,-0.033807,0.002547,0.030912,-0.039898,0.136014,0.013721,0.021399,0.212768,0.016134,-0.031196,-0.205256,0.016677,-0.086648,-0.210775,0.002120,-0.034385,-0.206834,0.005601
-0.071213,-0.038195,0.016253,-0.074219,0.000808,0.015908,-0.018563,-0.099142,0.008706,-0.012219,-0.002929,-0.009738,-0.075515,-0.081326,0.015728,-0.034766,-0.085361,0.016622,-0.005217,-0.001432,0.004187,-0.070638,-0.040618,0.016223,-0.044093,-0.003600,0.026545,-0.045798,0.123726,0.010712,0.012525,0.203701,0.016090,-0.044478,-0.193733,0.013737,-0.104413,-0.193521,-0.002817,-0.057009,-0.189537,0.000794
-0.078019,-0.038594,0.013058,-0.081351,-0.000358,0.013440,-0.023751,-0.085359,0.007393,-0.008952,-0.002704,-0.008102,-0.083021,-0.074241,0.011634,-0.039264,-0.061851,0.012274,-0.005259,-0.000801,0.003768,-0.077297,-0.041865,0.013032,-0.052854,-0.009439,0.022521,-0.050407,0.110243,0.008086,0.004380,0.191821,0.016018,-0.055491,-0.182564,0.010381,-0.117633,-0.178034,-0.007226,-0.075018,-0.171630,-0.002791
-0.082981,-0.039720,0.009988,-0.086250,-0.002015,0.010701,-0.028341,-0.072012,0.005615,-0.006378,-0.002632,-0.007228,-0.088097,-0.067008,0.007947,-0.042387,-0.038905,0.008382,-0.005056,-0.000333,0.003473,-0.082269,-0.044144,0.009966,-0.060313,-0.015862,0.018451,-0.053632,0.095703,0.005167,-0.003279,0.176412,0.014997,-0.064472,-0.171406,0.007358,-0.126227,-0.163446,-0.010414,-0.087944,-0.152938,-0.004568
-0.085540,-0.041216,0.007065,-0.088595,-0.003754,0.007926,-0.032555,-0.058083,0.003717,-0.005266,-0.002428,-0.006549,-0.090432,-0.058825,0.004462,-0.044111,-0.017018,0.004792,-0.004804,-0.000097,0.003160,-0.084992,-0.047246,0.007049,-0.066760,-0.023350,0.013957,-0.055644,0.080054,0.001478,-0.010612,0.157326,0.012450,-0.071715,-0.160028,0.005231,-0.130703,-0.148526,-0.012105,-0.096157,-0.133360,-0.004565
-0.085608,-0.042879,0.004436,-0.088533,-0.005509,0.005483,-0.035983,-0.043851,0.002070,-0.004952,-0.001997,-0.005716,-0.090197,-0.049760,0.001167,-0.044517,0.004160,0.001508,-0.004545,-0.000111,0.002977,-0.085331,-0.050858,0.004423,-0.072200,-0.031617,0.009103,-0.056695,0.063572,-0.002834,-0.017502,0.135247,0.008523,-0.077300,-0.148522,0.004267,-0.131786,-0.132495,-0.012396,-0.100550,-0.113176,-0.003239
-0.083480,-0.044639,0.002297,-0.086446,-0.007417,0.003662,-0.038137,-0.030299,0.000937,-0.004517,-0.001403,-0.004602,-0.087815,-0.040503,-0.001738,-0.043733,0.025213,-0.001271,-0.004239,-0.000233,0.003270,-0.083520,-0.054654,0.002276,-0.076297,-0.039836,0.004315,-0.056942,0.047042,-0.007164,-0.023594,0.111560,0.003881,-0.081054,-0.137354,0.004360,-0.130135,-0.115502,-0.011676,-0.102079,-0.093154,-0.001262
-0.079620,-0.046413,0.000705,-0.082747,-0.009525,0.002483,-0.038841,-0.018310,0.000327,-0.003589,-0.000792,-0.003294,-0.083756,-0.031948,-0.004066,-0.041913,0.046124,-0.003353,-0.003859,-0.000168,0.004269,-0.079974,-0.058262,0.000661,-0.078606,-0.047152,0.000035,-0.056455,0.031606,-0.010903,-0.028576,0.087979,-0.000754,-0.082748,-0.127202,0.005100,-0.126275,-0.098465,-0.010486,-0.101469,-0.074318,0.000704
-0.074506,-0.047974,-0.000492,-0.077842,-0.011642,0.001732,-0.038277,-0.008506,0.000042,-0.002449,-0.000302,-0.002029,-0.078498,-0.024889,-0.005842,-0.039265,0.065866,-0.004744,-0.003431,0.000286,0.005850,-0.075129,-0.061209,-0.000576,-0.078852,-0.053006,-0.003538,-0.055312,0.018474,-0.013751,-0.032380,0.066218,-0.004912,-0.082317,-0.118648,0.005957,-0.120671,-0.082541,-0.009360,-0.099180,-0.057534,0.002179
-0.068599,-0.048997,-0.001551,-0.072208,-0.013478,0.001166,-0.036769,-0.001590,-0.000151,-0.001613,-0.000033,-0.001096,-0.072580,-0.019861,-0.007306,-0.036097,0.082707,-0.005671,-0.003027,0.001005,0.007585,-0.069401,-0.062997,-0.001685,-0.077100,-0.057136,-0.006460,-0.053659,0.008572,-0.015738,-0.035023,0.047773,-0.008399,-0.079971,-0.111861,0.006498,-0.113798,-0.068612,-0.008643,-0.095550,-0.043220,0.002970
-0.062330,-0.049258,-0.002639,-0.066371,-0.014900,0.000692,-0.034559,0.001590,-0.000344,-0.001323,-0.000063,-0.000685,-0.066566,-0.017058,-0.008718,-0.032761,0.094976,-0.006402,-0.002708,0.001638,0.009004,-0.063181,-0.063326,-0.002825,-0.073754,-0.059581,-0.008867,-0.051630,0.002097,-0.017053,-0.036312,0.033628,-0.011151,-0.076165,-0.106445,0.006550,-0.106091,-0.056999,-0.008370,-0.090940,-0.031300,0.003198
-0.056001,-0.048774,-0.003735,-0.060686,-0.016077,0.000371,-0.031751,0.000676,-0.000481,-0.001388,-0.000425,-0.000789,-0.060807,-0.016304,-0.010145,-0.029486,0.101747,-0.007054,-0.002432,0.001928,0.009841,-0.056758,-0.062257,-0.003965,-0.069382,-0.060789,-0.010835,-0.049258,-0.001824,-0.017880,-0.035873,0.023905,-0.013076,-0.071417,-0.101561,0.006240,-0.097843,-0.047438,-0.008268,-0.085771,-0.021348,0.003200
-0.049661,-0.047798,-0.004707,-0.055118,-0.017402,0.000252,-0.028419,-0.003416,-0.000491,-0.001421,-0.000951,-0.001230,-0.055231,-0.017105,-0.011449,-0.026263,0.103030,-0.007571,-0.002056,0.001858,0.010070,-0.050217,-0.060176,-0.004965,-0.064476,-0.061573,-0.012394,-0.046481,-0.004944,-0.018361,-0.033486,0.017738,-0.014065,-0.066098,-0.096269,0.005849,-0.089152,-0.039252,-0.007965,-0.080430,-0.012782,0.003305
-0.043147,-0.046685,-0.005476,-0.049299,-0.019296,0.000229,-0.024740,-0.008490,-0.000431,-0.001187,-0.001230,-0.001799,-0.049419,-0.018803,-0.012436,-0.022936,0.099511,-0.007867,-0.001484,0.001532,0.009767,-0.043468,-0.057620,-0.005743,-0.059318,-0.062778,-0.013623,-0.043203,-0.009147,-0.018654,-0.029322,0.013621,-0.014123,-0.060373,-0.089922,0.005596,-0.080026,-0.031654,-0.007251,-0.075180,-0.005092,0.003609
-0.036338,-0.045749,-0.006068,-0.042879,-0.021999,0.000069,-0.021016,-0.012116,-0.000472,-0.000736,-0.000936,-0.002345,-0.042975,-0.020778,-0.012989,-0.019420,0.092165,-0.007924,-0.000786,0.001028,0.008999,-0.036470,-0.055093,-0.006326,-0.054043,-0.064886,-0.014648,-0.039395,-0.015629,-0.018925,-0.023859,0.010035,-0.013430,-0.054328,-0.082413,0.005522,-0.070569,-0.024036,-0.006184,-0.070194,0.002022,0.003938
-0.029392,-0.045118,-0.006531,-0.035866,-0.025399,-0.000407,-0.017569,-0.012929,-0.000760,-0.000256,-0.000252,-0.002782,-0.035888,-0.022539,-0.013060,-0.015813,0.081977,-0.007768,-0.000120,0.000382,0.007832,-0.029438,-0.052910,-0.006766,-0.048796,-0.067863,-0.015526,-0.035190,-0.024497,-0.019244,-0.017751,0.005907,-0.012256,-0.048152,-0.074099,0.005547,-0.061091,-0.016077,-0.004981,-0.065646,0.008672,0.004012
-0.022725,-0.044653,-0.006824,-0.028634,-0.029008,-0.001193,-0.014589,-0.011094,-0.001291,0.000112,0.000259,-0.003048,-0.028537,-0.023744,-0.012596,-0.012341,0.069764,-0.007385,0.000407,-0.000338,0.006374,-0.022806,-0.051081,-0.007031,-0.043803,-0.071295,-0.016169,-0.030873,-0.034941,-0.019510,-0.011748,0.000652,-0.010858,-0.042172,-0.065490,0.005627,-0.052039,-0.007693,-0.003798,-0.061722,0.014925,0.003700
-0.016744,-0.044005,-0.006808,-0.021644,-0.032144,-0.002096,-0.012057,-0.007742,-0.001907,0.000323,0.000291,-0.003113,-0.021407,-0.024242,-0.011511,-0.009212,0.056009,-0.006701,0.000754,-0.000990,0.004750,-0.016972,-0.049331,-0.006986,-0.039312,-0.074650,-0.016393,-0.026689,-0.045689,-0.019534,-0.006527,-0.006068,-0.009516,-0.036733,-0.056982,0.005859,-0.043804,0.001002,-0.002585,-0.058477,0.020832,0.003160
-0.011620,-0.042814,-0.006324,-0.015185,-0.034224,-0.002848,-0.009797,-0.004173,-0.002383,0.000400,0.000039,-0.002978,-0.014822,-0.024128,-0.009746,-0.006516,0.040884,-0.005645,0.000934,-0.001412,0.003038,-0.012084,-0.047278,-0.006477,-0.035450,-0.077436,-0.016049,-0.022639,-0.055408,-0.019179,-0.002482,-0.014492,-0.008584,-0.032047,-0.048852,0.006437,-0.036581,0.009633,-0.001129,-0.055697,0.026257,0.002759
-0.007301,-0.040899,-0.005314,-0.009367,-0.034972,-0.003232,-0.007624,-0.001473,-0.002541,0.000363,-0.000309,-0.002657,-0.008920,-0.023676,-0.007370,-0.004210,0.024546,-0.004241,0.001013,-0.001574,0.001268,-0.008053,-0.044666,-0.005443,-0.032149,-0.079255,-0.015100,-0.018502,-0.062917,-0.018418,0.000334,-0.024627,-0.008433,-0.028110,-0.041482,0.007479,-0.030408,0.017530,0.000718,-0.052907,0.030743,0.002807
-0.003668,-0.038336,-0.003870,-0.004248,-0.034437,-0.003175,-0.005494,-0.000309,-0.002333,0.000168,-0.000947,-0.002175,-0.003772,-0.023153,-0.004615,-0.002234,0.007505,-0.002631,0.001011,-0.001678,-0.000523,-0.004721,-0.041515,-0.003975,-0.029189,-0.079870,-0.013624,-0.014070,-0.067385,-0.017300,0.002108,-0.036022,-0.009257,-0.024768,-0.035473,0.008897,-0.025289,0.023896,0.002861,-0.049601,0.033665,0.003342
-0.000661,-0.035391,-0.002193,0.000106,-0.032898,-0.002758,-0.003503,-0.000666,-0.001843,-0.000247,-0.002003,-0.001590,0.000566,-0.022613,-0.001780,-0.000596,-0.009253,-0.001000,0.000823,-0.001956,-0.002236,-0.001994,-0.038108,-0.002278,-0.026349,-0.079263,-0.011774,-0.009373,-0.068583,-0.015890,0.003161,-0.047785,-0.010938,-0.021833,-0.031415,0.010423,-0.021250,0.028113,0.004991,-0.045507,0.034624,0.004169
0.001722,-0.032381,-0.000486,0.003657,-0.030741,-0.002140,-0.001716,-0.001799,-0.001208,-0.000717,-0.002953,-0.000997,0.004078,-0.021877,0.000903,0.000698,-0.024534,0.000539,0.000409,-0.002344,-0.003719,0.000143,-0.034815,-0.000560,-0.023510,-0.077552,-0.009710,-0.004718,-0.067024,-0.014230,0.003844,-0.058902,-0.013043,-0.019167,-0.029472,0.011774,-0.018273,0.029933,0.006795,-0.040691,0.033665,0.005073
0.003504,-0.029556,0.001128,0.006446,-0.028364,-0.001463,-0.000024,-0.002739,-0.000540,-0.000746,-0.002940,-0.000483,0.006833,-0.020743,0.003339,0.001775,-0.037465,0.001982,0.000039,-0.002542,-0.004826,0.001711,-0.031913,0.001055,-0.020639,-0.074814,-0.007547,-0.000564,-0.063813,-0.012327,0.004433,-0.068584,-0.014959,-0.016676,-0.029220,0.012774,-0.016208,0.029413,0.008127,-0.035448,0.031120,0.005965
0.004764,-0.027065,0.002598,0.008580,-0.026131,-0.000799,0.001716,-0.002996,0.000110,0.000090,-0.001736,-0.000061,0.008951,-0.019257,0.005515,0.002828,-0.047883,0.003368,0.000097,-0.002448,-0.005481,0.002790,-0.029492,0.002518,-0.017774,-0.071143,-0.005377,0.002691,-0.060294,-0.010204,0.005122,-0.076427,-0.016132,-0.014310,-0.029904,0.013398,-0.014778,0.026751,0.009032,-0.030137,0.027381,0.006903
0.005620,-0.024976,0.003901,0.010181,-0.024329,-0.000183,0.003377,-0.002699,0.000720,0.001541,-0.000074,0.000336,0.010553,-0.017723,0.007425,0.003846,-0.056187,0.004692,0.000523,-0.002294,-0.005721,0.003496,-0.027499,0.003812,-0.015091,-0.066943,-0.003329,0.004911,-0.057693,-0.008020,0.006187,-0.082379,-0.016328,-0.012155,-0.030864,0.013757,-0.013718,0.022305,0.009701,-0.025115,0.022910,0.008056
0.006174,-0.023305,0.004996,0.011349,-0.023127,0.000345,0.004551,-0.002174,0.001263,0.002711,0.001023,0.000781,0.011733,-0.016459,0.009040,0.004497,-0.062846,0.005888,0.000618,-0.002298,-0.005686,0.003924,-0.025840,0.004904,-0.012925,-0.063044,-0.001593,0.006288,-0.056800,-0.006099,0.008034,-0.086609,-0.015733,-0.010455,-0.031766,0.014035,-0.012877,0.016725,0.010363,-0.020699,0.018367,0.009603
0.006497,-0.022035,0.005832,0.012162,-0.022542,0.000725,0.004919,-0.001582,0.001689,0.002861,0.001011,0.001280,0.012565,-0.015591,0.010313,0.004371,-0.068090,0.006858,-0.000454,-0.002418,-0.005566,0.004139,-0.024456,0.005744,-0.011563,-0.060325,-0.000340,0.007209,-0.057698,-0.004765,0.010927,-0.089364,-0.014795,-0.009434,-0.032567,0.014367,-0.012207,0.010927,0.011139,-0.017082,0.014491,0.011551
0.006655,-0.021127,0.006380,0.012692,-0.022447,0.000922,0.004576,-0.000947,0.001959,0.002029,-0.000001,0.001772,0.013116,-0.015066,0.011211,0.003366,-0.071973,0.007527,-0.002924,-0.002484,-0.005517,0.004202,-0.023342,0.006300,-0.011013,-0.059165,0.000389,0.008017,-0.059768,-0.004125,0.014624,-0.090921,-0.013935,-0.009082,-0.033337,0.014752,-0.011690,0.005836,0.011967,-0.014280,0.011768,0.013639
0.006713,-0.020531,0.006666,0.013008,-0.022626,0.000963,0.003917,-0.000320,0.002079,0.000820,-0.001507,0.002185,0.013455,-0.014771,0.011753,0.001832,-0.074575,0.007894,-0.006180,-0.002421,-0.005589,0.004186,-0.022522,0.006598,-0.011004,-0.059254,0.000703,0.008825,-0.062084,-0.004023,0.018395,-0.091614,-0.013360,-0.009160,-0.034090,0.015101,-0.011307,0.002050,0.012683,-0.012225,0.010238,0.015474
