joint_vel_0,joint_vel_1,joint_vel_2,joint_vel_3,joint_vel_4,joint_vel_5,joint_vel_6,joint_vel_7,joint_vel_8,joint_vel_9,joint_vel_10,joint_vel_11,joint_vel_12,joint_vel_13,joint_vel_14,joint_vel_15,joint_vel_16,joint_vel_17,joint_vel_18,joint_vel_19,joint_vel_20,joint_vel_21,joint_vel_22,joint_vel_23,joint_vel_24,joint_vel_25,joint_vel_26,joint_vel_27,joint_vel_28
-0.504763,-0.206127,0.000000,0.066512,0.000000,0.000000,-0.207347,-0.123075,-0.167552,0.553583,0.000000,-0.127662,0.000000,-0.306022,-0.070796,0.000000,0.000000,0.000000,0.000000,0.000000,0.000000,0.089908,0.000000,0.720240,-0.629511,-0.141937,-0.111694,0.599840,-0.350645
-0.619053,-0.230010,0.006062,0.075413,0.091497,0.066169,-0.260981,-0.188660,-0.187629,0.733946,0.067336,-0.137427,0.105672,-0.388023,-0.112589,0.005621,-0.003937,0.050545,0.039201,-0.045773,-0.078917,0.059938,-0.040531,0.564137,-0.489581,-0.113811,-0.113409,0.471421,-0.271154
-0.847632,-0.277775,0.000000,0.093214,0.000000,0.000000,-0.368253,-0.319830,-0.227783,1.094668,0.114092,-0.156954,0.261946,-0.552039,-0.196175,0.000000,0.000000,0.084911,0.071201,0.000000,0.000000,0.000000,-0.197059,0.251943,-0.209726,0.000000,0.000000,0.214584,-0.112175
-0.804784,-0.092592,0.068447,0.057257,0.045624,0.078350,-0.493440,-0.513550,-0.154532,1.152633,-0.003831,-0.211149,0.423009,-0.606082,-0.212598,0.015548,-0.100378,0.072612,0.095526,-0.014105,-0.153098,-0.049609,-0.288659,0.160065,-0.046371,-0.019188,-0.089387,0.123972,-0.073888
-0.783359,-0.008229,0.044407,-0.022213,0.007107,0.052835,-0.556034,-0.610411,-0.070022,1.181618,-0.062792,-0.238250,0.503541,-0.633103,-0.220810,-0.075490,-0.097460,0.037757,0.107689,0.021090,-0.170264,-0.093108,-0.334471,0.146812,0.023538,-0.015331,-0.126620,0.114303,-0.036497
-0.458146,0.402437,0.120890,0.000000,0.000000,0.000000,-0.744699,-0.761743,0.000000,0.930074,-0.290503,-0.334351,0.760931,-0.707838,-0.203221,0.000000,-0.164918,0.000000,0.097300,0.079033,-0.200590,-0.124598,-0.482044,0.000000,0.117050,0.000000,0.000000,0.000000,0.000000
-0.449054,0.413549,0.118928,-0.114473,-0.056231,-0.015670,-0.824407,-0.791722,0.070038,0.919449,-0.241014,-0.333806,0.804359,-0.728004,-0.252121,-0.078044,-0.188223,-0.007152,0.086373,0.028314,-0.186750,-0.179410,-0.444639,0.059779,0.103417,-0.047563,-0.090354,0.083213,0.052008
-0.430867,0.435773,0.115005,-0.198223,0.000000,0.000000,-0.983813,-0.851682,0.066461,0.898211,-0.142033,-0.332713,0.891217,-0.768337,-0.349923,0.000000,-0.234848,0.064658,0.064518,0.000000,-0.159067,-0.289035,-0.369811,0.000000,0.076136,0.000000,0.000000,0.000000,0.098243
-0.598077,0.211330,0.214782,-0.234301,-0.095330,-0.074242,-1.030136,-0.889315,0.059547,1.103289,0.248403,-0.261171,0.855382,-0.711907,-0.567075,0.023499,-0.318116,0.094459,0.051988,0.111386,-0.084333,-0.668687,-0.165758,0.008151,0.366397,-0.233398,-0.188654,-0.052727,0.081766
-0.681682,0.099107,0.264670,-0.252339,-0.080528,-0.043178,-1.053296,-0.908133,0.037393,1.205823,0.443621,-0.225400,0.837463,-0.683680,-0.675654,0.077539,-0.359756,0.109360,0.030482,0.203648,-0.031310,-0.858527,-0.063723,-0.018945,0.511524,-0.301894,-0.223888,-0.150457,0.073528
-0.846165,-0.651109,0.377199,-0.206422,-0.211833,-0.128719,-0.851504,-0.962090,0.120146,1.381980,1.877042,0.426013,0.545710,-0.642340,-1.275582,0.306725,-0.575136,0.000000,0.224513,0.996321,-0.308941,-3.342685,0.000000,-1.809600,1.294579,-0.826955,-0.408921,-0.403924,0.090883
-0.859538,-1.071015,0.319689,-0.212002,-0.360966,-0.222232,-0.610071,-0.811432,0.211360,1.314713,2.589281,0.453726,0.336426,-0.626643,-1.498893,0.444929,-0.760479,-0.110215,0.178291,0.909182,-0.413021,-4.256112,-0.185764,-1.981282,1.535453,-0.674540,-0.468302,-0.052382,-0.185415
-0.886292,-1.910829,0.204671,-0.223164,-0.659235,-0.409259,-0.127208,-0.510117,0.393789,1.180200,4.013766,0.509154,0.000000,-0.595257,-1.945524,0.721341,-1.131177,-0.299516,0.085850,0.734910,-0.621183,-6.082991,-0.516701,-2.324653,2.017214,-0.369712,-0.587067,0.650702,-0.738015
-0.689846,-2.483156,0.031975,-0.189691,-0.911882,-0.528793,0.492540,0.002111,0.531170,0.972538,5.001214,0.012769,-0.397548,-0.616950,-1.652876,1.070052,-1.498912,-0.401746,0.062213,0.608724,-1.141707,-6.485653,-1.390085,-1.563419,4.743278,0.035729,-0.577058,0.989200,-1.942952
-0.591623,-2.769312,-0.036249,-0.172955,-1.038203,-0.588559,0.802412,0.258227,0.599859,0.868708,5.494928,-0.235423,-0.555250,-0.627784,-1.506543,1.244407,-1.682770,-0.452860,0.033596,0.545632,-1.401966,-6.686968,-1.826787,-1.182799,6.106296,0.238450,-0.572051,1.158445,-2.545414
0.415706,-2.221493,-0.476331,0.079876,-0.680935,-0.289932,1.261634,0.840919,0.787919,0.152849,4.778405,-1.405145,-1.670571,-0.551198,-0.223000,1.856685,-2.109008,-0.314045,-0.217511,0.277545,-1.460326,-5.310848,-2.838162,-1.372623,6.086261,0.305475,-0.133240,0.728865,-1.659042
0.654764,-2.221616,-0.539230,0.172825,-0.549026,-0.116461,1.302580,0.765063,0.681698,-0.191021,4.638362,-1.739961,-2.181270,-0.409535,0.465974,1.946279,-2.061215,-0.254767,-0.345499,0.131510,-1.016527,-4.649718,-2.763328,-1.431978,4.904767,0.284585,-0.056775,0.830166,-1.164776
1.132865,-2.221841,-0.665020,0.358720,-0.285204,0.230480,1.384460,0.613339,0.469248,-0.878757,4.358235,-2.409575,-3.202646,-0.126207,1.843911,2.125441,-1.965593,-0.136208,-0.601472,-0.160553,-0.128923,-3.327418,-2.613628,-1.550680,2.541739,0.242807,0.000000,1.032758,-0.176234
1.575365,-2.160253,-0.513676,0.432749,0.136168,0.424862,1.560877,0.549136,0.336043,-1.521814,3.430614,-3.080829,-3.937314,0.266007,1.589365,1.859950,-1.200458,-0.148138,-0.058761,-0.513940,1.175135,-2.170029,-2.432740,-2.067288,1.011720,0.116175,0.003280,0.889847,0.180158
1.796609,-2.129458,-0.458414,0.469762,0.346854,0.522053,1.649080,0.517036,0.269439,-1.843335,2.966783,-3.416447,-4.304638,0.462107,1.462086,1.727200,-0.817886,-0.154102,0.212594,-0.690635,1.827159,-1.591324,-2.342287,-2.325587,0.246710,0.035242,-0.028771,0.818389,0.358353
2.085796,-1.931836,0.000000,0.308624,1.095957,0.673351,2.065115,0.599221,0.171675,-2.361959,0.925803,-4.228004,-4.506631,0.356190,0.118852,1.186287,0.521547,-0.141865,0.558865,-1.520232,3.519324,-0.663772,-3.408796,-1.353772,-0.067371,-0.067340,-0.439763,0.378257,0.408120
2.153732,-1.819842,0.092804,0.136939,0.918121,0.649610,2.155051,0.258142,0.206659,-2.434062,0.463060,-4.504341,-4.424090,0.401337,-0.044911,1.001595,0.794601,-0.063853,0.341261,-1.808497,3.950504,-0.478322,-3.936271,-1.036027,0.098640,-0.080771,-0.554927,0.248567,0.585347
2.289579,-1.595831,0.339644,-0.206433,0.562441,0.602123,2.334897,-0.424019,0.276626,-2.578235,-0.462413,-5.056967,-4.258962,0.491624,-0.372420,0.632197,1.340677,0.092172,0.000000,-2.385011,4.812818,0.000000,-4.991195,-0.400530,0.430661,-0.107634,-0.785248,0.000000,0.939797
2.250447,-1.275946,0.241263,-0.499336,0.250082,0.363574,2.330649,-0.984584,0.339077,-2.283045,-0.971159,-5.116922,-4.123771,0.191957,-0.700271,0.250512,1.661462,0.130072,-0.598108,-2.510883,5.043730,0.080135,-5.668828,-0.735526,0.498635,-0.160300,-0.697769,-0.208391,1.236593
2.230884,-1.116011,0.192073,-0.645789,0.093903,0.244301,2.328524,-1.264866,0.370302,-2.135453,-1.225540,-5.146909,-4.056182,0.028086,-0.864200,0.059670,1.821858,0.149023,-0.850189,-2.573819,5.159190,0.173914,-6.007657,-0.903026,0.555658,-0.186635,-0.654029,-0.307183,1.384994
1.770326,-0.668249,-0.498392,-0.799645,0.075060,-0.161053,2.102114,-1.512566,0.145282,-1.021653,-1.585910,-4.680693,-3.312138,-0.510916,-0.960299,-0.472870,2.285951,-0.075235,-0.867444,-2.060890,3.879640,0.449891,-6.714504,-1.125478,0.000000,-0.133383,-0.228836,-0.143334,0.906458
1.629554,-0.475195,-0.818558,-0.809474,0.152572,-0.227931,1.924559,-1.299912,0.053248,-0.648242,-1.693603,-4.264307,-2.724281,-0.583827,-0.833845,-0.611141,2.032228,-0.105109,-0.702066,-1.772256,3.057501,0.492138,-6.912054,-1.012549,0.119476,-0.114394,-0.079361,-0.062796,0.742244
1.348014,-0.089100,-1.458902,-0.829135,0.307596,-0.361688,1.569441,-0.874610,-0.130821,0.098580,-1.909006,-3.431547,-1.548558,-0.729662,-0.580938,-0.887679,1.524784,-0.164858,-0.371310,-1.194984,1.413217,0.576631,-7.307194,-0.786693,0.289322,-0.076412,0.219599,0.000000,0.413817
0.898331,-0.106880,-2.314870,-0.589498,0.653423,-0.205634,1.286766,0.140155,-0.317372,0.808545,-1.670131,-2.176005,0.660995,-0.978404,3.838004,-0.204287,-2.617505,-0.181888,-3.562236,-1.055971,-0.286382,-0.574417,-10.006144,-1.249944,1.364288,-0.149057,0.928530,0.282900,-0.155224
0.673497,-0.115764,-2.742866,-0.469683,0.826339,-0.127609,1.145434,0.647534,-0.410648,1.163533,-1.550698,-1.548266,1.765776,-1.102790,6.047482,0.137411,-4.688647,-0.190406,-5.157709,-0.986463,-1.136187,-1.149936,-11.355676,-1.481574,1.901779,-0.185384,1.283003,0.375214,-0.439743
0.409219,-0.600576,-4.075099,-0.231525,0.369914,0.294540,0.654665,1.412664,-0.576021,2.366669,2.765873,0.923437,1.431036,-1.503605,-0.135576,2.254383,-7.076074,-0.453362,-1.377399,-0.993699,-4.470477,-4.137443,-7.526061,-1.042320,1.476474,-0.194085,0.663097,0.122811,-0.618248
-0.238914,-0.525388,-3.953525,0.409370,0.321296,0.495055,0.612250,1.099064,-0.343576,3.867111,2.794975,1.717314,1.208270,-1.508722,-0.751603,2.848905,-7.274118,-0.256623,-0.826442,-0.962332,-5.116525,-5.424930,-6.102720,-0.826804,2.058587,-0.167891,0.427742,0.035108,-0.699185
-1.535188,-0.375029,-3.710412,1.691167,0.224062,0.896091,0.527418,0.471875,0.121313,6.868050,2.853209,3.305107,0.762758,-1.518956,-1.983668,4.037967,-7.670295,0.136855,0.275468,-0.899631,-6.408659,-7.999967,-3.256074,-0.395777,3.222829,-0.115500,0.000000,-0.140302,-0.861068
-3.107250,1.184925,-2.874684,2.495160,-0.193185,0.238365,-0.584698,0.120378,0.441900,10.457579,0.515360,4.811543,-1.303515,2.418798,-1.100890,4.126122,-6.045130,0.912949,0.090434,-0.612754,-3.897487,-8.445100,-1.085371,0.423691,3.883031,0.085304,-0.827406,-0.428638,-0.713014
-3.893257,1.964897,-2.456792,2.897135,-0.401806,-0.090500,-1.140749,-0.036914,0.602188,12.252251,-0.653544,5.564708,-2.336639,4.387647,-0.630045,4.170170,-5.232501,1.300987,-0.001390,-0.469312,-2.641869,-8.667604,0.000000,0.833422,4.213092,0.185712,-1.219618,-0.572803,-0.638983
-4.588203,1.594116,-0.751099,2.325171,-0.392309,-1.281453,-1.628846,1.066691,0.759953,12.370345,-0.380212,9.187497,-6.464860,0.741521,0.000000,3.571582,-1.465535,0.253111,0.316798,1.939940,2.278595,-6.715814,0.000000,1.857385,1.818490,0.156874,-0.927430,-0.879037,0.332092
-4.528134,1.756990,0.196302,1.820314,-0.386600,-1.632306,-1.983436,1.598251,0.992751,11.776865,-0.528866,9.681293,-6.390301,0.255100,0.154103,2.768961,-0.352275,-0.028982,0.390664,2.497086,3.065314,-5.208552,0.000000,1.849620,1.110074,0.051152,-0.662116,-0.811187,0.486460
-4.407996,2.082738,2.091086,0.810605,-0.375181,-2.334007,-2.692613,2.661369,1.458341,10.589928,-0.826159,10.668880,-6.241185,-0.717743,0.373946,1.163754,1.874280,-0.593165,0.538395,3.611370,4.638751,-2.194059,0.000000,1.834091,-0.306758,-0.160291,-0.131492,-0.675486,0.795193
-4.638556,2.246344,3.791359,-0.074682,-0.857256,-2.429008,-3.677356,3.083477,1.845142,9.233517,-1.033783,10.126624,-5.274510,-0.515141,0.494800,-0.341985,2.067477,-1.007993,0.946977,3.833325,4.624391,0.485009,0.000000,0.730766,-0.708696,-0.494704,0.110072,0.152020,0.620464
-4.753864,2.328155,4.641506,-0.517326,-1.098296,-2.476521,-4.169741,3.294545,2.038550,8.555359,-1.137605,9.855546,-4.791206,-0.413840,0.555228,-1.094851,2.164072,-1.215411,1.151273,3.944315,4.617229,1.824537,0.000000,0.179110,-0.909677,-0.661909,0.230851,0.565772,0.533103
-4.832886,2.471919,6.497687,-0.843122,-2.071797,-1.685442,-5.918900,2.973487,2.579261,5.591589,-1.474369,7.643153,-4.222280,-0.215244,0.338120,-2.177203,3.509897,-0.612551,1.345895,4.178950,4.831046,4.501167,4.061833,-0.765228,-1.911438,-0.985435,0.230592,1.298979,0.468035
-4.814245,2.447689,6.634439,-0.595833,-2.335376,-1.123627,-6.284370,2.689273,2.681868,4.154480,-1.497221,6.974147,-3.738749,-0.173840,0.279917,-2.358410,4.117805,-0.047953,1.239796,4.079014,4.589727,5.075151,5.337453,-0.615898,-2.304918,-1.017489,0.083788,1.035403,0.549390
-4.776886,2.399205,6.907855,-0.101256,-2.862498,0.000000,-7.015219,2.120825,2.887054,1.280260,-1.542893,5.636087,-2.771616,-0.091036,0.163508,-2.720764,5.333516,1.081220,1.027586,3.879099,4.107008,6.223036,7.888586,-0.317236,-3.091854,-1.081590,-0.209818,0.508248,0.712089
-4.851866,2.341376,6.519731,1.136378,-3.085359,1.122451,-5.994363,1.626669,2.552164,-2.347720,-1.736566,4.279766,-1.722217,-0.065091,0.013619,-2.463064,7.974979,2.038987,0.878454,3.147479,2.481452,6.647897,12.745565,-0.963539,-6.946317,-1.480290,-0.779885,0.032784,1.476866
-4.889336,2.312450,6.325634,1.755184,-3.196778,1.696110,-5.483912,1.379584,2.384715,-4.161704,-1.833385,3.601602,-1.197499,-0.034754,-0.061324,-2.334210,9.295660,2.517856,0.803881,2.781658,1.668656,6.860285,15.173978,-1.257741,-8.873487,-1.679631,-1.064915,-0.204945,1.859246
-4.744584,2.285563,5.310087,2.965946,-3.174541,3.238843,-1.359323,0.828040,1.031567,-9.501934,-2.693364,1.664349,2.267092,0.000000,0.745679,-0.904682,7.202086,2.621687,0.236951,1.315798,-1.901269,7.325960,17.635147,0.000000,-6.701519,-0.667682,-1.251663,-1.087199,0.668904
-4.088521,2.285927,4.265036,2.570507,-3.000921,3.393798,-0.201312,0.491370,0.687709,-11.385560,-2.934834,1.424482,1.547551,0.954939,1.173858,-0.988203,7.541811,1.681063,0.099462,0.800569,-3.939289,6.993972,18.544624,0.059399,-7.320794,-0.629298,-1.134610,-1.141937,0.086989
-2.776444,2.286677,2.174968,1.779649,-2.653702,3.703744,2.114728,-0.181973,0.000000,-15.152925,-3.417815,0.944746,0.000000,2.855346,2.030232,-1.155239,8.221349,-0.200176,-0.175514,-0.229886,-8.015383,6.330057,20.363754,0.091371,-8.559417,-0.552541,-0.900511,-1.251429,-1.076844
-0.106096,3.497291,0.960976,0.150861,-2.202201,3.315633,2.818531,-1.326832,0.000000,-17.243902,-2.982567,1.774544,3.352845,2.608068,1.824113,-0.564656,2.070401,-2.711050,0.012505,-0.162900,-6.085968,4.227894,8.322397,-0.724167,-6.194993,-0.184715,0.007534,-0.988111,-1.285791
1.229084,4.102633,0.315440,-0.663540,-1.976463,3.121602,3.170458,-1.899282,0.000000,-18.289551,-2.764958,2.189469,4.975104,2.484450,1.721067,-0.269341,-1.005096,-3.966523,0.106516,-0.129408,-5.121303,3.176829,2.301717,-1.131946,-5.012812,-0.000530,0.461563,-0.856459,-1.390276
0.621605,3.310620,0.000000,-1.104841,-0.747192,-0.581271,1.825047,-2.962805,0.000000,-12.600559,-1.019399,2.581042,2.858615,1.668826,0.554041,-0.226972,-3.423508,0.000000,-0.087866,1.160481,3.968108,1.242493,-8.650935,-0.778844,0.607602,0.180894,-0.090353,-0.620183,-0.195345
0.228822,2.701527,-0.206655,-0.892746,-0.296265,-0.890255,1.194640,-2.498286,0.000000,-9.044614,-0.813679,1.735067,2.877229,1.617400,0.329392,-0.572869,-4.161036,-0.144967,-0.168819,0.614819,4.165036,1.518500,-10.846397,-0.849244,1.428659,0.187899,-0.187708,-0.596851,-0.401304
-0.556743,1.483360,-0.504357,-0.468568,0.605574,-1.508237,-0.066170,-1.569265,0.000000,-1.932784,-0.402249,0.000000,2.914482,1.514561,-0.119902,-1.264682,-5.636139,-0.465182,-0.330730,-0.476501,4.558939,2.070528,-15.237457,-0.990056,3.070790,0.201917,-0.382423,-0.550193,-0.813229
-1.815689,-0.279564,-0.947416,0.068519,0.880814,-1.949363,-1.495346,-0.350107,0.000000,5.531965,0.617747,0.014365,2.994525,0.470275,-0.604768,-1.582596,-5.536575,0.664836,-0.413847,-1.450845,1.729771,0.786766,-15.374294,-0.381343,3.153250,0.171730,-0.010064,-0.496090,-0.477349
-2.445179,-1.161029,-1.168948,0.337070,1.018438,-2.169944,-2.209954,0.259478,0.000000,9.264427,1.127756,0.000000,3.034583,-0.034580,-0.847206,-1.741552,-5.486835,1.229857,-0.455411,-1.938034,0.315180,0.144883,-15.442840,-0.051324,3.194507,0.182787,0.176118,-0.469042,-0.309411
-2.831906,-2.709779,-1.335427,-0.068399,0.771061,-2.938431,-2.765611,1.238818,0.000000,14.873255,1.806615,0.000000,3.407377,-1.895315,-0.916138,-1.110357,-4.587323,1.396889,-0.394221,-2.072727,-1.481527,-1.357131,-10.125912,0.501048,2.007286,0.000000,0.582738,-0.216218,0.510467
-2.267766,-2.648085,-1.414928,0.118325,0.992006,-2.733124,-2.314587,1.305429,0.000000,14.655990,1.884656,-0.521219,3.650981,-2.194391,-0.904543,-0.698914,-4.766533,1.224878,-0.494364,-1.882081,-1.535785,-1.289809,-8.904976,0.534426,1.955899,0.042719,0.537157,-0.196199,0.469466
-1.139516,-2.524743,-1.573946,0.491768,1.433897,-2.322554,-1.412582,1.438669,0.000000,14.221621,2.040763,-1.563650,4.138237,-2.792558,-0.881364,0.123945,-5.124998,0.880878,-0.694649,-1.500818,-1.644322,-1.155196,-6.463249,0.601190,1.853146,0.000000,0.446007,-0.156166,0.387471
0.941837,-1.864815,-2.035534,0.118883,1.721810,-1.653048,-0.249858,0.900584,0.000000,11.605871,1.854432,-2.288216,4.706454,-1.781295,-0.636164,1.032804,-4.988840,0.499559,-1.151100,-0.969972,-2.057445,-0.827219,-4.581946,0.632875,1.567894,0.054832,0.402735,-0.025024,0.340112
1.982540,-1.534858,-2.266352,-0.045037,1.865776,-1.318299,0.331506,0.631544,0.000000,10.298032,1.761280,-2.650523,4.990608,-1.275672,-0.513569,1.487252,-4.920784,0.308900,-1.379337,-0.704551,-2.264020,-0.663237,-3.641319,0.648721,1.425274,0.059274,0.381102,0.027032,0.316434
4.104424,-0.977403,-2.728005,-1.588940,1.623833,-0.612850,2.221067,-0.308055,0.000000,7.525021,1.505283,-2.866358,5.394504,0.192972,-0.224894,2.172312,-3.032658,-0.829855,-1.421351,0.231700,-2.737886,-0.464208,-0.704375,0.511028,0.718774,0.000000,0.327141,0.236996,0.413739
4.223228,-1.028528,-2.771543,-1.601573,1.742187,-0.307871,2.599807,-0.540143,0.000000,6.671596,1.335421,-3.049562,5.120441,0.303186,-0.099771,2.192447,-2.558270,-1.030718,-1.275974,0.426567,-2.845269,-0.363149,-0.193149,0.443541,0.666643,0.048845,0.261562,0.261109,0.408176
4.460871,-1.130789,-2.858650,-1.626863,1.978907,0.302076,3.357306,-1.004322,0.000000,4.964912,0.995722,-3.415993,4.572394,0.523615,0.150464,2.232748,-1.609546,-1.432448,-0.985245,0.816302,-3.060073,-0.161023,0.829279,0.308575,0.562392,0.000000,0.130413,0.309340,0.397056
4.221219,-1.492697,-2.747455,-0.473306,2.373125,0.977903,3.597891,-1.110342,-1.087305,3.212166,0.550747,-3.067723,4.535204,0.425832,0.303128,2.166739,-1.199454,-1.319940,-0.404595,0.642859,-2.841588,0.145780,1.439553,0.266816,0.237753,0.085391,0.022337,0.302528,0.369347
4.101426,-1.673663,-2.691873,0.103477,2.570248,1.315828,3.718211,-1.163360,-1.630966,2.335787,0.328246,-2.893606,4.516639,0.376940,0.379462,2.133754,-0.994408,-1.263694,-0.114267,0.556140,-2.732369,0.299184,1.744711,0.245937,0.075432,0.086333,-0.021134,0.299124,0.355494
4.084510,-2.179927,-1.945372,0.999627,2.383147,1.578895,3.625390,-1.030546,-2.280864,-0.897443,0.108516,-2.571163,4.380434,-0.244425,0.281175,1.722309,-0.203794,-0.543318,0.000000,0.415365,-2.209021,0.594388,2.697978,0.214753,0.179457,0.095353,-0.197860,0.291815,0.124390
3.987563,-2.158937,-1.962677,0.762004,2.213979,1.464907,3.203252,-1.038282,-2.244207,-1.814234,0.107846,-2.453291,3.960612,-0.358324,0.245459,1.576498,0.026625,-0.263552,0.000000,0.350903,-2.073179,0.568905,2.712935,0.170976,0.119639,0.085233,-0.215792,0.262899,0.116725
3.793714,-2.116983,-1.997312,0.286753,1.875661,1.236939,2.358988,-1.053771,-2.170916,-3.647888,0.106519,-2.217588,3.120989,-0.586139,0.174030,1.284879,0.487494,0.295994,0.000000,0.221978,-1.801513,0.517958,2.742890,0.083420,0.000000,0.064999,-0.251652,0.205068,0.000000
4.088379,-1.853325,-1.764543,0.185364,1.365274,1.060273,2.063788,-1.097252,-1.805845,-5.297565,0.339830,-2.225122,2.854841,-0.343767,0.096679,1.148236,0.944531,0.799224,0.000000,-0.226700,-1.669706,0.222906,2.996522,0.116516,-0.443119,0.069140,-0.278443,0.197453,0.141306
4.235740,-1.721511,-1.648173,0.134673,1.110098,0.971949,1.916210,-1.118999,-1.623331,-6.122416,0.456473,-2.228902,2.721786,-0.222585,0.080431,1.079926,1.173073,1.050836,0.000000,-0.451034,-1.603824,0.075394,3.123361,0.133066,-0.648755,0.071211,-0.291839,0.193646,0.161263
4.318485,-1.468346,-1.050021,0.446081,0.911047,0.865253,2.188539,-0.705821,-1.222332,-7.821054,0.464162,-2.417614,2.000305,-0.189823,0.000000,0.725201,1.724127,1.431543,0.000000,-1.234241,-0.953188,-0.083713,3.737372,0.193861,-0.161544,0.115201,-0.445704,0.210749,-0.083174
4.008358,-1.380900,-1.058982,0.297385,0.886391,0.830065,1.980726,-0.680159,-1.126872,-7.809889,0.359049,-2.344926,1.651716,0.003618,0.114843,0.567645,1.689765,1.173952,0.022657,-1.246815,-0.787687,-0.079846,3.623426,0.265327,-0.306103,0.113624,-0.470036,0.202281,-0.082333
3.388108,-1.205997,-1.076898,0.000000,0.837077,0.759686,1.565088,-0.628832,-0.935951,-7.787484,0.148854,-2.199548,0.954548,0.390491,0.219250,0.252530,1.621023,0.658780,0.067973,-1.271954,-0.456692,-0.072125,3.395514,0.408254,-0.595209,0.110482,-0.518695,0.185344,-0.080652
2.797843,-1.161660,-0.918500,-0.628781,0.394357,0.609337,1.088189,-0.856982,-0.860755,-7.530022,0.104547,-2.099501,0.647953,0.666423,0.273234,-0.097290,1.765612,0.019816,0.162841,-1.246019,-0.194146,-0.212121,3.530992,0.563716,-1.224000,0.121559,-0.406003,0.171951,0.068569
2.502717,-1.139492,-0.839302,-0.942428,0.173001,0.534164,0.849743,-0.971055,-0.823161,-7.401288,0.082392,-2.049476,0.494663,0.804390,0.300227,-0.272211,1.837915,-0.328385,0.210276,-1.233053,-0.041916,-0.282119,3.598728,0.641446,-1.538389,0.127102,-0.349662,0.165255,0.143181
2.019286,-1.109035,-0.536407,-0.362204,-0.129633,0.258959,1.474933,-1.005228,-0.619182,-6.352830,0.063646,-1.744260,0.073600,-0.306728,0.388794,-0.523579,1.808572,0.000000,0.255367,-1.352954,0.589620,-0.269863,3.679477,0.527433,0.125924,0.183479,-0.204685,0.127862,-0.146833
1.826472,-1.028426,-0.499021,-0.185576,-0.153145,0.211893,1.584838,-1.000594,-0.530525,-5.758649,-0.005013,-1.601902,-0.070834,-0.134413,0.401529,-0.588304,1.706439,-0.135905,0.241908,-1.320858,0.683904,-0.220169,3.567649,0.509211,0.305133,0.183707,-0.178324,0.113814,-0.123540
1.440846,-0.867207,-0.424255,0.167667,-0.200167,0.000000,1.804638,-0.991317,-0.353214,-4.570237,-0.142336,-1.317181,-0.359698,0.210211,0.426996,-0.717726,1.502153,-0.321532,0.214990,-1.256651,0.872464,-0.120781,3.343976,0.472766,0.663535,0.184157,-0.125599,0.085718,-0.076954
0.709280,-0.732686,-0.346750,0.134975,-0.366917,-0.064439,1.112978,-1.089657,-0.187144,-3.053215,-0.254232,-1.234806,-0.616072,1.826505,0.504898,-0.827214,1.559857,-0.697790,0.222480,-1.269767,0.829875,0.117043,3.448063,0.430470,-0.231548,0.168246,-0.017630,0.068244,0.201926
0.353489,-0.665426,-0.307998,0.118628,-0.450290,-0.155541,0.767152,-1.138827,-0.104111,-2.294722,-0.310174,-1.193618,-0.744256,2.634643,0.543850,-0.881952,1.588702,-0.885916,0.246755,-1.276325,0.808586,0.235954,3.500108,0.409322,-0.679080,0.160290,0.024237,0.063354,0.341361
0.000000,-0.667970,-0.240541,0.059279,-0.712622,-0.159901,0.523007,-1.522981,0.207945,-1.999089,-0.167596,-0.926778,-0.724937,-0.282377,0.389901,-0.986266,1.644483,-2.441758,0.000000,-1.117130,0.454339,0.445160,3.315711,0.304320,-0.606745,0.132196,0.066079,0.000000,0.132523
-0.154922,-0.611691,-0.137804,0.095677,-0.700048,-0.143298,0.348669,-1.487489,0.244158,-1.765066,-0.217339,-0.832845,-0.713807,-0.902851,0.389838,-1.017737,1.579276,-1.932571,0.053439,-1.052557,0.374462,0.526935,3.223312,0.291187,-0.451663,0.121434,0.075826,-0.043820,0.056013
-0.494719,-0.499137,0.000000,0.168473,-0.674909,-0.110094,0.000000,-1.416521,0.316586,-1.297048,-0.316834,-0.644993,-0.691549,-2.143790,0.389717,-1.080704,1.448879,-0.914238,0.098735,-0.923423,0.214720,0.690497,3.038557,0.264925,-0.141510,0.099912,0.095323,0.000000,-0.096995
-0.873151,-0.467190,0.452357,0.102969,-0.537293,-0.212102,-0.669298,-0.947194,0.322613,-0.601858,-0.456664,-0.634634,-0.834344,-1.655541,0.562023,-1.213118,1.292273,-0.700343,0.497488,-0.827579,0.345781,1.048535,3.026997,0.264267,0.000554,0.111619,0.137961,-0.091933,-0.075283
-1.062348,-0.451209,0.644694,0.070213,-0.468475,-0.263103,-1.007427,-0.712514,0.325622,-0.254253,-0.526580,-0.629442,-0.905721,-1.411386,0.648166,-1.279312,1.213947,-0.593381,0.696857,-0.779642,0.411308,1.227535,3.021157,0.263933,0.047727,0.117470,0.159277,-0.109349,-0.064425
-0.942744,-0.192505,1.176717,-0.199015,-0.378132,-0.545570,-1.137173,-0.141136,0.449150,-0.192043,-0.792441,-0.435134,-1.157656,-0.547414,0.849474,-1.641816,1.278844,-0.164452,1.449750,-0.283688,0.683439,1.790610,3.342825,0.254227,0.412287,0.193997,0.201687,0.000000,-0.060749
-0.852905,-0.030538,1.173679,-0.207718,-0.316270,-0.559999,-1.038720,-0.016074,0.465114,-0.243363,-0.928020,-0.204827,-1.011141,-0.401327,0.734131,-1.601791,1.280388,0.047650,1.625346,-0.141677,0.614429,1.709276,3.092024,0.050697,0.382484,0.187889,0.170334,-0.089961,-0.086669
-0.673215,0.293364,1.167583,-0.225117,-0.192543,-0.588845,-0.841796,0.234039,0.497033,-0.345984,-1.199147,0.255779,-0.718106,0.000000,0.503439,-1.521701,1.283453,0.471843,1.976492,0.000000,0.476404,1.546586,2.590382,-0.356352,0.322874,0.175661,0.107631,0.000000,0.000000
-0.562037,0.530741,1.036133,-0.115167,0.362573,-0.478039,-0.935318,1.534928,0.457080,-0.389278,-1.124740,0.500937,-0.394727,0.241357,0.229713,-1.303864,1.157695,0.402949,1.342423,-0.071715,0.456403,1.531264,1.912129,-0.629705,0.487171,0.208558,0.068648,-0.137390,-0.014397
-0.506451,0.649421,0.970406,-0.040128,0.640127,-0.422636,-0.982071,2.185364,0.437108,-0.410926,-1.087534,0.623514,-0.233041,0.416614,0.092853,-1.194939,1.094814,0.368501,1.025394,-0.178745,0.446405,1.523602,1.573014,-0.766379,0.569319,0.225002,0.023060,-0.135570,0.031772
-0.526719,0.936298,0.659332,-0.069518,0.101377,-0.267710,-1.198122,1.716522,0.081187,-0.486740,0.140613,0.842630,0.274998,0.671723,-1.212711,-1.177076,0.943258,0.234526,-0.327819,-0.066726,-0.144318,1.962635,0.638926,-0.345226,0.803469,0.165671,0.000000,-0.115527,0.196765
-0.600630,0.967087,0.572049,-0.097660,-0.054866,-0.226669,-1.337402,1.404898,-0.032307,-0.445542,0.519201,0.899557,0.355725,0.696217,-1.406044,-1.197472,0.898631,0.209995,-0.190590,0.150757,-0.277196,1.943973,0.564998,-0.350756,0.661147,0.144790,0.001843,-0.047674,0.172037
-0.748460,1.028670,0.397494,-0.153945,-0.367349,-0.144592,-1.615971,0.781680,-0.259291,-0.363152,1.276377,1.013421,0.517182,0.745225,-1.792722,-1.238295,0.809385,0.160936,0.000000,0.585718,-0.542946,1.906678,0.417155,-0.361822,0.376516,0.000000,0.000000,0.088029,0.000000
-0.831188,1.272954,0.225459,-0.211538,-0.294500,-0.089553,-1.877852,0.631898,-0.382733,-0.220729,1.437312,1.146425,0.565033,0.705718,-1.799764,-1.125211,0.768512,0.103258,0.071534,0.992712,-0.862379,1.661989,0.526378,-0.417588,0.336786,0.144267,0.056601,0.049437,-0.108552
-0.872556,1.395103,0.139442,-0.240336,-0.258075,-0.041355,-2.008803,0.557010,-0.444458,-0.149514,1.517788,1.212937,0.588964,0.685965,-1.803296,-1.068671,0.748079,0.049612,0.065372,1.196210,-1.022100,1.539660,0.580987,-0.445475,0.316923,0.164881,0.067571,-0.027145,-0.224123
-0.895685,1.577516,0.100626,-0.384771,-0.118684,-0.068786,-2.037116,0.376980,-0.570603,-0.123242,1.365724,1.140221,0.586413,0.569358,-1.461507,-0.778337,0.616993,0.066148,0.232814,1.194993,-1.169285,1.381192,0.584289,0.192224,0.246352,0.244132,0.123866,0.000000,-0.157796
-0.851873,1.542558,0.154483,-0.418220,-0.172337,-0.099648,-1.928008,0.209716,-0.578249,-0.208806,1.270717,1.054798,0.511371,0.576209,-1.240305,-0.679044,0.537071,0.006475,0.183961,1.160310,-1.029150,1.387563,0.587395,0.371014,0.164236,0.231838,0.141020,-0.023026,-0.127647
-0.764246,1.472640,0.262198,-0.485121,-0.279646,-0.161374,-1.709782,-0.124821,-0.593551,-0.379935,1.080751,0.883951,0.361294,0.589910,-0.797883,-0.480461,0.377233,0.000000,0.000000,1.090944,-0.748877,1.400310,0.593609,0.728599,0.000000,0.207236,0.175336,0.000000,0.000000
-0.674310,1.367380,0.464467,-0.613830,-0.452927,-0.280153,-1.481976,-0.280920,-0.632706,-0.611714,0.546196,0.689112,0.135750,0.645110,-0.542633,-0.302875,0.259936,-0.069110,-0.066456,0.926475,-0.349789,1.368219,0.653031,0.663275,-0.153697,0.188591,0.166012,0.067215,-0.133675
-0.629338,1.314742,0.565603,-0.678185,-0.539570,-0.339543,-1.368065,-0.358972,-0.652283,-0.727600,0.278902,0.591689,0.015315,0.672717,-0.415002,-0.214075,0.201286,-0.031486,-0.142812,0.844233,-0.177747,1.352164,0.682747,0.630610,-0.245083,0.179264,0.161351,0.064503,-0.166839
-0.555165,1.273793,0.722536,-0.515432,-0.387990,-0.341078,-0.989124,-0.328651,-0.720703,-0.813404,-0.999922,0.349683,-0.236449,0.592215,-0.084459,-0.138088,0.205861,-0.178021,-0.289525,0.783662,0.000000,1.509929,0.767025,0.497920,-0.357363,0.157057,0.114492,0.130753,-0.295898
-0.465935,1.228453,0.769179,-0.444895,-0.283629,-0.323010,-0.879080,-0.219099,-0.683820,-0.860955,-1.277727,0.297184,-0.290635,0.576513,0.272240,-0.173648,0.194834,-0.225213,-0.072978,0.840124,0.004095,1.525888,0.680739,0.478050,-0.366263,0.160415,0.118193,0.161150,-0.278773
-0.287480,1.137788,0.862472,-0.303828,-0.074910,-0.286878,-0.659008,0.000000,-0.610061,-0.956076,-1.833344,0.192194,-0.399007,0.545116,0.985634,-0.244771,0.172776,-0.319602,0.360105,0.953060,0.000000,1.557833,0.508177,0.438318,-0.384066,0.167139,0.125593,0.221945,-0.244528
-0.429048,1.102315,0.889563,-0.400145,0.081929,-0.407221,-0.594005,0.421759,-0.588306,-0.743262,-2.498248,0.107501,-0.471832,0.413279,1.330196,-0.293998,0.136888,-0.187805,0.993606,1.071402,0.104059,1.449203,0.314495,0.106126,-0.513722,0.119897,0.085591,0.154914,-0.244686
-0.499835,1.084582,0.903114,-0.448309,0.160347,-0.467395,-0.561507,0.695704,-0.577433,-0.636861,-2.830719,0.113976,-0.508244,0.347361,1.502485,-0.318615,0.118946,-0.121905,1.310367,1.130579,0.108674,1.394898,0.217658,-0.059972,-0.578554,0.069628,0.010180,0.121399,-0.244766
-0.560133,0.737129,0.670071,-0.468362,-0.191798,-0.546323,-0.390149,0.000000,-0.383700,-0.364524,-2.363016,0.000000,-0.501841,0.319547,-0.507172,-0.313069,0.062929,-0.209203,1.260147,0.996548,0.100320,0.933003,-0.315362,-0.474882,-0.646861,0.000000,0.000000,-0.081033,-0.232900
-0.573333,0.643536,0.613868,-0.408365,-0.215873,-0.548268,-0.290055,-0.108481,-0.307908,-0.266320,-2.135816,0.012313,-0.506968,0.285343,-0.703195,-0.297099,0.077815,-0.251997,0.978683,0.876332,0.156588,0.806051,-0.420251,-0.464143,-0.609748,-0.026651,-0.057426,-0.095337,-0.232659
-0.599739,0.456348,0.501460,-0.288370,-0.264022,-0.552158,-0.089865,-0.473673,-0.156322,-0.069891,-1.681405,0.000000,-0.517224,0.216938,-1.095246,-0.265153,0.000000,-0.337587,0.415744,0.635897,0.269125,0.552160,-0.630075,-0.442664,-0.535521,0.000000,-0.071640,0.000000,-0.232175
-0.661965,0.381845,0.356629,-0.229392,-0.256930,-0.493815,-0.008886,-0.679623,-0.119839,0.148053,-1.533106,-0.117454,-0.512105,0.186348,-1.093938,-0.268263,0.035863,-0.331254,0.113010,0.359549,0.320833,0.381392,-0.642547,-0.349153,-0.362612,0.030549,-0.081618,-0.080203,-0.219097
-0.693077,0.344592,0.284210,-0.199902,-0.253383,-0.464642,0.000000,-0.782600,-0.101596,0.257032,-1.458956,-0.121419,-0.509545,0.171056,-1.093283,-0.269815,0.000000,-0.328088,0.000000,0.221368,0.346687,0.296015,-0.648779,-0.302396,-0.276156,0.000000,-0.086612,0.000000,-0.212558
-0.630535,0.248341,0.151385,-0.129701,-0.158981,-0.300870,0.003449,-0.746875,-0.033592,0.346567,-1.215020,-0.262355,-0.433659,0.136478,-0.988761,-0.297849,0.053376,-0.443956,0.172168,-0.072500,0.271164,0.127250,-0.547177,-0.067944,-0.132108,0.038926,-0.000001,-0.066346,-0.128366
-0.521818,0.240025,0.168706,-0.042754,-0.060159,-0.219095,-0.044068,-0.623038,-0.005881,0.280790,-1.137689,-0.324523,-0.365025,0.224044,-0.834756,-0.318235,0.053628,-0.450377,0.177668,0.013377,0.207651,0.084835,-0.531960,0.007810,-0.178567,-0.000507,0.049958,-0.009532,-0.128371
-0.304383,0.223392,0.203348,0.131135,0.137477,0.000000,-0.079338,-0.375363,0.083126,0.000000,-0.983023,-0.448836,-0.227751,0.399174,-0.526750,-0.358985,0.081773,-0.463212,0.137515,0.185138,0.080630,0.000000,-0.501534,0.159307,-0.271478,-0.060841,0.000000,0.000000,-0.128382
0.025284,0.171849,0.229578,0.322938,0.342598,0.161146,-0.064848,-0.084076,0.136544,-0.410026,-0.847159,-0.566138,-0.141788,0.591493,-0.175580,-0.433521,0.097008,-0.480109,-0.094410,0.306613,0.035667,0.017565,-0.353426,0.117157,-0.248514,-0.033707,0.033154,0.051165,-0.173128
0.190118,0.146078,0.242690,0.418837,0.445157,0.269493,-0.045759,0.061565,0.163252,-0.689651,-0.779226,-0.624784,-0.098809,0.687656,-0.015414,-0.470784,0.149465,-0.488557,-0.210370,0.367352,0.008792,0.012994,-0.244793,0.096082,-0.268956,0.009292,-0.000818,0.079100,-0.195500
0.499520,0.076412,0.127782,0.709960,0.747235,0.609903,0.000000,0.364295,0.196506,-1.100048,-0.562652,-0.600152,-0.067033,0.617878,0.254612,-0.575374,0.000000,-0.667690,-0.339815,0.223176,0.096810,-0.125688,0.000000,0.000000,0.000000,0.000000,0.000000,0.000000,-0.122099
0.547798,0.007758,0.056165,0.751544,0.753858,0.680956,0.060750,0.350349,0.182997,-1.159319,-0.411686,-0.562385,-0.086371,0.327480,0.228333,-0.600046,-0.000156,-0.549106,-0.342272,0.118848,0.142330,-0.164545,0.105950,0.010007,-0.071445,0.037082,0.043871,0.085631,-0.126453
0.644353,-0.129552,-0.087072,0.834710,0.767101,0.823068,0.204320,0.322463,0.155977,-1.277857,-0.109747,-0.486851,0.000000,-0.253321,0.175789,-0.649387,0.000000,-0.311936,-0.347187,-0.089816,0.233372,-0.242293,0.214127,0.092108,-0.118560,0.000000,0.097430,0.119312,0.000000
0.572580,-0.177238,-0.280859,0.749636,0.638755,0.757004,0.459027,0.294756,0.169295,-0.981387,0.114532,-0.347091,-0.084742,-0.706881,0.094049,-0.561282,-0.108655,-0.046791,-0.390912,-0.271810,0.244689,-0.334370,0.249046,0.180700,-0.116559,0.027093,0.099213,0.140209,-0.122106
0.536676,-0.201079,-0.377748,0.707084,0.574569,0.723957,0.586375,0.280899,0.175952,-0.833136,0.226671,-0.277205,-0.043060,-0.933651,0.056197,-0.517222,-0.130679,0.085784,-0.412768,-0.362804,0.250342,-0.380409,0.266504,0.224994,-0.115556,-0.011506,0.100109,0.150655,-0.115578
0.196092,-0.188533,-0.652777,0.107121,0.256769,0.407357,0.553956,0.310209,0.231569,0.566322,0.265498,-0.172594,-0.188255,-0.868053,0.000000,-0.280280,0.000000,-0.803991,-0.327822,-0.713933,0.148475,-0.349939,0.340229,0.278426,0.125544,0.000000,0.099570,0.131840,-0.181767
0.308375,-0.105018,-0.690345,-0.113872,0.212772,0.384722,0.223828,0.326992,0.225046,0.751162,0.208075,-0.151795,-0.165630,-1.020639,0.064711,-0.254081,-0.051172,-0.581340,-0.291402,-0.746321,0.057098,-0.281882,0.336090,0.288634,0.128403,-0.024236,0.116168,0.121420,-0.171965
0.532928,0.062015,-0.765453,-0.555843,0.124768,0.339440,-0.436422,0.360547,0.211992,1.120804,0.093222,-0.110190,-0.120379,-1.325762,0.131883,-0.201672,0.000000,-0.136029,-0.218552,-0.811066,-0.125660,0.000000,0.327832,0.309038,0.134116,0.000000,0.149368,0.100578,-0.152356
0.587119,0.052689,-0.578246,-0.560019,0.139726,0.351847,-0.218958,0.472362,0.056364,1.285169,-0.024528,-0.093200,0.047459,-1.379924,0.174682,-0.211710,-0.061770,0.245353,-0.149671,-0.630647,-0.264001,0.084269,0.204933,0.417051,0.035208,0.017882,0.196798,-0.009222,-0.094083
0.614213,0.032018,-0.484645,-0.562109,0.147205,0.358051,-0.110228,0.528270,-0.014299,1.367350,-0.083404,-0.084701,0.131377,-1.407005,0.196081,-0.216725,-0.045803,0.436041,-0.115231,-0.540438,-0.333174,0.199282,0.095433,0.471057,-0.009497,0.039548,0.220513,-0.042748,-0.043299
0.548345,-0.206485,-0.228146,-0.489592,0.189313,0.350873,0.269950,0.640626,-0.285289,1.005037,-0.104146,0.000000,0.284448,-1.089208,0.102775,-0.236954,-0.111979,0.151602,0.000000,-0.358860,-0.359191,0.158411,0.000000,0.430732,0.082072,0.000000,0.261203,-0.120868,0.122007
0.574211,-0.242868,-0.180754,-0.372049,0.218575,0.357664,0.528062,0.655903,-0.333206,0.694825,-0.140531,-0.005777,0.276151,-0.766309,0.143430,-0.238787,-0.144866,0.100143,0.018216,-0.327899,-0.264740,0.063473,-0.090000,0.324916,0.138578,0.042106,0.281727,-0.100993,0.137258
0.625893,-0.315602,-0.085958,-0.136943,0.277069,0.371209,1.044190,0.686388,-0.428996,0.074379,-0.213274,0.083682,0.259529,-0.120467,0.224717,-0.242428,-0.210616,0.000000,0.000000,-0.265940,-0.075828,-0.126427,-0.125852,0.113269,0.251570,0.087357,0.322738,-0.061235,0.167743
0.741968,-0.284005,-0.144105,0.269207,0.366267,0.428847,1.608484,0.631580,-0.450799,-0.764002,-0.308259,0.084583,0.186890,0.024104,0.290759,-0.220473,-0.230370,1.138601,0.144927,-0.341725,0.044937,-0.166017,-0.118959,0.058281,0.083860,0.208195,0.388926,-0.020413,0.074113
0.800010,-0.288143,-0.173181,0.472296,0.410869,0.457668,1.890651,0.604175,-0.461703,-1.183224,-0.355750,0.085033,0.150567,0.096399,0.323785,-0.209496,-0.240250,1.709329,0.168585,-0.379623,0.131889,-0.145602,-0.115496,0.020522,0.004091,0.268622,0.422021,-0.009806,0.018196
0.718562,0.000000,-0.377856,0.109398,0.099081,0.199975,1.021007,0.573309,-0.373613,-1.625381,-0.712612,-0.169587,0.103682,1.016137,0.331628,-0.153770,-0.204931,0.905969,0.242031,-0.694262,0.000000,0.000000,-0.231200,0.535680,-0.315020,0.560266,0.596799,0.000000,-0.119084
0.633653,-0.019937,-0.357019,0.121623,0.106558,0.183116,0.850799,0.532997,-0.369069,-1.441835,-0.694335,-0.225802,0.117686,0.945707,0.390109,-0.149094,-0.176266,0.553313,0.217541,-0.643950,-0.034983,0.128186,-0.195026,0.721184,-0.260226,0.556571,0.546107,-0.079481,-0.115605
0.463831,0.000000,-0.315344,0.000000,0.000000,0.149394,0.510377,0.452374,-0.359980,-1.074743,-0.657780,-0.338231,0.145698,0.804847,0.507069,-0.139746,0.000000,-0.152013,0.168559,-0.543322,-0.184646,0.263941,-0.122675,1.092198,-0.150637,0.549179,0.444718,-0.261190,-0.108645
0.500364,0.189531,-0.322369,0.045650,0.040504,0.109855,0.384069,0.378246,-0.236572,-0.893366,-0.626780,-0.355257,0.097307,0.558661,0.470757,-0.110158,0.047079,-0.306341,0.126294,-0.456502,-0.225069,0.214934,0.015923,1.323500,-0.009015,0.471307,0.337108,-0.371695,-0.036215
0.518641,0.238169,-0.325889,-0.003044,-0.009400,0.117424,0.320919,0.341190,-0.174870,-0.802694,-0.611292,-0.363778,0.087390,0.435571,0.452610,-0.095369,0.130089,-0.383509,0.105164,-0.413100,-0.245291,0.190431,0.085238,1.439189,0.039399,0.432376,0.283308,-0.426957,-0.018948
0.377889,0.076469,-0.253422,-0.126363,-0.083287,0.000000,0.297672,0.328167,-0.211113,-0.624153,-0.364481,-0.310248,0.000000,0.334777,0.232764,-0.087113,0.244002,0.207730,0.196691,-0.333542,-0.337254,0.084192,0.202489,1.175877,0.000000,0.205072,0.242887,-0.196554,0.123507
0.359978,0.008301,-0.240998,-0.143272,-0.098691,0.050439,0.294156,0.301890,-0.206327,-0.616819,-0.251696,-0.293197,0.014280,0.329755,0.188295,-0.095242,0.247310,0.295413,0.235971,-0.283985,-0.356820,0.056130,0.163281,1.101185,-0.123036,0.182717,0.267536,-0.159726,0.180279
0.324153,-0.128031,-0.216150,-0.177097,-0.129499,0.069300,0.287122,0.249337,-0.196755,-0.602158,0.000000,-0.259093,0.000000,0.319710,0.099364,-0.111493,0.253925,0.470771,0.314527,-0.184868,-0.395951,0.000000,0.084868,0.951800,-0.301911,0.000000,0.316828,0.000000,0.293819
0.294562,-0.086864,-0.208162,-0.155970,-0.118051,0.067274,0.228703,0.224089,-0.109278,-0.425478,0.073018,-0.274184,0.007564,0.182557,0.033120,-0.132023,0.250889,0.326665,0.204089,-0.102775,-0.450515,0.001091,0.003901,0.607856,-0.439096,0.074804,0.286731,0.041295,0.374015
0.279765,-0.073915,-0.204169,-0.145407,-0.112327,0.056817,0.199496,0.211465,-0.034125,-0.337142,0.122596,-0.281729,0.003207,0.129053,0.001502,-0.142285,0.249366,0.254612,0.148871,-0.041154,-0.477799,0.033092,-0.039452,0.435887,-0.507686,0.064223,0.271684,0.104979,0.414113
0.252733,0.000000,-0.133378,-0.132512,-0.092887,0.000000,0.163604,0.279620,0.000000,-0.139344,0.221676,-0.264730,0.000000,0.000000,0.000000,-0.138228,0.265802,0.101347,0.092558,0.151634,-0.476182,0.079125,0.000000,0.100438,-0.549893,0.000000,0.148164,0.125160,0.373130
0.256208,-0.039315,-0.143368,-0.144969,-0.109172,-0.033187,0.133357,0.221880,0.083338,-0.112414,0.311293,-0.256827,-0.059547,0.019012,-0.082596,-0.131167,0.266875,0.129328,0.113286,0.158092,-0.458337,0.075936,0.007159,0.021788,-0.520123,0.064607,0.133603,0.109749,0.295719
0.263147,0.000000,-0.163342,-0.169878,-0.141738,-0.071227,0.072858,0.106393,0.155764,-0.058553,0.490514,-0.241018,-0.120721,0.000000,-0.163321,-0.117040,0.269020,0.185285,0.000000,0.170998,-0.422631,0.069577,0.066689,-0.135508,-0.460563,0.087553,0.000000,0.078923,0.140890
0.227500,-0.082645,-0.146090,-0.137360,-0.140087,-0.083822,0.069648,0.009765,0.200129,0.065966,0.624556,-0.217350,-0.178432,-0.018539,-0.195020,-0.098667,0.255355,0.211535,0.113744,0.197092,-0.337214,0.072277,0.123721,-0.235465,-0.343806,0.141887,0.034827,0.026307,-0.021931
0.209673,-0.076443,-0.137462,-0.121097,-0.139259,-0.090117,0.082505,-0.025699,0.222306,0.128222,0.691564,-0.205513,-0.207284,-0.022486,-0.210865,-0.130188,0.248519,0.224652,0.117735,0.210136,-0.294501,0.073612,0.152233,-0.285435,-0.299264,0.169049,-0.035655,0.006526,-0.103341
0.165276,-0.145501,-0.149478,-0.104276,-0.114991,-0.102410,0.000000,0.000000,0.185452,0.169911,0.793679,-0.189117,-0.260548,-0.067429,-0.254978,0.000000,0.250235,0.122843,0.000000,0.154502,-0.247906,0.194871,0.207636,-0.221308,0.000000,0.110149,0.000000,0.000000,-0.214576
0.175436,-0.166878,-0.132742,-0.117582,-0.117236,-0.112221,0.062577,0.043100,0.166724,0.107803,0.789702,-0.196418,-0.265409,-0.043619,-0.262885,-0.040707,0.236639,0.121558,0.051573,0.056215,-0.210482,0.208020,0.202712,-0.179953,0.026927,0.120077,0.006492,-0.067079,-0.191201
0.195753,-0.209629,-0.099271,-0.144195,-0.121726,-0.131843,0.000000,0.000000,0.129268,0.000000,0.781745,-0.211023,-0.275134,0.000000,-0.278695,0.000000,0.209456,0.118989,0.081241,0.000000,-0.135644,0.234365,0.192878,-0.097248,0.122314,0.000000,0.000000,0.000000,-0.144454
0.191009,-0.221416,-0.058936,-0.139309,-0.118241,-0.139958,0.071611,0.090491,0.086795,-0.069157,0.734967,-0.187558,-0.248075,0.029124,-0.263146,0.015417,0.191021,0.120448,0.109846,-0.121157,-0.094537,0.174087,0.175986,-0.032417,0.072153,0.070954,0.011688,-0.111406,-0.084402
0.238072,-0.227309,0.008897,-0.136866,-0.116499,-0.144016,0.117503,0.087491,0.065559,-0.112212,0.711577,-0.175826,-0.234544,0.027788,-0.255370,0.064911,0.181798,0.121178,0.124148,-0.111558,-0.053862,0.143939,0.167555,-0.007183,0.052722,-0.012499,0.013594,-0.101167,-0.076691
0.000000,-0.230546,0.000000,-0.092050,-0.081886,-0.151937,0.000000,0.000000,0.000000,0.000000,0.567152,-0.136505,-0.195536,0.000000,-0.224882,0.000000,0.166355,0.077136,0.113735,-0.093263,0.000000,0.000000,0.146195,0.000000,0.000000,0.000000,0.000000,-0.112323,0.000000
0.030904,-0.212096,0.077781,-0.082148,-0.078082,-0.143836,0.049304,0.039705,0.006361,0.018215,0.528707,-0.112070,-0.203843,-0.000122,-0.210535,0.076212,0.157561,0.071155,0.103791,-0.110178,0.051755,-0.035143,0.166172,0.003926,0.047683,-0.065523,0.010367,-0.095742,-0.081397
0.000000,-0.175206,0.000000,-0.062351,-0.070477,-0.127638,0.000000,0.000000,0.000000,0.104672,0.451829,-0.063207,-0.220464,0.000000,-0.181857,0.000000,0.139973,0.059196,0.083905,0.000000,0.094894,-0.147337,0.206131,0.000000,0.079025,-0.086140,0.000000,-0.062586,0.000000
-0.068282,-0.114867,0.096019,-0.037826,-0.044967,-0.107785,-0.047353,-0.030118,0.010753,0.143444,0.316478,-0.044913,-0.223669,-0.075391,-0.130775,0.057509,0.123434,0.059227,0.075318,-0.093561,0.167009,-0.198543,0.224310,-0.017408,0.065245,-0.075319,0.057136,-0.013114,-0.048336
-0.074627,-0.067352,0.079470,-0.017042,-0.021475,-0.097858,-0.123543,-0.065564,-0.035298,0.162829,0.248803,-0.015346,-0.225271,-0.062642,-0.126758,0.022092,0.115163,0.039495,0.080966,-0.068335,0.203065,-0.224149,0.233406,-0.079529,0.038122,-0.030431,0.055508,0.046502,0.028374
-0.074533,0.000000,0.127689,0.000000,0.000000,-0.084542,0.000000,0.000000,0.000000,0.135013,0.000000,0.000000,-0.199514,0.000000,0.000000,0.000000,0.084845,0.000000,0.000000,0.000000,0.260875,-0.143462,0.246996,0.000000,0.000000,0.000000,0.000000,0.000000,0.000000
-0.097180,0.043325,0.130440,0.048927,0.023973,-0.076506,-0.081737,-0.034837,-0.056506,0.115695,-0.053163,0.005290,-0.197628,-0.031589,0.018333,-0.031481,0.085589,0.019282,0.060090,-0.010033,0.239246,-0.069261,0.264266,-0.015230,-0.060505,0.055016,0.055409,0.062931,0.066560
0.000000,0.077941,0.135941,0.000000,0.000000,-0.060434,0.000000,0.000000,-0.076423,0.077063,-0.161682,0.000000,-0.193854,0.000000,0.000000,0.000000,0.087078,0.000000,0.000000,0.000000,0.195987,0.079203,0.298819,0.078782,-0.179188,0.116527,0.062498,0.072530,0.092424
-0.047492,0.143610,0.104328,0.064936,0.052229,-0.055042,-0.070334,-0.065059,-0.069265,0.070605,-0.246766,-0.023908,-0.194174,-0.002342,0.107203,-0.071392,0.090863,0.016946,0.056723,-0.027563,0.141163,0.194538,0.308117,0.123867,-0.250021,0.129438,0.079207,0.043796,0.075622
-0.019910,0.176444,0.112100,0.076810,0.054355,-0.046893,-0.083061,-0.035452,-0.079175,0.086395,-0.289303,-0.020699,-0.194329,0.016187,0.101025,-0.080884,0.092752,-0.029701,0.030250,-0.024010,0.133824,0.252223,0.312757,0.146408,-0.285432,0.159948,0.087562,0.019618,0.044813
0.000000,0.223758,0.000000,0.000000,0.000000,0.000000,0.000000,-0.068710,0.000000,0.000000,-0.372913,0.000000,-0.172320,0.000000,0.156374,0.000000,0.093515,0.000000,0.000000,-0.070766,0.000000,0.305963,0.273108,0.073421,-0.200929,0.000000,0.077079,0.000000,0.000000
-0.017712,0.231323,0.035316,0.063514,0.059437,-0.011997,-0.087459,-0.075119,-0.074474,0.089519,-0.389363,0.043701,-0.147356,0.030598,0.174117,-0.074556,0.092313,-0.037329,0.042251,-0.077148,-0.015379,0.275099,0.236201,0.083321,-0.164439,-0.007980,0.098351,0.025376,0.021659
0.000000,0.246456,0.000000,0.062195,0.000000,0.000000,0.000000,-0.087936,0.000000,0.000000,-0.422278,0.085242,-0.097430,0.000000,0.209612,0.000000,0.089914,0.000000,0.000000,-0.089914,0.000000,0.213408,0.162405,0.000000,-0.091467,-0.096107,0.000000,0.106588,0.000000
-0.050070,0.244893,0.006979,0.063636,0.064765,-0.003594,-0.093691,-0.095911,-0.084298,0.096167,-0.459582,0.113298,-0.047710,0.024050,0.225452,-0.063638,0.078098,-0.041042,0.034402,-0.106905,-0.061206,0.164908,0.096977,0.065526,0.010538,-0.154006,0.064787,0.135660,-0.069037
0.000000,0.246456,0.000000,0.062195,0.000000,0.000000,0.000000,-0.087936,0.000000,0.000000,-0.422278,0.085242,-0.097430,0.000000,0.209612,0.000000,0.089914,0.000000,0.000000,-0.089914,0.000000,0.213408,0.162405,0.000000,-0.091467,-0.096107,0.000000,0.106588,0.000000
